Year,MNO,RFNSA ID,Latitude,Longitude,LTE700,LTE850,LTE1800,LTE2100,NR700,NR1800,NR2100,NR3600,NR26000,Co_funded,Co_contribution_program,Round
2026,TPG,800002,-12.465,130.8425,,Y,Y,Y,Y,,,,,,,
2026,TPG,800003,-12.46072,130.83859,,Y,Y,Y,Y,,,,,,,
2026,TPG,800006,-12.45896,130.83693,,Y,Y,Y,Y,,,,,,,
2026,TPG,800007,-12.46352,130.8437,,Y,Y,Y,Y,,,,,,,
2026,TPG,800020,-12.4654,130.84713,,Y,Y,Y,,,,,,,,
2026,TPG,810001,-12.38376,130.85708,,Y,Y,Y,,,,,,,,
2026,TPG,810002,-12.35583,130.88167,,Y,Y,Y,Y,,,,,,,
2026,TPG,810003,-12.372949,130.881831,,Y,Y,,,,Y,,,,,
2026,TPG,810003,-12.37569,130.88187,,Y,Y,Y,Y,,,,,,,
2026,TPG,810005,-12.38933,130.849,,Y,Y,Y,,,,,,,,
2026,TPG,810006,-12.3739,130.86738,,Y,Y,Y,,,,,,,,
2026,TPG,810007,-12.3867,130.885,,Y,Y,Y,Y,,,,,,,
2026,TPG,810012,-12.39311,130.8694,,Y,Y,,,,,,,,,
2026,TPG,810013,-12.40055,130.85414,,Y,Y,Y,Y,,,,,,,
2026,TPG,812001,-12.39844,130.88957,,Y,Y,Y,Y,,,,,,,
2026,TPG,812002,-12.38594,130.91213,,Y,Y,Y,Y,,,,,,,
2026,TPG,812004,-12.4152,130.91917,,Y,Y,Y,,,,,,,,
2026,TPG,812006,-12.40528,130.87929,,Y,Y,,,,,,,,,
2026,TPG,812007,-12.37106,130.90663,,Y,Y,Y,,,,,,,,
2026,TPG,812008,-12.40377,130.90959,,Y,Y,Y,Y,,,,,,,
2026,TPG,820004,-12.43401,130.85272,,Y,Y,Y,Y,,,,,,,
2026,TPG,820009,-12.45105,130.82709,,Y,Y,Y,,,,,,,,
2026,TPG,820010,-12.43518,130.84184,,Y,Y,Y,,,,,,,,
2026,TPG,820011,-12.42414,130.8526,,Y,Y,,,,,,,,,
2026,TPG,820012,-12.44799,130.83986,,Y,Y,Y,,,,,,,,
2026,TPG,820014,-12.42697,130.89951,,Y,Y,,,,,,,,,
2026,TPG,820017,-12.42609,130.87734,,Y,Y,Y,Y,,,,,,,
2026,TPG,828003,-12.47615,130.9183,,Y,Y,Y,,,,,,,,
2026,TPG,828004,-12.43342,130.91819,,Y,Y,Y,Y,,,,,,,
2026,TPG,828006,-12.43801,130.949,,Y,Y,Y,,,,,,,,
2026,TPG,829002,-12.43633,130.97487,,Y,Y,Y,,,,,,,,
2026,TPG,829003,-12.476,131.00366,,Y,Y,Y,Y,,,,,,,
2026,TPG,830001,-12.49347,130.98685,,Y,Y,Y,,,,,,,,
2026,TPG,830004,-12.51044,130.96465,,Y,Y,Y,,,,,,,,
2026,TPG,830010,-12.47197,130.98297,,Y,Y,Y,Y,,,,,,,
2026,TPG,830013,-12.47825,130.98536,,Y,Y,Y,Y,,,,,,,
2026,TPG,832001,-12.5153,130.9911,,Y,Y,Y,,,,,,,,
2026,TPG,832002,-12.4906,131.0001,,Y,Y,Y,,,,,,,,
2026,TPG,835001,-12.48255,131.07384,,Y,Y,Y,Y,,,,,,,
2026,TPG,835002,-12.50011,131.03237,,Y,Y,Y,,,,,,,,
2026,TPG,835006,-12.52927,131.04806,,Y,Y,Y,,,,,,,,
2026,TPG,835007,-12.49556,131.0167,,Y,Y,Y,,,,,,,,
2026,TPG,836001,-12.56944,131.09889,,Y,Y,Y,Y,,,,,,,
2026,TPG,836002,-12.55419,131.15106,,Y,Y,Y,,,,,,,,
2026,TPG,836004,-12.61324,131.15175,,Y,Y,Y,,,,,,,,
2026,TPG,2000003,-33.86984,151.20452,,Y,Y,Y,Y,,Y,Y,,,,
2026,TPG,2000006,-33.87492,151.20596,,Y,Y,Y,,,,,,,,
2026,TPG,2000008,-33.875028,151.207071,,Y,Y,Y,,,Y,,,,,
2026,TPG,2000008,-33.87459,151.20693,,Y,Y,Y,,,,,,,,
2026,TPG,2000015,-33.87172,151.20368,,Y,Y,Y,,,Y,,,,,
2026,TPG,2000017,-33.86852,151.20807,,Y,Y,Y,Y,,Y,Y,,,,
2026,TPG,2000019,-33.86528,151.20703,,Y,Y,Y,,,Y,Y,,,,
2026,TPG,2000022,-33.87812,151.20446,,Y,Y,Y,Y,,Y,Y,,,,
2026,TPG,2000023,-33.87225,151.20623,,Y,Y,Y,Y,,Y,Y,,,,
2026,TPG,2000024,-33.87434,151.21368,,Y,,Y,,,,,,,,
2026,TPG,2000026,-33.86043,151.20618,,Y,Y,Y,,,,,,,,
2026,TPG,2000027,-33.85947,151.20753,,Y,Y,Y,,,,,,,,
2026,TPG,2000031,-33.880765,151.202969,,,Y,Y,,,,,,,,
2026,TPG,2000037,-33.86006,151.20906,,Y,Y,Y,,,,,,,,
2026,TPG,2000040,-33.86363,151.20498,,Y,Y,Y,Y,,Y,Y,,,,
2026,TPG,2000043,-33.865759,151.211809,,Y,Y,Y,Y,,Y,,,,,
2026,TPG,2000044,-33.8664,151.20553,,Y,Y,Y,,,Y,,,,,
2026,TPG,2000045,-33.863787,151.211482,,Y,Y,Y,Y,,Y,,,,,
2026,TPG,2000046,-33.86773,151.20776,,Y,Y,Y,,,Y,,,,,
2026,TPG,2000047,-33.871544,151.20671,,Y,Y,Y,Y,,Y,,,,,
2026,TPG,2000048,-33.86322,151.20815,,Y,Y,,,,,,,,,
2026,TPG,2000051,-33.87238,151.20366,,Y,Y,Y,,,Y,,,,,
2026,TPG,2000052,-33.88263,151.20616,,Y,Y,Y,Y,,Y,,,,,
2026,TPG,2000053,-33.87735,151.20892,,Y,Y,Y,Y,,Y,,,,,
2026,TPG,2000054,-33.87053,151.21182,,Y,Y,Y,Y,,Y,,,,,
2026,TPG,2000056,-33.87371,151.20689,,Y,Y,Y,Y,,Y,,,,,
2026,TPG,2000057,-33.86826,151.20446,,Y,Y,Y,Y,,Y,,,,,
2026,TPG,2000058,-33.86827,151.21132,,Y,Y,Y,Y,,Y,,,,,
2026,TPG,2000059,-33.86305,151.21143,,,Y,,Y,,,,,,,
2026,TPG,2000060,-33.863747,151.207082,,Y,Y,Y,Y,,Y,,,,,
2026,TPG,2000062,-33.87273,151.20745,,Y,Y,Y,,,Y,,,,,
2026,TPG,2000071,-33.866846,151.206897,,Y,Y,Y,,,Y,,,,,
2026,TPG,2000072,-33.875288,151.199807,,Y,Y,Y,Y,,Y,,,,,
2026,TPG,2000074,-33.866756,151.207995,,Y,Y,Y,,,Y,,,,,
2026,TPG,2000077,-33.8544,151.20902,,Y,Y,Y,,,,,,,,
2026,TPG,2000085,-33.864025,151.203695,,Y,Y,Y,,,Y,,,,,
2026,TPG,2000085,-33.86402,151.2037,,Y,Y,Y,Y,,Y,Y,,,,
2026,TPG,2000088,-33.86289,151.20737,,Y,Y,Y,,,Y,,,,,
2026,TPG,2000102,-33.86179,151.21007,,Y,Y,Y,Y,,Y,,,,,
2026,TPG,2000108,-33.86872,151.20513,,,Y,Y,,,,,,,,
2026,TPG,2000110,-33.8713,151.20483,,,Y,Y,,,,,,,,
2026,TPG,2000118,-33.882,151.20704,,,Y,Y,,,,,,,,
2026,TPG,2000132,-33.87828,151.20745,,,Y,Y,,,,,,,,
2026,TPG,2000133,-33.870836,151.208288,,,Y,Y,,,,,,,,
2026,TPG,2000135,-33.86387,151.2092,,Y,Y,Y,Y,,Y,Y,,,,
2026,TPG,2000136,-33.873435,151.19905,,Y,Y,Y,Y,,Y,,,,,
2026,TPG,2000142,-33.86296,151.20827,,Y,Y,Y,Y,,Y,Y,,,,
2026,TPG,2000143,-33.87568,151.20886,,Y,Y,,Y,,,Y,,,,
2026,TPG,2000146,-33.8666,151.20529,,Y,Y,Y,,,,,,,,
2026,TPG,2000151,-33.8699,151.2018,,Y,Y,Y,,,,,,,,
2026,TPG,2000153,-33.88075,151.206228,,Y,Y,,Y,,Y,,,,,
2026,TPG,2000153,-33.88084,151.20619,,Y,Y,Y,Y,,Y,Y,,,,
2026,TPG,2000156,-33.876824,151.206638,,Y,Y,Y,,,Y,,,,,
2026,TPG,2000156,-33.876824,151.206638,,Y,Y,Y,,,Y,,,,,
2026,TPG,2000159,-33.87311,151.20977,,Y,Y,Y,Y,,Y,Y,,,,
2026,TPG,2000163,-33.86457,151.20894,,,Y,Y,,,Y,Y,,,,
2026,TPG,2000165,-33.867911,151.209625,,Y,Y,Y,Y,,Y,,,,,
2026,TPG,2000167,-33.86675,151.21144,,Y,Y,Y,Y,,Y,,,,,
2026,TPG,2000169,-33.85795,151.21478,,Y,Y,Y,,,Y,,,,,
2026,TPG,2000170,-33.869978,151.207692,,Y,Y,Y,Y,,Y,,,,,
2026,TPG,2000170,-33.87042,151.2081,,Y,Y,Y,Y,,Y,Y,,,,
2026,TPG,2000172,-33.871757,151.20991,,Y,Y,Y,,,Y,,,,,
2026,TPG,2000173,-33.874085,151.201544,,Y,Y,Y,,,Y,,,,,
2026,TPG,2000174,-33.87778,151.20762,,Y,Y,Y,Y,,Y,Y,,,,
2026,TPG,2000176,-33.87662,151.20581,,Y,Y,Y,,,,,,,,
2026,TPG,2000177,-33.865727,151.202811,,Y,Y,Y,Y,,Y,,,,,
2026,TPG,2000177,-33.86581,151.20286,,Y,Y,Y,Y,,Y,Y,,,,
2026,TPG,2000181,-33.87157,151.20434,,Y,Y,Y,Y,,Y,Y,,,,
2026,TPG,2000183,-33.872023,151.207481,,Y,Y,Y,Y,,Y,,,,,
2026,TPG,2000185,-33.861478,151.206496,,Y,Y,,Y,,Y,,,,,
2026,TPG,2000191,-33.86926,151.20389,,Y,Y,,Y,,Y,,,,,
2026,TPG,2000209,-33.879881,151.2033,,Y,Y,Y,Y,,Y,Y,,,,
2026,TPG,2000211,-33.86867,151.21117,,Y,Y,Y,Y,,Y,,,,,
2026,TPG,2000212,-33.8748,151.20443,,Y,Y,Y,Y,,Y,Y,,,,
2026,TPG,2000214,-33.869,151.21,,,Y,Y,,,,,,,,
2026,TPG,2000225,-33.86736,151.20409,,Y,Y,,,,,,,,,
2026,TPG,2000226,-33.86837,151.2067,,Y,Y,Y,,,Y,,,,,
2026,TPG,2000227,-33.86597,151.20461,,Y,Y,Y,,,Y,,,,,
2026,TPG,2000228,-33.86715,151.21044,,Y,Y,Y,,,Y,,,,,
2026,TPG,2000229,-33.86463,151.2114,,Y,Y,Y,Y,,Y,,,,,
2026,TPG,2000230,-33.86466,151.20436,,Y,Y,,,,,,,,,
2026,TPG,2000231,-33.871629,151.209117,,Y,Y,Y,,,Y,,,,,
2026,TPG,2000233,-33.867561,151.211746,,Y,Y,Y,Y,,Y,,,,,
2026,TPG,2000234,-33.866754,151.209487,,Y,Y,Y,,,Y,,,,,
2026,TPG,2000236,-33.8645,151.21003,,Y,Y,Y,,,Y,Y,,,,
2026,TPG,2000238,-33.86788,151.20685,,Y,Y,Y,,,Y,,,,,
2026,TPG,2000241,-33.867615,151.203897,,Y,Y,Y,,,Y,,,,,
2026,TPG,2000242,-33.86479,151.20751,,Y,Y,Y,,,Y,,,,,
2026,TPG,2000243,-33.861667,151.207667,,Y,Y,Y,Y,,Y,,,,,
2026,TPG,2000250,-33.874558,151.206751,,Y,Y,Y,,,Y,,,,,
2026,TPG,2000259,-33.8761,151.20811,,Y,Y,Y,,,,,,,,
2026,TPG,2000267,-33.872626,151.203954,,Y,Y,Y,,,Y,,,,,
2026,TPG,2000269,-33.841792,151.210581,,Y,Y,Y,Y,,Y,,,,,
2026,TPG,2000273,-33.87085,151.20963,,Y,Y,Y,,,,,,,,
2026,TPG,2000286,-33.86645,151.20217,,Y,Y,Y,,,Y,,,,,
2026,TPG,2000288,-33.87361,151.20235,,Y,,,,,,,,,,
2026,TPG,2000289,-33.864562,151.2131,,Y,Y,Y,,,Y,,,,,
2026,TPG,2000290,-33.862043,151.205318,,Y,Y,Y,,,Y,,,,,
2026,TPG,2000293,-33.8645,151.2126,,Y,Y,Y,,,,,,,,
2026,TPG,2000300,-33.870754,151.204619,,Y,Y,Y,,,Y,,,,,
2026,TPG,2000303,-33.85792,151.20312,,Y,Y,Y,Y,,Y,Y,,,,
2026,TPG,2000307,-33.87732,151.20856,,Y,Y,Y,Y,,Y,Y,,,,
2026,TPG,2000317,-33.869922,151.206116,,Y,Y,Y,,,Y,,,,,
2026,TPG,2000333,-33.862231,151.206846,,Y,Y,,Y,,,,,,,
2026,TPG,2000337,-33.872368,151.208998,,Y,Y,Y,Y,,Y,,,,,
2026,TPG,2000347,-33.869922,151.206116,,Y,Y,Y,,,Y,,,,,
2026,TPG,2000348,-33.864676,151.20811,,Y,Y,Y,,,Y,,,,,
2026,TPG,2000349,-33.86556,151.21376,,Y,Y,Y,,,Y,,,,,
2026,TPG,2000350,-33.873361,151.211058,,Y,Y,Y,,,Y,,,,,
2026,TPG,2000355,-33.86679,151.20655,,Y,Y,Y,Y,,Y,Y,,,,
2026,TPG,2000364,-33.872529,151.207237,,Y,Y,Y,Y,,Y,Y,,,,
2026,TPG,2000371,-33.865254,151.204146,,Y,Y,Y,,,Y,,,,,
2026,TPG,2000372,-33.8642,151.20214,,Y,Y,Y,Y,,Y,,,,,
2026,TPG,2000375,-33.87749,151.20967,,Y,Y,Y,Y,,Y,Y,,,,
2026,TPG,2000376,-33.867833,151.208741,,Y,Y,Y,,,Y,,,,,
2026,TPG,2000381,-33.86897,151.21026,,Y,Y,Y,Y,,Y,Y,,,,
2026,TPG,2000383,-33.86867,151.20967,,Y,Y,,Y,,Y,,,,,
2026,TPG,2000387,-33.862505,151.207871,,Y,Y,Y,Y,,Y,,,,,
2026,TPG,2000388,-33.87362,151.20359,,Y,Y,Y,,,,,,,,
2026,TPG,2000391,-33.86956,151.203305,,Y,Y,,Y,,Y,,,,,
2026,TPG,2000393,-33.876907,151.200788,,Y,Y,Y,Y,,Y,,,,,
2026,TPG,2000396,-33.86233,151.21265,,Y,Y,Y,Y,,Y,Y,,,,
2026,TPG,2000414,-33.8599,151.2221,,,Y,Y,,,,,,,,
2026,TPG,2000414,-33.8613,151.2213,,,Y,,,,,,,,,
2026,TPG,2000414,-33.8614,151.2217,,,Y,,,,,,,,,
2026,TPG,2000414,-33.8679,151.216,,,Y,,,,,,,,,
2026,TPG,2000414,-33.859,151.213667,,,Y,Y,,,,,,,,
2026,TPG,2000414,-33.8585,151.2156,,,Y,Y,,,,,,,,
2026,TPG,2000444,-33.86531,151.21102,,Y,Y,Y,Y,,Y,Y,,,,
2026,TPG,2000450,-33.878151,151.207444,,Y,Y,Y,Y,,Y,,,,,
2026,TPG,2000450,-33.879134,151.208035,,Y,Y,Y,Y,,Y,,,,,
2026,TPG,2000477,-33.867508,151.206676,,Y,Y,Y,Y,,Y,,,,,
2026,TPG,2000619,-33.8736,151.20043,,,Y,Y,,,,,,,,
2026,TPG,2000623,-33.8606025,151.2092648,,,Y,Y,,,,,,,,
2026,TPG,2000624,-33.870932,151.20223,,,Y,Y,,,,,,,,
2026,TPG,2000625,-33.87585,151.20006,,Y,Y,Y,Y,,Y,Y,,,,
2026,TPG,2000637,-33.855726,151.208748,,,Y,Y,,,,,,,,
2026,TPG,2000646,-33.87735,151.20338,,,Y,Y,,,,,,,,
2026,TPG,2000647,-33.87685,151.19954,,,Y,Y,,,,,,,,
2026,TPG,2000649,-33.87727,151.20441,,Y,Y,Y,,,,,,,,
2026,TPG,2000656,-33.87512853,151.2018022,,,Y,Y,,,,,,,,
2026,TPG,2000657,-33.86548309,151.2018177,,,Y,Y,,,,,,,,
2026,TPG,2000666,-33.86533,151.20656,,Y,Y,Y,Y,,Y,,,,,
2026,TPG,2000669,-33.8667039,151.2084379,,Y,Y,Y,Y,,Y,,,,,
2026,TPG,2000728,-33.86204,151.20787,,,Y,,Y,,,,,,,
2026,TPG,2000729,-33.86876,151.21731,,Y,Y,Y,Y,,Y,,,,,
2026,TPG,2000765,-33.86864,151.21195,,Y,Y,Y,Y,,Y,Y,,,,
2026,TPG,2000777,-33.88385,151.20652,,Y,Y,Y,Y,,Y,,,,,
2026,TPG,2000784,-33.87272,151.20824,,Y,Y,Y,Y,,Y,,,,,
2026,TPG,2006001,-33.88852,151.19066,,Y,Y,Y,Y,,Y,Y,,,,
2026,TPG,2007001,-33.88056,151.20042,,Y,Y,Y,Y,,Y,Y,,,,
2026,TPG,2007003,-33.8772,151.19254,,Y,Y,Y,Y,,Y,Y,,,,
2026,TPG,2007004,-33.88195,151.19813,,Y,Y,Y,Y,,Y,Y,,,,
2026,TPG,2007005,-33.87548,151.19746,,Y,Y,Y,Y,,Y,Y,,,,
2026,TPG,2007007,-33.882922,151.194155,,Y,Y,Y,Y,,Y,,,,,
2026,TPG,2007010,-33.8786,151.1989,,Y,Y,Y,Y,,Y,Y,,,,
2026,TPG,2007013,-33.885323,151.200238,,Y,Y,Y,Y,,Y,,,,,
2026,TPG,2007014,-33.883238,151.200494,,Y,Y,Y,Y,,Y,,,,,
2026,TPG,2008002,-33.88459,151.19719,,Y,Y,Y,Y,,Y,Y,,,,
2026,TPG,2008003,-33.88841,151.20057,,Y,Y,Y,Y,,Y,Y,,,,
2026,TPG,2008007,-33.88431,151.20305,,Y,Y,Y,Y,,Y,Y,,,,
2026,TPG,2008018,-33.89211,151.19097,,Y,Y,Y,,,Y,,,,,
2026,TPG,2008018,-33.88741,151.18359,,Y,Y,Y,,,Y,,,,,
2026,TPG,2009001,-33.866456,151.191508,,Y,,,,,,,,,,
2026,TPG,2009001,-33.86648,151.19139,,Y,Y,Y,,,,,,,,
2026,TPG,2009003,-33.87186,151.19482,,Y,Y,Y,Y,,Y,Y,,,,
2026,TPG,2009004,-33.87227,151.19781,,Y,Y,Y,Y,,Y,Y,,,,
2026,TPG,2009006,-33.87305,151.19254,,Y,,,,,,,,,,
2026,TPG,2009007,-33.86879,151.19683,,Y,Y,Y,,,Y,,,,,
2026,TPG,2009008,-33.87059,151.19393,,Y,Y,Y,,,Y,,,,,
2026,TPG,2009011,-33.86961,151.19005,,Y,Y,Y,Y,,Y,Y,,,,
2026,TPG,2009012,-33.868043,151.194754,,Y,Y,Y,,,Y,,,,,
2026,TPG,2009012,-33.868043,151.194754,,Y,Y,Y,Y,,Y,,,,,
2026,TPG,2009013,-33.87138,151.19812,,Y,Y,Y,Y,,Y,Y,,,,
2026,TPG,2009015,-33.865081,151.196073,,Y,Y,Y,,,Y,,,,,
2026,TPG,2009015,-33.865,151.19618,,Y,Y,Y,Y,,Y,Y,,,,
2026,TPG,2009016,-33.86976,151.19636,,Y,Y,Y,,,Y,,,,,
2026,TPG,2009018,-33.866635,151.195724,,Y,Y,Y,,,Y,,,,,
2026,TPG,2010001,-33.88178,151.2174,,Y,Y,Y,Y,,Y,Y,,,,
2026,TPG,2010004,-33.8899,151.21119,,Y,Y,Y,Y,,Y,Y,,,,
2026,TPG,2010005,-33.88462,151.21217,,Y,Y,Y,Y,,Y,Y,,,,
2026,TPG,2010006,-33.882,151.2167,,Y,Y,Y,Y,,Y,Y,,,,
2026,TPG,2010007,-33.88645,151.20877,,Y,Y,Y,Y,,Y,Y,,,,
2026,TPG,2010008,-33.89166,151.21276,,Y,Y,,,,,,,,,
2026,TPG,2010009,-33.88728,151.20687,,Y,Y,Y,Y,,Y,Y,,,,
2026,TPG,2010011,-33.87771,151.21562,,Y,Y,Y,Y,,Y,,,,,
2026,TPG,2010012,-33.88806,151.21667,,Y,Y,Y,,,Y,,,,,
2026,TPG,2010013,-33.8839,151.21,,Y,Y,Y,Y,,Y,Y,,,,
2026,TPG,2010023,-33.87646,151.22155,,Y,Y,,,,,,,,,
2026,TPG,2010024,-33.87731,151.21227,,Y,Y,Y,Y,,Y,Y,,,,
2026,TPG,2010025,-33.87865,151.21344,,Y,Y,Y,Y,,Y,Y,,,,
2026,TPG,2010026,-33.88219,151.21068,,Y,Y,Y,Y,,Y,Y,,,,
2026,TPG,2010028,-33.880779,151.220839,,Y,Y,Y,Y,,Y,,,,,
2026,TPG,2010107,-33.88501,151.20739,,Y,Y,Y,Y,,Y,Y,,,,
2026,TPG,2011002,-33.87446,151.2182,,Y,Y,Y,Y,,Y,Y,,,,
2026,TPG,2011003,-33.87055,151.22487,,Y,Y,Y,Y,,Y,Y,,,,
2026,TPG,2011004,-33.87474,151.222,,Y,Y,Y,Y,,Y,,,,,
2026,TPG,2011007,-33.87376,151.22258,,Y,Y,Y,Y,,Y,Y,,,,
2026,TPG,2011008,-33.8709,151.22545,,Y,Y,Y,Y,,Y,Y,,,,
2026,TPG,2015001,-33.89628,151.1958,,Y,Y,Y,Y,,Y,Y,,,,
2026,TPG,2015003,-33.90972,151.19891,,Y,Y,Y,Y,,Y,Y,,,,
2026,TPG,2015006,-33.9162,151.1956,,Y,Y,Y,Y,,Y,Y,,,,
2026,TPG,2015062,-33.91098,151.19503,,,Y,,,,,,,,,
2026,TPG,2016002,-33.89218,151.19935,,Y,Y,Y,Y,,Y,,,,,
2026,TPG,2016004,-33.89441,151.20476,,Y,Y,Y,Y,,Y,Y,,,,
2026,TPG,2016005,-33.89294,151.20236,,Y,Y,Y,Y,,Y,Y,,,,
2026,TPG,2016014,-33.8929,151.19812,,Y,Y,Y,Y,,Y,Y,,,,
2026,TPG,2016035,-33.89281,151.21217,,Y,Y,Y,Y,,Y,,,,,
2026,TPG,2017005,-33.90203,151.20172,,Y,Y,Y,Y,,Y,Y,,,,
2026,TPG,2017008,-33.90536,151.20583,,Y,Y,Y,Y,,Y,Y,,,,
2026,TPG,2017009,-33.90693,151.21229,,Y,Y,Y,Y,,Y,Y,,,,
2026,TPG,2017015,-33.905159,151.213081,,Y,Y,Y,Y,,Y,,,,,
2026,TPG,2017028,-33.89712,151.21259,,Y,Y,Y,Y,,Y,Y,,,,
2026,TPG,2017034,-33.903274,151.209838,,,Y,Y,,,,,,,,
2026,TPG,2018002,-33.93364,151.21124,,Y,Y,Y,Y,,Y,Y,,,,
2026,TPG,2018003,-33.9199,151.20258,,Y,Y,Y,Y,,Y,Y,,,,
2026,TPG,2018004,-33.91629,151.21184,,Y,Y,Y,Y,,Y,,,,,
2026,TPG,2018007,-33.91235,151.20959,,Y,Y,Y,Y,,Y,Y,,,,
2026,TPG,2018008,-33.92445,151.21467,,Y,Y,Y,Y,,Y,Y,,,,
2026,TPG,2018014,-33.91464,151.20671,,Y,Y,Y,Y,,Y,Y,,,,
2026,TPG,2018017,-33.92677,151.21356,,Y,Y,Y,Y,,Y,Y,,,,
2026,TPG,2018024,-33.91096,151.20217,,,Y,,,,,,,,,
2026,TPG,2019001,-33.93997,151.19553,,Y,Y,Y,Y,,Y,Y,,,,
2026,TPG,2019002,-33.94789,151.19094,,Y,Y,Y,Y,,Y,Y,,,,
2026,TPG,2019004,-33.94599,151.21966,,Y,Y,Y,Y,,Y,Y,,,,
2026,TPG,2019025,-33.95162,151.20375,,Y,Y,Y,Y,,Y,Y,,,,
2026,TPG,2019033,-33.95901,151.212,,Y,Y,Y,Y,,Y,Y,,,,
2026,TPG,2020001,-33.92235,151.18074,,Y,Y,Y,Y,,Y,Y,,,,
2026,TPG,2020004,-33.92771,151.18803,,Y,Y,Y,,,,,,,,
2026,TPG,2020005,-33.92445,151.18727,,Y,Y,Y,,,Y,,,,,
2026,TPG,2020006,-33.94641,151.16893,,Y,Y,Y,Y,,Y,Y,,,,
2026,TPG,2020007,-33.93314,151.1781,,Y,Y,Y,,,,,,,,
2026,TPG,2020008,-33.92942,151.19397,,Y,Y,Y,Y,,Y,Y,,,,
2026,TPG,2020009,-33.935783,151.17977,,Y,Y,Y,Y,,Y,,,,,
2026,TPG,2020010,-33.92436,151.1863,,Y,Y,Y,Y,,Y,,,,,
2026,TPG,2020012,-33.93755917,151.1656988,,Y,Y,Y,Y,,Y,,,,,
2026,TPG,2020020,-33.933322,151.178157,,Y,Y,Y,Y,,Y,,,,,
2026,TPG,2020023,-33.924623,151.186747,,Y,Y,Y,,,Y,,,,,
2026,TPG,2020029,-33.9231,151.1886,,Y,Y,Y,Y,,Y,Y,Y,,,
2026,TPG,2020031,-33.93371,151.16357,,Y,Y,Y,Y,,Y,Y,,,,
2026,TPG,2020050,-33.926935,151.187194,,Y,Y,Y,Y,,Y,,,,,
2026,TPG,2021001,-33.89059,151.23192,,Y,Y,Y,,,,,,,,
2026,TPG,2021002,-33.88653,151.22906,,Y,Y,Y,Y,,Y,Y,,,,
2026,TPG,2021005,-33.89064,151.22522,,Y,Y,Y,Y,,Y,,,,,
2026,TPG,2021005,-33.89148,151.22374,,Y,Y,Y,Y,,Y,Y,Y,,,
2026,TPG,2021006,-33.88176,151.22607,,Y,Y,Y,Y,,Y,Y,,,,
2026,TPG,2021009,-33.88602,151.21893,,Y,Y,Y,Y,,Y,Y,,,,
2026,TPG,2021014,-33.90308,151.21477,,Y,Y,Y,,,,,,,,
2026,TPG,2021062,-33.88909,151.22409,,,Y,Y,,,Y,Y,,,,
2026,TPG,2022002,-33.89199,151.24717,,Y,Y,Y,Y,,Y,Y,,,,
2026,TPG,2022003,-33.89514,151.24453,,Y,Y,,,,,,,,,
2026,TPG,2022006,-33.89289,151.24919,,Y,Y,Y,Y,,Y,,,,,
2026,TPG,2022007,-33.89187,151.25045,,Y,Y,Y,,,Y,Y,,,,
2026,TPG,2022008,-33.88993,151.24116,,Y,Y,,,,,,,,,
2026,TPG,2022010,-33.89248,151.24928,,Y,Y,Y,,,,,,,,
2026,TPG,2022011,-33.89591,151.25132,,Y,Y,Y,Y,,Y,Y,,,,
2026,TPG,2022041,-33.89615,151.25426,,Y,Y,Y,Y,,Y,Y,,,,
2026,TPG,2022043,-33.89089,151.2454,,Y,Y,Y,Y,,Y,Y,,,,
2026,TPG,2023001,-33.88618,151.25791,,Y,Y,Y,Y,,Y,Y,,,,
2026,TPG,2024001,-33.90615,151.2619,,Y,Y,Y,Y,,Y,Y,,,,
2026,TPG,2024005,-33.90117,151.2539,,Y,Y,,,,,,,,,
2026,TPG,2025001,-33.88506,151.23709,,Y,Y,Y,Y,,Y,Y,,,,
2026,TPG,2025003,-33.88808,151.24476,,Y,Y,Y,,,,,,,,
2026,TPG,2026001,-33.89047,151.27428,,Y,Y,Y,Y,,Y,Y,,,,
2026,TPG,2026005,-33.89767,151.26704,,Y,Y,Y,Y,,Y,Y,,,,
2026,TPG,2026008,-33.89386,151.26208,,Y,Y,Y,Y,,Y,Y,,,,
2026,TPG,2026014,-33.88118,151.27047,,Y,Y,Y,Y,,Y,Y,,,,
2026,TPG,2026016,-33.88448,151.28386,,Y,Y,Y,,,,,,,,
2026,TPG,2026024,-33.88926,151.27077,,,Y,Y,,,,,,,,
2026,TPG,2026027,-33.89653,151.25988,,Y,Y,Y,Y,,Y,Y,,,,
2026,TPG,2027001,-33.87898,151.2356,,Y,Y,Y,,,,,,,,
2026,TPG,2027006,-33.87964,151.23648,,Y,Y,Y,Y,,Y,,,,,
2026,TPG,2027010,-33.87712,151.23198,,Y,Y,Y,Y,,Y,Y,,,,
2026,TPG,2028002,-33.87826,151.24276,,Y,Y,Y,Y,,Y,Y,,,,
2026,TPG,2029002,-33.87081,151.2674,,Y,Y,Y,Y,,Y,Y,,,,
2026,TPG,2029004,-33.87109,151.25423,,Y,Y,Y,Y,,Y,Y,,,,
2026,TPG,2030001,-33.868,151.28017,,Y,Y,Y,Y,,Y,Y,Y,,,
2026,TPG,2030002,-33.86167,151.27532,,Y,Y,Y,Y,,Y,Y,,,,
2026,TPG,2030003,-33.85716,151.28283,,Y,Y,Y,Y,,Y,Y,,,,
2026,TPG,2030004,-33.85922,151.27589,,Y,Y,Y,,,,,,,,
2026,TPG,2030007,-33.87261669,151.2808038,,Y,Y,Y,,,,,,,,
2026,TPG,2030008,-33.84804,151.28663,,,,Y,,,,,,,,
2026,TPG,2030020,-33.86144,151.2719,,Y,Y,Y,Y,,Y,,,,,
2026,TPG,2031001,-33.91779,151.23934,,Y,Y,,,,,,,,,
2026,TPG,2031003,-33.90981,151.23533,,Y,Y,Y,Y,,Y,Y,,,,
2026,TPG,2031004,-33.90698,151.24793,,Y,Y,Y,Y,,Y,Y,,,,
2026,TPG,2031005,-33.91448,151.2402,,Y,Y,Y,,,,,,,,
2026,TPG,2031006,-33.90765,151.23976,,Y,Y,Y,Y,,Y,Y,,,,
2026,TPG,2031008,-33.91228,151.25831,,Y,Y,Y,Y,,Y,Y,,,,
2026,TPG,2031025,-33.917978,151.239289,,Y,Y,Y,Y,,Y,,,,,
2026,TPG,2031026,-33.91729,151.24033,,Y,Y,Y,Y,,Y,,,,,
2026,TPG,2032001,-33.92545,151.23081,,Y,Y,Y,Y,,Y,Y,,,,
2026,TPG,2032002,-33.92372,151.22839,,Y,Y,Y,Y,,Y,Y,,,,
2026,TPG,2032005,-33.93342,151.23088,,Y,Y,Y,,,,,,,,
2026,TPG,2032021,-33.949081,151.080358,,,Y,Y,,,,,,,,
2026,TPG,2033003,-33.90489,151.22436,,Y,Y,Y,Y,,Y,Y,,,,
2026,TPG,2033005,-33.90482,151.22297,,Y,Y,Y,Y,,Y,Y,,,,
2026,TPG,2033006,-33.91288,151.22466,,Y,Y,Y,,,,,,,,
2026,TPG,2034005,-33.92064,151.24709,,Y,Y,Y,Y,,Y,Y,,,,
2026,TPG,2034007,-33.92322,151.25714,,Y,Y,Y,Y,,Y,Y,,,,
2026,TPG,2034009,-33.91794,151.2603,,Y,Y,Y,Y,,Y,Y,,,,
2026,TPG,2034010,-33.92856,151.25531,,Y,Y,Y,,,Y,,,,,
2026,TPG,2035001,-33.93969,151.23846,,Y,Y,Y,Y,,Y,Y,,,,
2026,TPG,2035002,-33.93909,151.25355,,Y,Y,Y,Y,,Y,Y,,,,
2026,TPG,2035004,-33.9450513,151.2241694,,Y,Y,Y,Y,,Y,Y,,,,
2026,TPG,2035004,-33.94514,151.22604,,Y,Y,Y,Y,,Y,Y,,,,
2026,TPG,2035005,-33.95134,151.24964,,Y,Y,Y,Y,,Y,Y,,,,
2026,TPG,2035008,-33.94003,151.22944,,Y,Y,Y,,,,,,,,
2026,TPG,2035016,-33.95384,151.24229,,Y,Y,Y,Y,,Y,,,,,
2026,TPG,2036001,-33.96789,151.23038,,Y,Y,Y,Y,,Y,Y,,,,
2026,TPG,2036004,-33.97446,151.21677,,Y,Y,Y,Y,,Y,Y,,,,
2026,TPG,2036008,-33.98628,151.24066,,Y,Y,Y,Y,,Y,Y,,,,
2026,TPG,2036012,-33.96239,151.2376,,Y,Y,Y,Y,,Y,Y,,,,
2026,TPG,2036014,-33.96385,151.24882,,Y,Y,Y,Y,,Y,Y,,,,
2026,TPG,2036017,-33.97594,151.24311,,Y,Y,,,,,,,,,
2026,TPG,2036018,-33.95246,151.23112,,Y,Y,Y,Y,,Y,Y,,,,
2026,TPG,2037001,-33.88083,151.18636,,Y,Y,Y,Y,,Y,Y,,,,
2026,TPG,2037006,-33.8775,151.17779,,Y,Y,Y,Y,,Y,Y,,,,
2026,TPG,2037010,-33.88435,151.19373,,Y,Y,Y,Y,,Y,Y,,,,
2026,TPG,2037013,-33.87979,151.179,,Y,Y,Y,Y,,Y,Y,,,,
2026,TPG,2037017,-33.88329,151.18257,,Y,Y,Y,Y,,Y,Y,,,,
2026,TPG,2037024,-33.87439,151.19024,,Y,Y,Y,Y,,Y,,,,,
2026,TPG,2038001,-33.8836,151.16857,,Y,Y,Y,Y,,Y,Y,,,,
2026,TPG,2038003,-33.88775,151.16793,,Y,Y,Y,,,,,,,,
2026,TPG,2039003,-33.86666,151.18255,,Y,Y,Y,Y,,Y,Y,,,,
2026,TPG,2039005,-33.86771,151.17526,,Y,Y,Y,Y,,Y,Y,,,,
2026,TPG,2039006,-33.86039,151.17155,,Y,Y,Y,,,,,,,,
2026,TPG,2039022,-33.86369,151.17011,,,Y,Y,,,,,,,,
2026,TPG,2040001,-33.87547,151.15848,,Y,Y,Y,Y,,Y,Y,,,,
2026,TPG,2040002,-33.87085,151.15995,,,,Y,,,,,,,,
2026,TPG,2040003,-33.88595,151.15761,,Y,Y,Y,Y,,Y,Y,,,,
2026,TPG,2040005,-33.885,151.14894,,Y,Y,Y,,,,,,,,
2026,TPG,2040042,-33.8723,151.167952,,Y,Y,Y,Y,,Y,,,,,
2026,TPG,2041001,-33.85579,151.17717,,Y,Y,Y,Y,,Y,Y,,,,
2026,TPG,2041002,-33.84718,151.17176,,Y,Y,Y,Y,,Y,Y,,,,
2026,TPG,2041005,-33.85731,151.19199,,Y,Y,,,,,,,,,
2026,TPG,2042001,-33.89285,151.18611,,Y,Y,Y,Y,,Y,Y,,,,
2026,TPG,2042002,-33.8991,151.17126,,Y,Y,Y,Y,,Y,Y,,,,
2026,TPG,2042003,-33.89599,151.17959,,Y,Y,Y,Y,,Y,Y,,,,
2026,TPG,2042004,-33.89771,151.17619,,Y,Y,Y,Y,,Y,Y,,,,
2026,TPG,2042007,-33.89305,151.18535,,Y,Y,Y,Y,,Y,Y,,,,
2026,TPG,2042016,-33.90426,151.17565,,Y,Y,Y,Y,,Y,Y,,,,
2026,TPG,2043001,-33.9043,151.1862,,Y,Y,Y,Y,,Y,,,,,
2026,TPG,2044002,-33.91505,151.17629,,Y,Y,Y,Y,,Y,Y,,,,
2026,TPG,2044003,-33.92277,151.16283,,Y,Y,Y,Y,,Y,Y,,,,
2026,TPG,2044006,-33.91962,151.16916,,Y,Y,Y,Y,,Y,Y,,,,
2026,TPG,2044008,-33.922287,151.165467,,Y,Y,Y,,,Y,,,,,
2026,TPG,2044010,-33.90899,151.1808,,Y,Y,Y,Y,,Y,Y,,,,
2026,TPG,2044023,-33.91388,151.18083,,Y,Y,Y,Y,,Y,,,,,
2026,TPG,2046001,-33.84748,151.14131,,Y,Y,Y,Y,,Y,Y,Y,,,
2026,TPG,2046004,-33.86001,151.14222,,Y,Y,Y,Y,,Y,Y,,,,
2026,TPG,2046007,-33.85691,151.13091,,Y,Y,Y,Y,,Y,Y,,,,
2026,TPG,2046013,-33.87007,151.12275,,Y,Y,Y,Y,,Y,Y,,,,
2026,TPG,2046014,-33.84761,151.12854,,Y,Y,Y,Y,,Y,Y,,,,
2026,TPG,2046031,-33.87025,151.12949,,Y,Y,Y,Y,,Y,Y,,,,
2026,TPG,2047001,-33.85029,151.15419,,Y,Y,Y,Y,,Y,Y,,,,
2026,TPG,2047003,-33.86167,151.13751,,Y,Y,Y,Y,,Y,Y,,,,
2026,TPG,2047004,-33.85668,151.14565,,Y,Y,Y,,,,,,,,
2026,TPG,2047005,-33.85237,151.15198,,Y,Y,Y,Y,,Y,Y,,,,
2026,TPG,2049001,-33.88925,151.15366,,Y,Y,Y,Y,,Y,Y,,,,
2026,TPG,2049002,-33.89527,151.15438,,Y,Y,Y,Y,,Y,Y,,,,
2026,TPG,2049020,-33.889904,151.145511,,,Y,Y,,,,,,,,
2026,TPG,2050002,-33.88674,151.17835,,Y,Y,Y,Y,,Y,Y,,,,
2026,TPG,2050008,-33.890499,151.182061,,Y,Y,Y,,,Y,,,,,
2026,TPG,2050010,-33.889405,151.183485,,,Y,Y,,,Y,,,,,
2026,TPG,2052001,-33.91752,151.23258,,Y,Y,Y,Y,,Y,Y,,,,
2026,TPG,2052003,-33.91658,151.23525,,Y,Y,Y,Y,,Y,Y,,,,
2026,TPG,2060001,-33.83737,151.2096,,Y,Y,Y,Y,,Y,Y,,,,
2026,TPG,2060003,-33.83734,151.20879,,Y,Y,Y,Y,,Y,Y,Y,,,
2026,TPG,2060006,-33.83693,151.20689,,Y,Y,Y,Y,,Y,Y,,,,
2026,TPG,2060008,-33.84796,151.20572,,Y,Y,Y,Y,,Y,Y,,,,
2026,TPG,2060011,-33.837391,151.197433,,Y,,,,,,,,,,
2026,TPG,2060012,-33.84117,151.20747,,Y,Y,Y,,,Y,,,,,
2026,TPG,2060012,-33.84117,151.20747,,Y,Y,Y,,,Y,,,,,
2026,TPG,2060014,-33.84032,151.20728,,Y,Y,Y,Y,,Y,Y,,,,
2026,TPG,2060024,-33.84294,151.20459,,Y,Y,Y,Y,,Y,Y,,,,
2026,TPG,2060026,-33.83424,151.20908,,Y,Y,Y,Y,,Y,Y,,,,
2026,TPG,2060034,-33.8329,151.20514,,Y,Y,Y,Y,,Y,Y,,,,
2026,TPG,2060049,-33.8384,151.2056,,Y,Y,Y,,,Y,,,,,
2026,TPG,2060050,-33.84026,151.2069,,Y,Y,Y,Y,,Y,Y,,,,
2026,TPG,2060059,-33.837856,151.205877,,Y,Y,Y,,,Y,,,,,
2026,TPG,2060067,-33.836887,151.206118,,Y,Y,Y,Y,,Y,Y,Y,,,
2026,TPG,2060070,-33.83917,151.20799,,Y,Y,Y,Y,,Y,Y,,,,
2026,TPG,2060110,-33.83761,151.20835,,Y,Y,Y,Y,,Y,,,,,
2026,TPG,2060116,-33.838417,151.208575,,Y,Y,Y,Y,,Y,,,,,
2026,TPG,2060120,-33.83474,151.20797,,Y,Y,Y,Y,,Y,,,,,
2026,TPG,2061002,-33.84814,151.21838,,Y,Y,Y,Y,,Y,,,,,
2026,TPG,2061003,-33.84886,151.21628,,Y,Y,Y,Y,,Y,Y,,,,
2026,TPG,2061004,-33.84652,151.21155,,Y,Y,Y,Y,,Y,Y,,,,
2026,TPG,2061010,-33.84398,151.21224,,Y,Y,Y,Y,,Y,Y,,,,
2026,TPG,2062001,-33.82181,151.2102,,Y,Y,Y,Y,,Y,Y,,,,
2026,TPG,2062004,-33.82832,151.21261,,Y,Y,Y,Y,,Y,Y,,,,
2026,TPG,2063002,-33.81013,151.20867,,Y,Y,Y,Y,,Y,Y,,,,
2026,TPG,2064004,-33.80977,151.18563,,Y,Y,Y,Y,,Y,Y,,,,
2026,TPG,2064005,-33.81647,151.18198,,Y,Y,Y,Y,,Y,Y,,,,
2026,TPG,2064007,-33.80549,151.18081,,Y,Y,Y,Y,,Y,Y,,,,
2026,TPG,2064008,-33.80868,151.17833,,Y,Y,Y,Y,,Y,Y,,,,
2026,TPG,2064010,-33.81347,151.19129,,Y,Y,Y,Y,,Y,Y,,,,
2026,TPG,2065001,-33.823305,151.194089,,Y,Y,Y,Y,,Y,Y,,,,
2026,TPG,2065002,-33.83135,151.19635,,Y,Y,Y,Y,,Y,Y,,,,
2026,TPG,2065006,-33.82262,151.19739,,Y,Y,Y,,,,,,,,
2026,TPG,2065007,-33.82485,151.18836,,Y,Y,Y,Y,,Y,Y,,,,
2026,TPG,2065015,-33.8175,151.1926,,Y,Y,Y,Y,,Y,Y,Y,,,
2026,TPG,2065017,-33.82867,151.208,,Y,,,,,,,,,,
2026,TPG,2065019,-33.81807,151.20173,,Y,Y,Y,Y,,Y,Y,,,,
2026,TPG,2065025,-33.82421,151.20075,,Y,Y,Y,Y,,Y,Y,,,,
2026,TPG,2065030,-33.82693,151.19764,,Y,Y,Y,Y,,Y,Y,,,,
2026,TPG,2065033,-33.82849,151.20091,,Y,Y,Y,,,,,,,,
2026,TPG,2065037,-33.82085,151.19294,,Y,Y,Y,,,Y,,,,,
2026,TPG,2065038,-33.824607,151.19575,,Y,Y,Y,,,Y,,,,,
2026,TPG,2065039,-33.820106,151.192111,,Y,Y,Y,,,Y,,,,,
2026,TPG,2066001,-33.81472,151.15802,,Y,Y,Y,Y,,Y,Y,,,,
2026,TPG,2066005,-33.81045,151.14477,,Y,Y,Y,Y,,Y,Y,,,,
2026,TPG,2066006,-33.81677,151.15204,,Y,Y,Y,Y,,Y,Y,,,,
2026,TPG,2066010,-33.81342,151.17005,,Y,Y,Y,Y,,Y,Y,,,,
2026,TPG,2066011,-33.82134,151.14966,,Y,Y,Y,Y,,Y,Y,,,,
2026,TPG,2066019,-33.801728,151.145199,,Y,Y,Y,Y,,Y,,,,,
2026,TPG,2066030,-33.8272,151.1471,,Y,Y,Y,,,,,,,,
2026,TPG,2066068,-33.815381,151.16908,,Y,Y,Y,Y,,Y,,,,,
2026,TPG,2066082,-33.82433,151.17234,,Y,Y,Y,Y,,Y,,,,,
2026,TPG,2067002,-33.79583,151.18038,,Y,Y,Y,Y,,Y,Y,,,,
2026,TPG,2067003,-33.79939,151.18557,,Y,Y,Y,,,,,,,,
2026,TPG,2067006,-33.79609,151.18278,,Y,Y,Y,,,,,,,,
2026,TPG,2067007,-33.7974,151.18047,,Y,Y,Y,Y,,Y,Y,,,,
2026,TPG,2067008,-33.794538,151.185939,,Y,Y,Y,,,Y,,,,,
2026,TPG,2067008,-33.79495,151.1862,,Y,Y,Y,Y,,Y,Y,,,,
2026,TPG,2067009,-33.796225,151.184154,,Y,Y,Y,Y,,Y,Y,,,,
2026,TPG,2067012,-33.79497,151.17818,,Y,Y,Y,Y,,Y,Y,,,,
2026,TPG,2067021,-33.79637,151.18503,,Y,Y,Y,Y,,Y,Y,,,,
2026,TPG,2067023,-33.79914,151.17861,,Y,Y,Y,,,,,,,,
2026,TPG,2067028,-33.797076,151.180979,,Y,Y,Y,,,Y,,,,,
2026,TPG,2067031,-33.79701,151.16582,,Y,Y,,,,,,,,,
2026,TPG,2067032,-33.796883,151.179951,,Y,Y,Y,,,Y,,,,,
2026,TPG,2068003,-33.80359,151.19864,,Y,Y,Y,Y,,Y,Y,,,,
2026,TPG,2068004,-33.78767,151.1996,,Y,Y,Y,Y,,Y,Y,,,,
2026,TPG,2068006,-33.79403,151.19693,,Y,Y,Y,,,,,,,,
2026,TPG,2068007,-33.7945,151.20841,,Y,Y,Y,Y,,Y,Y,,,,
2026,TPG,2068008,-33.80274,151.21296,,Y,Y,Y,Y,,Y,Y,,,,
2026,TPG,2068009,-33.80968,151.19972,,Y,Y,Y,Y,,Y,Y,,,,
2026,TPG,2069002,-33.78456,151.17678,,Y,Y,Y,Y,,Y,Y,,,,
2026,TPG,2069005,-33.77368,151.19725,,Y,Y,,,,,,,,,
2026,TPG,2069006,-33.78376,151.19193,,Y,Y,Y,Y,,Y,Y,,,,
2026,TPG,2070002,-33.7902,151.16018,,Y,Y,,,,,,,,,
2026,TPG,2070003,-33.77725,151.1684,,Y,Y,Y,Y,Y,Y,Y,,,,
2026,TPG,2070006,-33.77715,151.14936,,Y,Y,,,,,,,,,
2026,TPG,2070009,-33.78275,151.17196,,Y,Y,Y,Y,,Y,,,,,
2026,TPG,2071001,-33.76661,151.17645,,Y,Y,Y,Y,,Y,Y,,,,
2026,TPG,2071002,-33.76417,151.15693,,Y,Y,Y,Y,,Y,Y,,,,
2026,TPG,2071005,-33.75352,151.1757,,Y,Y,Y,Y,,Y,Y,,,,
2026,TPG,2072001,-33.75537,151.15222,,Y,Y,Y,Y,,Y,Y,,,,
2026,TPG,2072005,-33.75207,151.14761,,Y,Y,Y,Y,,Y,Y,,,,
2026,TPG,2073002,-33.74929,151.1455,,Y,Y,Y,Y,,Y,Y,,,,
2026,TPG,2073004,-33.73994,151.13945,,Y,Y,Y,Y,,Y,Y,,,,
2026,TPG,2073008,-33.74448,151.15578,,Y,Y,Y,Y,,Y,,,,,
2026,TPG,2073009,-33.74517,151.14278,,Y,Y,Y,Y,,Y,Y,,,,
2026,TPG,2073010,-33.76198,151.12846,,Y,Y,Y,Y,,Y,Y,,,,
2026,TPG,2073011,-33.76747,151.137,,Y,Y,Y,,,,,,,,
2026,TPG,2074001,-33.73382,151.12694,,Y,Y,Y,Y,,Y,Y,,,,
2026,TPG,2074009,-33.72088,151.13107,,Y,Y,,,,,,,,,
2026,TPG,2074010,-33.71276,151.14691,,Y,Y,Y,Y,,Y,Y,,,,
2026,TPG,2074013,-33.74862,151.11183,,Y,Y,Y,Y,,Y,Y,,,,
2026,TPG,2074025,-33.70291,151.14988,,Y,Y,Y,Y,,Y,Y,,,,
2026,TPG,2075002,-33.73556,151.15919,,Y,Y,Y,Y,,Y,Y,,,,
2026,TPG,2075003,-33.708098,151.189074,,Y,Y,,,,,,,,,
2026,TPG,2075005,-33.73154,151.15606,,Y,Y,Y,Y,,Y,Y,,,,
2026,TPG,2075007,-33.70907,151.16349,,Y,Y,,,,,,,,,
2026,TPG,2076001,-33.71951,151.11681,,Y,Y,Y,Y,,Y,Y,,,,
2026,TPG,2076002,-33.73344,151.09808,,Y,Y,Y,Y,,Y,Y,,,,
2026,TPG,2076005,-33.72087,151.10484,,Y,Y,Y,Y,,Y,,,,,
2026,TPG,2076015,-33.70193,151.13862,,Y,Y,Y,Y,,Y,Y,,,,
2026,TPG,2077001,-33.69082,151.09887,,Y,Y,Y,Y,,Y,Y,,,,
2026,TPG,2077002,-33.70341,151.09942,,Y,Y,Y,Y,,Y,Y,,,,
2026,TPG,2077003,-33.69386,151.11739,,Y,Y,Y,Y,,Y,Y,,,,
2026,TPG,2077006,-33.70984,151.10342,,Y,Y,Y,Y,,Y,Y,,,,
2026,TPG,2077012,-33.70474,151.0996,,Y,Y,Y,Y,,Y,,,,,
2026,TPG,2077013,-33.67965,151.09908,,Y,Y,Y,Y,,Y,Y,,,,
2026,TPG,2077014,-33.66012,151.09178,,Y,Y,Y,Y,,Y,Y,,Y,Peri-Urban Mobile Program (PUMP),1
2026,TPG,2077016,-33.70327,151.11252,,Y,Y,Y,Y,,Y,,,,,
2026,TPG,2079001,-33.67899,151.12066,,Y,Y,Y,Y,,Y,,,,,
2026,TPG,2079002,-33.66584,151.1097,,Y,Y,,,,,,,,,
2026,TPG,2080001,-33.64339,151.13117,,Y,Y,Y,Y,,Y,Y,,,,
2026,TPG,2080003,-33.65599,151.13428,,Y,Y,,,,,,,,,
2026,TPG,2081001,-33.62342,151.14691,,Y,Y,Y,,,,,,,,
2026,TPG,2081002,-33.60381,151.1639,,Y,Y,Y,Y,,Y,Y,,,,
2026,TPG,2081005,-33.61255,151.15909,,Y,Y,Y,Y,,Y,Y,,,,
2026,TPG,2081006,-33.63616,151.14782,,Y,Y,,,,,,,,,
2026,TPG,2081008,-33.57593,151.18946,,Y,Y,Y,Y,,Y,Y,,,,
2026,TPG,2083001,-33.49675,151.18885,,Y,Y,,,,,,,,,
2026,TPG,2083002,-33.53936,151.22958,,Y,Y,Y,Y,,Y,Y,,,,
2026,TPG,2083003,-33.55759,151.1938,,Y,Y,Y,Y,,Y,Y,,,,
2026,TPG,2083004,-33.54158,151.19884,,Y,Y,,,,,,,,,
2026,TPG,2084002,-33.67199,151.19326,,Y,Y,,,,,,,,,
2026,TPG,2084004,-33.69245,151.22254,,Y,Y,Y,Y,,Y,Y,,,,
2026,TPG,2084007,-33.7006,151.21259,,Y,Y,Y,Y,,Y,Y,,,,
2026,TPG,2085003,-33.73777,151.22077,,Y,Y,Y,Y,,Y,Y,,,,
2026,TPG,2085006,-33.71731,151.21153,,Y,Y,Y,Y,,Y,Y,,,,
2026,TPG,2085007,-33.73205,151.22831,,Y,Y,Y,Y,,Y,Y,,,,
2026,TPG,2085008,-33.72633,151.20584,,Y,Y,Y,Y,,Y,Y,,,,
2026,TPG,2086001,-33.75133,151.23099,,Y,Y,Y,Y,,Y,Y,,,,
2026,TPG,2086002,-33.75334,151.24619,,Y,Y,Y,Y,,Y,Y,,,,
2026,TPG,2086009,-33.75172,151.21886,,,,Y,,,,,,,,
2026,TPG,2086010,-33.75222,151.23992,,Y,Y,Y,Y,,Y,Y,,,,
2026,TPG,2086011,-33.73854,151.20404,,Y,Y,Y,Y,,Y,Y,,,,
2026,TPG,2086026,-33.750127,151.23392,,Y,Y,Y,Y,,Y,,,,,
2026,TPG,2087001,-33.7631,151.20967,,Y,Y,Y,Y,,Y,Y,,,,
2026,TPG,2087002,-33.77301,151.21604,,Y,Y,Y,Y,,Y,Y,,,,
2026,TPG,2087008,-33.75994,151.2191,,Y,Y,Y,Y,,Y,Y,,,,
2026,TPG,2088003,-33.82468,151.24012,,Y,Y,Y,Y,,Y,Y,,,,
2026,TPG,2088004,-33.81568,151.24277,,Y,Y,Y,Y,,Y,Y,,,,
2026,TPG,2088008,-33.82835,151.24403,,Y,Y,Y,,,,,,,,
2026,TPG,2088009,-33.84045,151.23391,,Y,Y,Y,Y,,Y,Y,,,,
2026,TPG,2088011,-33.80622,151.24708,,Y,Y,Y,Y,,Y,,,,,
2026,TPG,2088013,-33.83397,151.24576,,Y,Y,Y,Y,,Y,Y,,,,
2026,TPG,2089002,-33.83986,151.22047,,Y,Y,Y,Y,,Y,Y,,,,
2026,TPG,2089003,-33.82856,151.21961,,Y,Y,Y,Y,,Y,Y,,,,
2026,TPG,2089004,-33.83203,151.22144,,Y,Y,Y,Y,,Y,Y,,,,
2026,TPG,2090001,-33.84159,151.22919,,Y,Y,Y,Y,,Y,Y,,,,
2026,TPG,2090002,-33.82865,151.22972,,Y,Y,Y,Y,,Y,Y,,,,
2026,TPG,2092002,-33.78227,151.2345,,Y,Y,Y,Y,,Y,Y,,,,
2026,TPG,2092003,-33.79704,151.25168,,Y,Y,Y,Y,,Y,Y,,,,
2026,TPG,2092005,-33.79276,151.24123,,Y,Y,Y,Y,,Y,,,,,
2026,TPG,2093001,-33.78823,151.26675,,Y,Y,Y,Y,,Y,Y,,,,
2026,TPG,2093002,-33.79685,151.25461,,Y,Y,Y,Y,,Y,Y,,,,
2026,TPG,2093009,-33.80931,151.26579,,Y,Y,Y,Y,,Y,,,,,
2026,TPG,2093010,-33.793257,151.264324,,Y,Y,Y,,,Y,,,,,
2026,TPG,2093023,-33.79341,151.2643,,Y,Y,Y,Y,,Y,Y,,,,
2026,TPG,2094001,-33.7963,151.27384,,Y,Y,Y,Y,,Y,Y,,,,
2026,TPG,2094002,-33.79949,151.28935,,Y,Y,Y,Y,,Y,Y,,,,
2026,TPG,2095002,-33.79187,151.28651,,Y,Y,Y,Y,,Y,Y,,,,
2026,TPG,2095003,-33.79703,151.28782,,Y,Y,Y,Y,,Y,Y,,,,
2026,TPG,2095004,-33.79639,151.28626,,Y,Y,Y,Y,,Y,Y,,,,
2026,TPG,2095016,-33.80532,151.28999,,Y,Y,Y,Y,,Y,Y,,,,
2026,TPG,2096002,-33.78008,151.29217,,Y,Y,Y,Y,,Y,Y,,,,
2026,TPG,2096004,-33.7758,151.27963,,Y,Y,Y,Y,,Y,,,,,
2026,TPG,2096005,-33.77955,151.2767,,Y,Y,Y,Y,,Y,Y,,,,
2026,TPG,2096006,-33.76468,151.29957,,Y,Y,Y,Y,,Y,,,,,
2026,TPG,2097001,-33.72942,151.29234,,Y,Y,Y,Y,,Y,Y,,,,
2026,TPG,2099001,-33.75974,151.28214,,Y,Y,Y,Y,,Y,Y,,,,
2026,TPG,2099002,-33.73262,151.28257,,Y,Y,Y,Y,,Y,Y,,,,
2026,TPG,2099007,-33.75203,151.28643,,Y,Y,Y,Y,,Y,Y,,,,
2026,TPG,2099008,-33.74449,151.29437,,Y,Y,Y,Y,,Y,Y,,,,
2026,TPG,2099013,-33.75598,151.29768,,Y,Y,Y,Y,,Y,Y,,,,
2026,TPG,2099014,-33.71747,151.2639,,Y,Y,,,,,,,,,
2026,TPG,2099016,-33.75195,151.27682,,Y,Y,Y,Y,,Y,Y,,,,
2026,TPG,2099017,-33.75449,151.28975,,Y,Y,Y,Y,,Y,Y,,,,
2026,TPG,2099018,-33.74066,151.28528,,Y,Y,Y,,,,,,,,
2026,TPG,2099022,-33.75531,151.28304,,Y,Y,Y,Y,,Y,Y,,,,
2026,TPG,2100001,-33.76786,151.26893,,Y,Y,Y,,,,,,,,
2026,TPG,2100002,-33.73946,151.24671,,Y,Y,Y,Y,,Y,Y,,,,
2026,TPG,2100003,-33.77872,151.24024,,Y,Y,Y,Y,,Y,Y,,,,
2026,TPG,2100005,-33.76485,151.27774,,Y,Y,Y,Y,,Y,Y,,,,
2026,TPG,2100006,-33.75648,151.24921,,Y,Y,Y,Y,,Y,Y,,,,
2026,TPG,2100007,-33.76714,151.24711,,,Y,Y,,,Y,,,,,
2026,TPG,2100009,-33.75543,151.26316,,Y,Y,Y,Y,,Y,,,,,
2026,TPG,2100010,-33.74529,151.26439,,Y,Y,Y,Y,,Y,Y,,,,
2026,TPG,2100011,-33.76644,151.26334,,Y,Y,Y,Y,,Y,Y,,,,
2026,TPG,2100018,-33.76687,151.26599,,Y,Y,Y,Y,,Y,,,,,
2026,TPG,2101003,-33.68204,151.26289,,Y,Y,Y,Y,,Y,Y,,,,
2026,TPG,2101006,-33.71033,151.29573,,Y,Y,Y,,,Y,,,,,
2026,TPG,2101007,-33.6958,151.27971,,Y,Y,Y,Y,,Y,Y,,,,
2026,TPG,2101009,-33.66468,151.2782,,Y,Y,Y,Y,,Y,,,,,
2026,TPG,2101012,-33.68555,151.23413,,Y,Y,Y,Y,,Y,Y,,,,
2026,TPG,2102001,-33.69259,151.3016,,Y,Y,Y,Y,,Y,Y,,,,
2026,TPG,2103001,-33.67814,151.3016,,Y,Y,Y,Y,,Y,Y,,,,
2026,TPG,2103004,-33.67801,151.29276,,Y,Y,Y,Y,,Y,Y,,,,
2026,TPG,2105001,-33.6458,151.28047,,Y,Y,,,,,,,,,
2026,TPG,2106001,-33.65486,151.32119,,Y,Y,Y,Y,,Y,Y,,,,
2026,TPG,2106005,-33.6662,151.31725,,Y,Y,Y,,,Y,,,,,
2026,TPG,2106006,-33.64657,151.32262,,Y,Y,Y,Y,,Y,Y,,,,
2026,TPG,2107001,-33.64314,151.31377,,Y,Y,Y,Y,,Y,Y,,,,
2026,TPG,2107003,-33.63536,151.32837,,Y,Y,Y,Y,,Y,Y,,,,
2026,TPG,2107006,-33.62453,151.33282,,Y,Y,,,,,,,,,
2026,TPG,2107011,-33.6115,151.33013,,Y,Y,Y,Y,,Y,Y,,,,
2026,TPG,2108001,-33.60502,151.32683,,Y,Y,Y,Y,,Y,Y,,,,
2026,TPG,2110001,-33.82572,151.13872,,,Y,Y,,,,,,,,
2026,TPG,2110003,-33.84027,151.17136,,Y,Y,Y,Y,,Y,Y,,,,
2026,TPG,2110005,-33.83417,151.14506,,Y,Y,Y,,,,,,,,
2026,TPG,2110010,-33.83489,151.15585,,Y,Y,Y,Y,,Y,Y,,,,
2026,TPG,2110027,-33.82217,151.13478,,Y,Y,Y,Y,,Y,Y,,,,
2026,TPG,2111003,-33.83717,151.13318,,Y,Y,Y,Y,,Y,Y,,,,
2026,TPG,2111007,-33.83018,151.12635,,Y,Y,Y,Y,,Y,Y,,,,
2026,TPG,2112001,-33.81069,151.10625,,Y,Y,Y,Y,,Y,Y,,,,
2026,TPG,2112002,-33.80252,151.10241,,Y,Y,Y,Y,,Y,Y,,,,
2026,TPG,2112006,-33.82334,151.10843,,Y,Y,Y,,,,,,,,
2026,TPG,2112008,-33.81367,151.1054,,Y,Y,Y,Y,,Y,Y,,,,
2026,TPG,2112014,-33.8124,151.10605,,Y,Y,Y,Y,,Y,,,,,
2026,TPG,2112016,-33.81725,151.12341,,Y,Y,Y,Y,,Y,Y,,,,
2026,TPG,2113001,-33.76433,151.10687,,Y,Y,Y,Y,,Y,Y,,,,
2026,TPG,2113002,-33.78731,151.12866,,Y,Y,Y,Y,,Y,Y,,,,
2026,TPG,2113005,-33.80008,151.12042,,Y,Y,Y,Y,,Y,Y,,,,
2026,TPG,2113009,-33.79607,151.1434,,Y,Y,Y,Y,,Y,Y,,,,
2026,TPG,2113010,-33.776941,151.120214,,Y,Y,Y,Y,,Y,Y,,,,
2026,TPG,2113015,-33.78103,151.11304,,Y,Y,Y,,,,,,,,
2026,TPG,2113016,-33.79456,151.1186,,Y,Y,Y,Y,,Y,Y,,,,
2026,TPG,2113024,-33.80332,151.13915,,Y,Y,Y,Y,,Y,Y,,,,
2026,TPG,2113025,-33.76702,151.11424,,Y,Y,Y,Y,,Y,Y,,,,
2026,TPG,2113031,-33.78417,151.12749,,Y,Y,Y,Y,,Y,,,,,
2026,TPG,2113033,-33.79528,151.13917,,Y,Y,Y,,,Y,,,,,
2026,TPG,2113039,-33.7846,151.132,,Y,Y,Y,,,Y,,,,,
2026,TPG,2113043,-33.786344,151.125184,,Y,Y,Y,,,Y,,,,,
2026,TPG,2113044,-33.77946,151.12905,,Y,Y,Y,Y,,Y,Y,,,,
2026,TPG,2113052,-33.797344,151.143689,,Y,Y,Y,,,Y,,,,,
2026,TPG,2113064,-33.78763,151.13471,,Y,Y,Y,Y,,Y,Y,,,,
2026,TPG,2113065,-33.77317,151.11903,,Y,Y,Y,Y,,Y,Y,,,,
2026,TPG,2113084,-33.78119,151.12195,,Y,Y,Y,Y,,Y,Y,,,,
2026,TPG,2114001,-33.80694,151.08494,,Y,Y,Y,Y,,Y,Y,,,,
2026,TPG,2114004,-33.81562,151.09113,,Y,Y,Y,Y,,Y,Y,,,,
2026,TPG,2114006,-33.79092,151.08616,,Y,Y,Y,Y,,Y,Y,,,,
2026,TPG,2114008,-33.8064,151.0746,,Y,Y,Y,Y,,Y,Y,,,,
2026,TPG,2114009,-33.81091,151.0933,,Y,Y,Y,Y,,Y,Y,,,,
2026,TPG,2114040,-33.80771,151.09093,,Y,Y,Y,Y,,Y,Y,,,,
2026,TPG,2115001,-33.80001,151.0573,,Y,Y,Y,Y,,Y,Y,,,,
2026,TPG,2116001,-33.80809,151.02345,,Y,Y,Y,Y,,Y,Y,Y,,,
2026,TPG,2116005,-33.81175,151.03477,,Y,Y,Y,Y,,Y,Y,,,,
2026,TPG,2117002,-33.7951,151.0346,,Y,Y,Y,Y,,Y,Y,,,,
2026,TPG,2117004,-33.80429,151.0399,,Y,Y,Y,Y,,Y,Y,,,,
2026,TPG,2118002,-33.77534,151.05214,,Y,Y,Y,Y,,Y,Y,,,,
2026,TPG,2118003,-33.78297,151.04298,,Y,Y,Y,Y,,Y,Y,,,,
2026,TPG,2118009,-33.76525,151.05771,,Y,Y,Y,Y,,Y,,,,,
2026,TPG,2118011,-33.77941,151.05312,,Y,Y,Y,Y,,Y,Y,,,,
2026,TPG,2118018,-33.76013,151.04112,,Y,Y,Y,Y,,Y,Y,,,,
2026,TPG,2119001,-33.75446,151.05701,,Y,Y,Y,Y,,Y,Y,,,,
2026,TPG,2119004,-33.75743,151.07945,,Y,Y,Y,Y,,Y,,,,,
2026,TPG,2119010,-33.74936,151.06466,,Y,Y,Y,Y,,Y,Y,,,,
2026,TPG,2120003,-33.73981,151.06927,,Y,Y,Y,Y,,Y,Y,,,,
2026,TPG,2120004,-33.74005,151.05798,,Y,Y,Y,Y,,Y,Y,,,,
2026,TPG,2120005,-33.71563,151.07375,,Y,Y,Y,Y,,Y,Y,,,,
2026,TPG,2120008,-33.743,151.07948,,Y,Y,,,,,,,,,
2026,TPG,2120010,-33.72381,151.08463,,Y,Y,Y,Y,,Y,Y,,,,
2026,TPG,2120016,-33.73109,151.08154,,Y,Y,Y,Y,,Y,Y,,,,
2026,TPG,2120023,-33.7273,151.0845,,Y,Y,Y,Y,,Y,,,,,
2026,TPG,2121002,-33.77453,151.0816,,Y,Y,Y,Y,,Y,Y,,,,
2026,TPG,2121003,-33.77285,151.08021,,Y,Y,Y,Y,,Y,Y,,,,
2026,TPG,2121005,-33.76189,151.07064,,Y,Y,,,,,,,,,
2026,TPG,2121007,-33.764235,151.085861,,Y,Y,Y,Y,,Y,,,,,
2026,TPG,2121007,-33.76398,151.09065,,Y,Y,Y,Y,,Y,Y,,,,
2026,TPG,2121011,-33.75896,151.10077,,,Y,,,,,,,,,
2026,TPG,2121015,-33.78259,151.07089,,Y,Y,Y,Y,,Y,Y,,,,
2026,TPG,2122002,-33.79186,151.08124,,Y,Y,Y,,,,,,,,
2026,TPG,2122003,-33.78356,151.0944,,Y,Y,Y,Y,,Y,Y,,,,
2026,TPG,2122004,-33.79567,151.06527,,Y,Y,Y,Y,,Y,Y,,,,
2026,TPG,2122006,-33.7771,151.09928,,,,Y,,,,,,,,
2026,TPG,2122008,-33.77142,151.09964,,Y,Y,Y,,,,,,,,
2026,TPG,2122013,-33.77015,151.10324,,Y,Y,Y,,,,,,,,
2026,TPG,2122014,-33.78703,151.11293,,Y,Y,Y,Y,,Y,Y,,,,
2026,TPG,2125002,-33.74027,151.03804,,Y,Y,Y,Y,,Y,Y,,,,
2026,TPG,2125007,-33.74737,151.04943,,,,Y,,,,,,,,
2026,TPG,2125008,-33.7462,151.03809,,Y,Y,Y,Y,,Y,Y,,,,
2026,TPG,2125010,-33.7465,151.0302,,Y,Y,Y,Y,,Y,,,,,
2026,TPG,2126003,-33.7204,151.0452,,Y,Y,,,,,,,,,
2026,TPG,2126004,-33.72406,151.03874,,Y,Y,Y,Y,,Y,,,,,
2026,TPG,2127004,-33.84694,151.06341,,Y,Y,Y,Y,,Y,Y,,,,
2026,TPG,2127006,-33.84342,151.07422,,Y,Y,Y,Y,,Y,Y,,,,
2026,TPG,2127010,-33.848016,151.067316,,Y,Y,,,,,,,,,
2026,TPG,2127010,-33.84813,151.0674,,Y,Y,Y,Y,,Y,Y,,,,
2026,TPG,2127011,-33.85095,151.06359,,Y,Y,Y,Y,,Y,Y,,,,
2026,TPG,2127013,-33.832757,151.057426,,Y,Y,Y,,,Y,,,,,
2026,TPG,2127015,-33.84305,151.06673,,Y,Y,Y,Y,,Y,Y,,,,
2026,TPG,2127038,-33.84648,151.06821,,Y,Y,Y,Y,,Y,Y,,,,
2026,TPG,2127065,-33.82972,151.07604,,Y,Y,Y,Y,,Y,Y,,,,
2026,TPG,2128003,-33.82954,151.05175,,Y,Y,Y,Y,,Y,Y,,,,
2026,TPG,2128005,-33.81369,151.05243,,Y,Y,Y,,,,,,,,
2026,TPG,2128012,-33.83883,151.05305,,Y,Y,Y,Y,,Y,Y,,,,
2026,TPG,2128014,-33.83289,151.03597,,Y,Y,Y,Y,,Y,Y,,,,
2026,TPG,2130003,-33.8954,151.13902,,Y,Y,Y,Y,,Y,Y,,,,
2026,TPG,2130010,-33.890037,151.137416,,,Y,Y,,,,,,,,
2026,TPG,2131008,-33.8874,151.122,,,Y,Y,,,,,,,,
2026,TPG,2131011,-33.889614,151.124046,,Y,Y,Y,Y,,Y,,,,,
2026,TPG,2131013,-33.89089,151.12746,,Y,Y,Y,Y,,Y,Y,,,,
2026,TPG,2132001,-33.87478,151.12631,,Y,Y,Y,Y,,Y,Y,,,,
2026,TPG,2132003,-33.88481,151.11365,,,Y,Y,,,,,,,,
2026,TPG,2132004,-33.88147,151.11345,,Y,Y,Y,Y,,Y,Y,,,,
2026,TPG,2133001,-33.89965,151.1063,,Y,Y,Y,Y,,Y,Y,,,,
2026,TPG,2134002,-33.87301,151.10493,,Y,Y,Y,Y,,Y,Y,,,,
2026,TPG,2134004,-33.87465,151.106335,,Y,Y,Y,,,Y,Y,,,,
2026,TPG,2134006,-33.87069,151.10536,,Y,Y,Y,Y,,Y,Y,,,,
2026,TPG,2134025,-33.87703,151.1021,,Y,Y,Y,Y,,Y,Y,Y,,,
2026,TPG,2135001,-33.87312,151.09251,,Y,Y,Y,Y,,Y,Y,,,,
2026,TPG,2135002,-33.87511,151.06686,,Y,Y,Y,,,,,,,,
2026,TPG,2135003,-33.88464,151.08276,,Y,Y,Y,Y,,Y,Y,,,,
2026,TPG,2135008,-33.8912,151.08289,,,Y,Y,,,,,,,,
2026,TPG,2135010,-33.871529,151.094396,,Y,Y,Y,,,Y,,,,,
2026,TPG,2135012,-33.87251,151.08325,,Y,Y,Y,Y,,Y,Y,,,,
2026,TPG,2135017,-33.872034,151.093729,,,Y,Y,,,,,,,,
2026,TPG,2136001,-33.88656,151.09327,,Y,Y,Y,Y,,Y,Y,,,,
2026,TPG,2136004,-33.89089,151.07397,,Y,Y,Y,,,,,,,,
2026,TPG,2137002,-33.85845,151.09279,,Y,Y,Y,Y,,Y,Y,,,,
2026,TPG,2137009,-33.84784,151.10786,,Y,Y,Y,Y,,Y,Y,,,,
2026,TPG,2137012,-33.86283,151.10809,,Y,Y,Y,Y,,Y,Y,,,,
2026,TPG,2137023,-33.86613,151.09106,,Y,Y,Y,Y,,Y,Y,,,,
2026,TPG,2137027,-33.862994,151.087998,,Y,Y,Y,,,,,,,,
2026,TPG,2137048,-33.860887,151.080183,,Y,Y,Y,Y,,Y,,,,,
2026,TPG,2138001,-33.84845,151.09021,,Y,Y,Y,Y,,Y,Y,,,,
2026,TPG,2138003,-33.82533,151.0918,,Y,Y,Y,Y,,Y,Y,,,,
2026,TPG,2138005,-33.835577,151.085084,,Y,Y,Y,,,Y,Y,,,,
2026,TPG,2138006,-33.83086,151.08767,,Y,Y,Y,Y,,Y,Y,,,,
2026,TPG,2138011,-33.83334,151.08593,,Y,Y,Y,Y,,Y,Y,,,,
2026,TPG,2138012,-33.833482,151.085137,,Y,Y,Y,,,Y,,,,,
2026,TPG,2139001,-33.83741,151.09283,,Y,Y,Y,,,,,,,,
2026,TPG,2140002,-33.84334,151.05919,,Y,Y,Y,Y,,Y,Y,,,,
2026,TPG,2140004,-33.86084,151.0744,,Y,Y,Y,Y,,Y,Y,,,,
2026,TPG,2140005,-33.84625,151.06097,,Y,Y,Y,Y,,Y,,,,,
2026,TPG,2140007,-33.86401,151.07401,,Y,Y,Y,,,,,,,,
2026,TPG,2140008,-33.85528,151.07545,,Y,Y,Y,Y,,Y,Y,,,,
2026,TPG,2140011,-33.85057,151.06633,,Y,Y,Y,,,Y,,,,,
2026,TPG,2140012,-33.84636,151.0685,,Y,Y,Y,,,Y,,,,,
2026,TPG,2140013,-33.846532,151.069532,,Y,Y,Y,Y,,Y,,,,,
2026,TPG,2140018,-33.8564,151.0652,,Y,Y,Y,Y,,Y,Y,,,,
2026,TPG,2140021,-33.84351,151.06374,,Y,Y,Y,Y,,Y,Y,,,,
2026,TPG,2140026,-33.855511,151.076805,,Y,Y,Y,Y,,Y,,,,,
2026,TPG,2141003,-33.86504,151.04735,,Y,Y,Y,Y,,Y,Y,,,,
2026,TPG,2141004,-33.88259,151.04739,,Y,Y,Y,,,,,,,,
2026,TPG,2141005,-33.8497,151.04639,,Y,Y,,,,,,,,,
2026,TPG,2141009,-33.84487,151.043,,Y,Y,Y,Y,,Y,Y,,,,
2026,TPG,2141013,-33.8511,151.05012,,Y,Y,Y,Y,,Y,Y,,,,
2026,TPG,2141015,-33.87226,151.03308,,Y,Y,Y,Y,,Y,Y,,,,
2026,TPG,2141068,-33.86012,151.06012,,Y,Y,Y,Y,,Y,Y,,,,
2026,TPG,2142003,-33.81871,151.02016,,Y,Y,Y,Y,,Y,Y,Y,,,
2026,TPG,2142004,-33.84016,151.0172,,Y,Y,Y,Y,,Y,Y,,,,
2026,TPG,2142005,-33.82339,151.0206,,Y,Y,Y,Y,,Y,Y,Y,,,
2026,TPG,2142009,-33.85289,151.01707,,Y,Y,Y,,,,,,,,
2026,TPG,2142013,-33.82645,151.00683,,Y,Y,Y,Y,,Y,Y,,,,
2026,TPG,2142015,-33.82173,151.03753,,Y,Y,Y,Y,,Y,Y,,,,
2026,TPG,2142016,-33.83501,151.0082,,Y,Y,Y,Y,,Y,Y,,,,
2026,TPG,2142025,-33.83209,151.02095,,Y,Y,Y,Y,,Y,Y,,,,
2026,TPG,2143002,-33.88436,151.01773,,Y,Y,Y,Y,,Y,Y,,,,
2026,TPG,2144003,-33.86368,151.01613,,Y,Y,Y,Y,,Y,Y,,,,
2026,TPG,2144004,-33.8506,151.03207,,Y,Y,Y,Y,,Y,Y,,,,
2026,TPG,2144007,-33.83612,151.023,,Y,Y,Y,,,,,,,,
2026,TPG,2144008,-33.83886,151.0346,,Y,Y,Y,,,,,,,,
2026,TPG,2144009,-33.84502,151.01674,,Y,Y,Y,Y,,Y,Y,,,,
2026,TPG,2144010,-33.87629,151.02419,,Y,Y,Y,Y,,Y,Y,,,,
2026,TPG,2144011,-33.85812,151.02871,,Y,Y,Y,Y,,Y,Y,,,,
2026,TPG,2144012,-33.860672,151.033024,,,Y,Y,,,Y,,,,,
2026,TPG,2144012,-33.86062,151.03301,,Y,Y,Y,Y,,Y,Y,,,,
2026,TPG,2144013,-33.8405,151.0345,,Y,Y,Y,Y,,Y,Y,,,,
2026,TPG,2145002,-33.82914,150.95127,,Y,Y,Y,Y,,Y,Y,,,,
2026,TPG,2145007,-33.79701,150.95782,,Y,Y,Y,Y,,Y,Y,,,,
2026,TPG,2145008,-33.802882,150.98829,,Y,Y,Y,Y,,Y,,,,,
2026,TPG,2145008,-33.80394,150.98782,,Y,Y,Y,Y,,Y,Y,,,,
2026,TPG,2145009,-33.80129,150.94254,,Y,Y,Y,Y,,Y,Y,,,,
2026,TPG,2145010,-33.81693,150.96405,,Y,Y,Y,Y,,Y,Y,,,,
2026,TPG,2145011,-33.82591,150.94445,,Y,Y,Y,Y,,Y,Y,,,,
2026,TPG,2145014,-33.80786,150.94172,,Y,Y,Y,Y,,Y,Y,,,,
2026,TPG,2145019,-33.81343,150.95203,,Y,Y,,,,,,,,,
2026,TPG,2145030,-33.80787,150.98656,,Y,Y,Y,Y,,Y,Y,,,,
2026,TPG,2145033,-33.81874,150.93325,,Y,Y,Y,Y,,Y,Y,,,,
2026,TPG,2146002,-33.78259,150.96922,,Y,Y,Y,Y,,Y,Y,,,,
2026,TPG,2146003,-33.78777,150.95003,,Y,Y,Y,Y,,Y,Y,,,,
2026,TPG,2147001,-33.7846,150.92473,,Y,Y,Y,Y,,Y,Y,,,,
2026,TPG,2147002,-33.7743,150.9488,,Y,Y,Y,Y,,Y,Y,,,,
2026,TPG,2147003,-33.76368,150.92002,,Y,Y,Y,Y,,Y,Y,,,,
2026,TPG,2147004,-33.77535,150.93218,,Y,Y,Y,Y,,Y,,,,,
2026,TPG,2147006,-33.76514,150.93983,,Y,Y,Y,Y,,Y,Y,,,,
2026,TPG,2147007,-33.74871,150.92312,,Y,Y,Y,Y,,Y,Y,,,,
2026,TPG,2147011,-33.7556,150.94343,,Y,Y,Y,Y,,Y,Y,,,,
2026,TPG,2147013,-33.77858,150.95524,,Y,Y,Y,Y,,Y,Y,,,,
2026,TPG,2147014,-33.78398,150.94005,,Y,Y,Y,Y,,Y,,,,,
2026,TPG,2148001,-33.77183,150.90854,,Y,Y,Y,,,,,,,,
2026,TPG,2148003,-33.80834,150.91408,,Y,Y,Y,Y,,Y,Y,,,,
2026,TPG,2148005,-33.74914,150.90113,,Y,Y,Y,Y,,Y,Y,,,,
2026,TPG,2148007,-33.79387,150.89287,,Y,Y,Y,,,,,,,,
2026,TPG,2148008,-33.80017,150.91894,,Y,Y,Y,Y,,Y,Y,,,,
2026,TPG,2148010,-33.769877,150.905513,,Y,Y,Y,,,Y,Y,,,,
2026,TPG,2148012,-33.7617,150.90923,,Y,Y,Y,Y,,Y,Y,,,,
2026,TPG,2148013,-33.74437,150.88934,,Y,Y,Y,Y,,Y,Y,,,,
2026,TPG,2148015,-33.775641,150.917421,,Y,Y,Y,Y,,Y,,,,,
2026,TPG,2148015,-33.77733,150.91715,,Y,Y,Y,Y,,Y,Y,,,,
2026,TPG,2148025,-33.80762,150.90669,,Y,Y,Y,Y,,Y,Y,,,,
2026,TPG,2148028,-33.78424,150.90786,,Y,Y,Y,Y,,Y,,,,,
2026,TPG,2148030,-33.79293,150.88398,,Y,Y,Y,Y,,Y,Y,,,,
2026,TPG,2148052,-33.80096,150.87685,,Y,Y,Y,Y,,Y,Y,,,,
2026,TPG,2148057,-33.74678,150.90912,,Y,Y,Y,Y,,Y,Y,,,,
2026,TPG,2148061,-33.78878,150.88176,,Y,Y,Y,Y,,Y,Y,,,,
2026,TPG,2150001,-33.81896,150.99929,,Y,Y,Y,Y,,Y,Y,Y,,,
2026,TPG,2150003,-33.81386,151.0057,,Y,Y,Y,Y,,Y,Y,,,,
2026,TPG,2150004,-33.818129,151.001753,,Y,Y,Y,Y,,Y,Y,,,,
2026,TPG,2150004,-33.81742,151.0033,,Y,Y,Y,Y,,Y,Y,,,,
2026,TPG,2150005,-33.81466,150.99939,,Y,Y,Y,Y,,Y,Y,,,,
2026,TPG,2150006,-33.80747,151.00592,,Y,Y,Y,Y,,Y,Y,Y,,,
2026,TPG,2150007,-33.81599,151.005751,,Y,Y,Y,Y,,Y,,,,,
2026,TPG,2150011,-33.81399,151.00237,,Y,Y,Y,Y,,Y,Y,,,,
2026,TPG,2150027,-33.8151,151.009,,,Y,Y,,,,,,,,
2026,TPG,2150028,-33.8169,151.004,,,Y,Y,,,,,,,,
2026,TPG,2150038,-33.81608,151.00922,,Y,Y,Y,Y,,Y,Y,,,,
2026,TPG,2150039,-33.83013,151.01214,,Y,Y,Y,Y,,Y,Y,,,,
2026,TPG,2150040,-33.81952,151.00972,,Y,Y,Y,Y,,Y,Y,,,,
2026,TPG,2150053,-33.81817,150.9944,,Y,Y,Y,Y,,Y,Y,,,,
2026,TPG,2150056,-33.81346,151.00946,,Y,Y,Y,Y,,Y,Y,,,,
2026,TPG,2150067,-33.808608,150.999233,,Y,Y,Y,,,,,,,,
2026,TPG,2150097,-33.81952,151.00234,,Y,Y,Y,Y,,Y,Y,,,,
2026,TPG,2150119,-33.81669,151.00473,,Y,Y,Y,Y,,Y,,,,,
2026,TPG,2150120,-33.81584,151.00518,,Y,Y,Y,Y,,Y,,,,,
2026,TPG,2150124,-33.81639,151.00382,,Y,Y,Y,Y,,Y,,,,,
2026,TPG,2150130,-33.82198,151.00619,,Y,Y,Y,Y,,Y,Y,,,,
2026,TPG,2151001,-33.76639,151.01437,,Y,Y,Y,Y,,Y,Y,,,,
2026,TPG,2151002,-33.80539,151.00616,,Y,Y,Y,Y,,Y,Y,,,,
2026,TPG,2151004,-33.7954,151.0133,,Y,Y,Y,Y,,Y,,,,,
2026,TPG,2151005,-33.77527,151.01029,,Y,Y,Y,Y,,Y,Y,,,,
2026,TPG,2151006,-33.7625,151.02039,,Y,Y,Y,Y,,Y,Y,,,,
2026,TPG,2151009,-33.76922,151.02713,,Y,Y,Y,Y,,Y,Y,,,,
2026,TPG,2151009,-33.76898,151.02755,,,Y,Y,,,Y,Y,,,,
2026,TPG,2151015,-33.76994,151.04053,,Y,Y,Y,Y,,Y,,,,,
2026,TPG,2152001,-33.78959,150.99502,,Y,Y,Y,Y,,Y,Y,,,,
2026,TPG,2152002,-33.79801,150.98186,,Y,Y,Y,Y,,Y,Y,,,,
2026,TPG,2152004,-33.77718,151.00027,,Y,Y,Y,Y,,Y,Y,,,,
2026,TPG,2152005,-33.79291,150.99725,,Y,Y,Y,Y,,Y,Y,,,,
2026,TPG,2153001,-33.73608,150.95836,,Y,Y,Y,Y,,Y,Y,,,,
2026,TPG,2153002,-33.7755,150.96776,,Y,Y,Y,Y,,Y,Y,,,,
2026,TPG,2153003,-33.76198,150.99385,,Y,Y,Y,Y,,Y,Y,,,,
2026,TPG,2153007,-33.76123,150.95759,,Y,Y,Y,Y,,Y,Y,,,,
2026,TPG,2153008,-33.77184,150.96878,,Y,Y,Y,Y,,Y,Y,,,,
2026,TPG,2153009,-33.74433,150.98258,,Y,Y,Y,Y,,Y,Y,,,,
2026,TPG,2153010,-33.74734,150.9936,,Y,Y,Y,Y,,Y,Y,,,,
2026,TPG,2153011,-33.76443,150.98189,,Y,Y,,,,,,,,,
2026,TPG,2153019,-33.736549,150.949542,,Y,Y,Y,,,Y,,,,,
2026,TPG,2153022,-33.7788,150.98671,,Y,Y,Y,Y,,Y,,,,,
2026,TPG,2153024,-33.77205,150.98268,,Y,Y,Y,Y,,Y,Y,,,,
2026,TPG,2153027,-33.74669,150.97137,,Y,Y,Y,Y,,Y,Y,,,,
2026,TPG,2153032,-33.73333,150.94611,,Y,Y,Y,Y,,Y,Y,,,,
2026,TPG,2153033,-33.741497,150.949572,,Y,Y,Y,,,Y,,,,,
2026,TPG,2153035,-33.74671,150.95581,,Y,Y,Y,Y,,Y,Y,,,,
2026,TPG,2154001,-33.72131,151.01867,,Y,Y,Y,Y,,Y,Y,,,,
2026,TPG,2154003,-33.730638,151.005702,,Y,Y,Y,Y,,Y,,,,,
2026,TPG,2154003,-33.72993,151.00679,,Y,Y,Y,Y,,Y,Y,,,,
2026,TPG,2154004,-33.73939,150.99886,,Y,Y,Y,Y,,Y,Y,,,,
2026,TPG,2154006,-33.71721,150.9871,,Y,Y,Y,Y,,Y,Y,,,,
2026,TPG,2154009,-33.73467,150.97908,,Y,Y,Y,Y,,Y,Y,,,,
2026,TPG,2154011,-33.75153,151.00949,,Y,Y,Y,,,,,,,,
2026,TPG,2154012,-33.7314,150.97649,,Y,Y,Y,Y,,Y,Y,,,,
2026,TPG,2154013,-33.73411,151.02049,,Y,Y,Y,Y,,Y,Y,,,,
2026,TPG,2154014,-33.7309,150.96831,,Y,Y,Y,Y,,Y,Y,,,,
2026,TPG,2154022,-33.726,150.97624,,Y,Y,,Y,,Y,,,,,
2026,TPG,2154022,-33.726,150.97624,,Y,Y,,Y,,Y,,,,,
2026,TPG,2154028,-33.7315,151.00772,,Y,Y,Y,Y,,Y,,,,,
2026,TPG,2155002,-33.71794,150.95912,,Y,Y,Y,Y,,Y,Y,,,,
2026,TPG,2155005,-33.71306,150.97084,,Y,Y,Y,Y,,Y,Y,,,,
2026,TPG,2155007,-33.70483,150.96746,,Y,Y,Y,Y,,Y,Y,,,,
2026,TPG,2155008,-33.68461,150.92841,,Y,Y,Y,Y,,Y,Y,,,,
2026,TPG,2155012,-33.68852752,150.9288373,,Y,Y,Y,,,Y,Y,,,,
2026,TPG,2155016,-33.6981,150.94106,,Y,Y,Y,Y,,Y,Y,,,,
2026,TPG,2155024,-33.68598,150.95174,,Y,Y,Y,Y,,Y,Y,,,,
2026,TPG,2155030,-33.68345,150.90173,,Y,Y,Y,Y,,Y,Y,,,,
2026,TPG,2156001,-33.65142,150.93039,,Y,Y,Y,Y,,Y,Y,,,,
2026,TPG,2156005,-33.69114,150.99119,,Y,Y,Y,,,,,,,,
2026,TPG,2156007,-33.66993,151.00688,,Y,Y,Y,Y,,Y,,,,,
2026,TPG,2156009,-33.70594,151.01135,,Y,Y,Y,Y,,Y,Y,,,,
2026,TPG,2156010,-33.67127,150.95845,,Y,Y,,,,,,,,,
2026,TPG,2157001,-33.60008,151.00571,,Y,Y,Y,Y,,Y,Y,,,,
2026,TPG,2158002,-33.67656,151.03159,,Y,Y,Y,Y,,Y,Y,,,,
2026,TPG,2158003,-33.65504,151.02893,,Y,Y,Y,Y,,Y,Y,,,,
2026,TPG,2158004,-33.69894,151.05422,,Y,Y,Y,Y,,Y,Y,,,,
2026,TPG,2158006,-33.70568,151.02722,,Y,Y,Y,Y,,Y,Y,,,,
2026,TPG,2158011,-33.6932,151.0191,,Y,Y,Y,Y,,Y,Y,,,,
2026,TPG,2159001,-33.61758,151.05744,,Y,Y,Y,,,,,,,,
2026,TPG,2160003,-33.82833,150.99746,,Y,Y,Y,Y,,Y,Y,,,,
2026,TPG,2160004,-33.82655,150.98205,,Y,Y,Y,Y,,Y,Y,,,,
2026,TPG,2160006,-33.834987,150.988871,,Y,Y,Y,Y,,Y,Y,,,,
2026,TPG,2160007,-33.83652,150.99109,,Y,Y,Y,Y,,Y,Y,,,,
2026,TPG,2160008,-33.82448,150.9881,,Y,Y,Y,Y,,Y,Y,,,,
2026,TPG,2160010,-33.83335,150.96845,,Y,Y,Y,,,,,,,,
2026,TPG,2161001,-33.8478,150.96983,,Y,Y,Y,Y,,Y,Y,,,,
2026,TPG,2161002,-33.86267,150.99439,,Y,Y,Y,Y,,Y,Y,,,,
2026,TPG,2161003,-33.84615,150.97893,,Y,Y,Y,Y,,Y,Y,,,,
2026,TPG,2161005,-33.85469,150.98771,,Y,Y,Y,Y,,Y,Y,,,,
2026,TPG,2161006,-33.8646,150.9743,,Y,Y,Y,Y,,Y,Y,,,,
2026,TPG,2161011,-33.84978,150.99669,,Y,Y,Y,Y,,Y,,,,,
2026,TPG,2161019,-33.85515,150.95803,,Y,Y,Y,Y,,Y,Y,,,,
2026,TPG,2161020,-33.8697,150.98043,,Y,Y,Y,Y,,Y,Y,,,,
2026,TPG,2162003,-33.89376,151.00891,,Y,Y,Y,,,,,,,,
2026,TPG,2162005,-33.88293,151.00156,,Y,Y,Y,Y,,Y,Y,,,,
2026,TPG,2162011,-33.87223,151.00537,,Y,Y,Y,Y,,Y,Y,,,,
2026,TPG,2163002,-33.8774,150.96612,,,,Y,,,,,,,,
2026,TPG,2163003,-33.88962,150.97121,,Y,Y,Y,Y,,Y,Y,,,,
2026,TPG,2163005,-33.88122,150.97815,,,Y,Y,,,,,,,,
2026,TPG,2163011,-33.89064,150.98822,,Y,Y,Y,,,,,,,,
2026,TPG,2163012,-33.90646,150.97897,,Y,Y,Y,Y,,Y,Y,,,,
2026,TPG,2163017,-33.87868,150.99254,,Y,Y,Y,Y,,Y,Y,,,,
2026,TPG,2164006,-33.85134,150.88958,,Y,Y,Y,Y,,Y,Y,,,,
2026,TPG,2164007,-33.84161,150.91811,,Y,Y,Y,Y,,Y,Y,,,,
2026,TPG,2164008,-33.84064,150.9402,,Y,Y,Y,Y,,Y,Y,,,,
2026,TPG,2164009,-33.83646,150.88686,,Y,Y,Y,Y,,Y,Y,,,,
2026,TPG,2164011,-33.85007,150.94326,,Y,Y,Y,Y,,Y,Y,,,,
2026,TPG,2164012,-33.86157,150.85494,,Y,Y,Y,Y,,Y,Y,,,,
2026,TPG,2164019,-33.84617,150.9087,,Y,Y,Y,Y,,Y,Y,,,,
2026,TPG,2164028,-33.83485,150.90278,,Y,Y,Y,Y,,Y,Y,,,,
2026,TPG,2164029,-33.85144,150.93277,,Y,Y,Y,Y,,Y,Y,,,,
2026,TPG,2164034,-33.84049,150.95484,,Y,Y,Y,Y,,Y,Y,,,,
2026,TPG,2164048,-33.83887,150.93428,,Y,Y,Y,Y,,Y,Y,,,,
2026,TPG,2165001,-33.87116,150.95647,,Y,Y,Y,Y,,Y,Y,,,,
2026,TPG,2165005,-33.8622,150.93873,,Y,Y,Y,Y,,Y,Y,,,,
2026,TPG,2165008,-33.86999,150.92758,,Y,Y,Y,Y,,Y,,,,,
2026,TPG,2165009,-33.88167,150.90987,,Y,Y,Y,Y,,Y,Y,,,,
2026,TPG,2165014,-33.86868,150.922806,,Y,Y,Y,Y,,Y,,,,,
2026,TPG,2166001,-33.906,150.9666,,Y,Y,Y,Y,,Y,Y,,,,
2026,TPG,2166002,-33.88293,150.93998,,Y,Y,Y,Y,,Y,Y,,,,
2026,TPG,2166004,-33.88462,150.92402,,Y,Y,Y,Y,,Y,Y,,,,
2026,TPG,2166005,-33.89478,150.94614,,Y,Y,Y,Y,,Y,Y,,,,
2026,TPG,2166007,-33.87872,150.91477,,Y,Y,Y,Y,,Y,Y,,,,
2026,TPG,2166010,-33.89606,150.95586,,Y,Y,Y,Y,,Y,Y,,,,
2026,TPG,2166011,-33.90059,150.91688,,Y,Y,Y,Y,,Y,Y,,,,
2026,TPG,2166012,-33.89362,150.93578,,Y,Y,Y,Y,,Y,Y,Y,,,
2026,TPG,2166014,-33.90321,150.93421,,Y,Y,Y,Y,,Y,,,,,
2026,TPG,2166015,-33.87575,150.94391,,Y,Y,Y,Y,,Y,Y,,,,
2026,TPG,2166017,-33.89441,150.90343,,Y,Y,Y,Y,,Y,,,,,
2026,TPG,2166018,-33.89214,150.9165,,Y,Y,Y,Y,,Y,Y,,,,
2026,TPG,2167001,-33.96805,150.90451,,Y,Y,Y,Y,,Y,Y,,,,
2026,TPG,2167004,-33.97719,150.89891,,Y,Y,Y,Y,,Y,Y,,,,
2026,TPG,2168002,-33.91955,150.88507,,Y,Y,Y,Y,,Y,Y,,,,
2026,TPG,2168003,-33.86675,151.06477,,Y,Y,Y,Y,,Y,Y,,,,
2026,TPG,2168004,-33.91646,150.90543,,Y,Y,Y,Y,,Y,Y,,,,
2026,TPG,2168005,-33.90731,150.86866,,Y,Y,Y,,,Y,,,,,
2026,TPG,2168006,-33.92738,150.895,,Y,Y,Y,Y,,Y,Y,,,,
2026,TPG,2168007,-33.90561,150.88489,,Y,Y,Y,Y,,Y,Y,,,,
2026,TPG,2170004,-33.90869,150.92369,,Y,Y,Y,Y,,Y,Y,,,,
2026,TPG,2170005,-33.92262,150.92594,,Y,Y,Y,,,,,,,,
2026,TPG,2170006,-33.92095,150.96523,,Y,Y,Y,Y,,Y,Y,,,,
2026,TPG,2170007,-33.93442,150.88656,,Y,Y,Y,Y,,Y,Y,,,,
2026,TPG,2170008,-33.94581,150.95563,,Y,Y,Y,Y,,Y,Y,,,,
2026,TPG,2170009,-33.94432,150.88723,,Y,Y,Y,Y,,Y,Y,,,,
2026,TPG,2170011,-33.95762,150.89041,,Y,Y,Y,Y,,Y,Y,,,,
2026,TPG,2170012,-33.93846,150.93071,,Y,Y,Y,Y,,Y,Y,,,,
2026,TPG,2170013,-33.91479,150.94232,,Y,Y,Y,Y,,Y,Y,,,,
2026,TPG,2170014,-33.94897,150.90675,,Y,Y,Y,Y,,Y,Y,,,,
2026,TPG,2170015,-33.94118,150.94149,,Y,Y,Y,Y,,Y,Y,,,,
2026,TPG,2170016,-33.90808,150.89924,,Y,Y,Y,Y,,Y,Y,,,,
2026,TPG,2170017,-33.93021,150.91809,,Y,Y,Y,Y,,Y,Y,,,,
2026,TPG,2170018,-33.93362,150.86541,,Y,Y,Y,Y,,Y,Y,,,,
2026,TPG,2170026,-33.94118,150.90237,,Y,Y,Y,Y,,Y,Y,,,,
2026,TPG,2170027,-33.92944,150.95589,,Y,Y,Y,Y,,Y,Y,,,,
2026,TPG,2170030,-33.93302,150.94045,,Y,Y,Y,Y,,Y,Y,,,,
2026,TPG,2170032,-33.90265,150.94296,,Y,Y,Y,,,,,,,,
2026,TPG,2170033,-33.93102,150.9086,,Y,Y,Y,Y,,Y,Y,,,,
2026,TPG,2170040,-33.94508,150.85919,,Y,Y,Y,Y,,Y,,,,,
2026,TPG,2170041,-33.91655,150.96615,,Y,Y,Y,Y,,Y,Y,,,,
2026,TPG,2170047,-33.95688,150.95857,,Y,Y,Y,,,,,,,,
2026,TPG,2170048,-33.91907308,150.924245,,Y,Y,Y,Y,,Y,Y,,,,
2026,TPG,2170052,-33.919933,150.930719,,Y,Y,Y,Y,,Y,,,,,
2026,TPG,2170053,-33.93623,150.91437,,Y,Y,Y,Y,,Y,Y,,,,
2026,TPG,2170067,-33.949321,150.899829,,Y,Y,,Y,,,,,,,
2026,TPG,2170075,-33.9487,150.92977,,Y,Y,Y,Y,,Y,Y,,,,
2026,TPG,2170088,-33.96359,150.8792,,Y,Y,Y,Y,,Y,Y,,,,
2026,TPG,2171001,-33.87316,150.83843,,Y,Y,Y,Y,,Y,Y,,,,
2026,TPG,2171002,-33.94676,150.82429,,Y,Y,Y,Y,,Y,Y,,,,
2026,TPG,2171003,-33.93313,150.76942,,Y,Y,Y,Y,,Y,Y,,,,
2026,TPG,2171004,-33.91333,150.71083,,Y,Y,Y,Y,,Y,Y,,,,
2026,TPG,2171006,-33.87103,150.79494,,Y,Y,,,,,,,,,
2026,TPG,2171009,-33.92693,150.80634,,Y,Y,Y,Y,,Y,Y,,,,
2026,TPG,2171010,-33.97954,150.79671,,Y,Y,Y,Y,,Y,Y,,,,
2026,TPG,2171012,-33.9411,150.72603,,Y,Y,Y,Y,,Y,Y,,,,
2026,TPG,2171014,-33.98589,150.99354,,Y,Y,Y,Y,,Y,Y,,,,
2026,TPG,2171015,-33.92752,150.86967,,,,Y,,,,,,,,
2026,TPG,2171024,-33.93679,150.84609,,Y,Y,Y,Y,,Y,Y,,,,
2026,TPG,2171027,-33.8798,150.8333,,Y,Y,Y,Y,,Y,Y,,,,
2026,TPG,2171028,-33.91966,150.83296,,Y,Y,Y,Y,,Y,Y,,,,
2026,TPG,2171029,-33.88866,150.85511,,Y,Y,Y,Y,,Y,Y,,,,
2026,TPG,2174006,-33.97055,150.85897,,Y,Y,Y,Y,,Y,Y,,,,
2026,TPG,2175001,-33.84166,150.8671,,Y,Y,,,,,,,,,
2026,TPG,2175005,-33.82857,150.82985,,Y,Y,Y,Y,,Y,Y,,,,
2026,TPG,2176001,-33.87618,150.85876,,Y,Y,Y,Y,,Y,Y,,,,
2026,TPG,2176002,-33.87637,150.87359,,Y,Y,Y,Y,,Y,Y,,,,
2026,TPG,2176003,-33.86471,150.90471,,Y,Y,Y,Y,,Y,Y,,,,
2026,TPG,2176004,-33.86328,150.88111,,Y,Y,Y,,,,,,,,
2026,TPG,2176006,-33.86025,150.91759,,Y,Y,Y,Y,,Y,Y,,,,
2026,TPG,2176007,-33.858875,150.898267,,Y,Y,Y,Y,,Y,Y,,,,
2026,TPG,2176007,-33.85789,150.89973,,Y,Y,Y,,,,,,,,
2026,TPG,2176008,-33.87121,150.88715,,Y,Y,Y,Y,,Y,,,,,
2026,TPG,2176010,-33.88312,150.88886,,Y,Y,Y,Y,,Y,Y,,,,
2026,TPG,2177001,-33.89402,150.89097,,Y,Y,Y,Y,,Y,Y,,,,
2026,TPG,2177003,-33.88781,150.87367,,Y,Y,Y,,,,,,,,
2026,TPG,2178002,-33.90592,150.85438,,Y,Y,Y,Y,,Y,Y,,,,
2026,TPG,2178005,-33.90284,150.76485,,Y,Y,Y,Y,,Y,Y,,,,
2026,TPG,2178006,-33.91512,150.85464,,Y,Y,Y,Y,,Y,Y,,,,
2026,TPG,2190001,-33.88268,151.06866,,Y,Y,Y,,,,,,,,
2026,TPG,2190002,-33.90233,151.06515,,Y,Y,Y,Y,,Y,Y,,,,
2026,TPG,2190003,-33.89003,151.03935,,Y,Y,Y,Y,,Y,Y,,,,
2026,TPG,2190005,-33.88955,151.06069,,Y,Y,Y,Y,,Y,Y,,,,
2026,TPG,2190009,-33.91352,151.05847,,Y,Y,Y,,,,,,,,
2026,TPG,2190029,-33.901835,151.048714,,,Y,Y,,,,,,,,
2026,TPG,2190040,-33.903325,151.059836,,,Y,Y,,,,,,,,
2026,TPG,2190046,-33.9082,151.07439,,Y,Y,Y,Y,,Y,Y,,,,
2026,TPG,2190048,-33.89859,151.04334,,Y,Y,Y,Y,,Y,Y,,,,
2026,TPG,2191001,-33.90243,151.0836,,Y,Y,Y,Y,,Y,Y,,,,
2026,TPG,2192001,-33.91538,151.09536,,Y,Y,Y,Y,,Y,Y,,,,
2026,TPG,2192002,-33.92184,151.09495,,Y,Y,Y,Y,,Y,Y,,,,
2026,TPG,2192004,-33.91802,151.08785,,Y,Y,Y,Y,,Y,Y,,,,
2026,TPG,2193010,-33.91145,151.11647,,Y,Y,Y,Y,,Y,Y,,,,
2026,TPG,2194002,-33.91135,151.10395,,Y,Y,Y,Y,,Y,Y,,,,
2026,TPG,2194003,-33.91925,151.1031,,,,Y,,,,,,,,
2026,TPG,2194006,-33.910593,151.10363,,,Y,Y,,,,,,,,
2026,TPG,2194008,-33.90664,151.10202,,Y,Y,Y,Y,,Y,Y,,,,
2026,TPG,2195003,-33.92076,151.07624,,Y,Y,Y,Y,,Y,Y,,,,
2026,TPG,2195004,-33.91682,151.06441,,Y,Y,Y,Y,,Y,Y,,,,
2026,TPG,2195005,-33.9265,151.08268,,Y,Y,Y,Y,,Y,Y,,,,
2026,TPG,2195007,-33.9196,151.077,,,Y,Y,,,,,,,,
2026,TPG,2195008,-33.9222,151.068,,,Y,Y,,,,,,,,
2026,TPG,2195009,-33.93086,151.06481,,Y,Y,Y,Y,,Y,Y,,,,
2026,TPG,2196001,-33.92564,151.05503,,Y,Y,Y,Y,,Y,Y,,,,
2026,TPG,2196002,-33.93822,151.06031,,Y,Y,Y,Y,,Y,Y,,,,
2026,TPG,2196003,-33.9312,151.07507,,Y,Y,Y,Y,,Y,Y,,,,
2026,TPG,2196005,-33.935172,151.069166,,Y,Y,Y,,,Y,Y,,,,
2026,TPG,2196011,-33.93138,151.06229,,Y,Y,Y,Y,,Y,Y,,,,
2026,TPG,2196026,-33.919179,151.051189,,,Y,Y,,,,,,,,
2026,TPG,2196029,-33.93268,151.04338,,Y,Y,Y,Y,,Y,Y,,,,
2026,TPG,2197001,-33.89976,150.99294,,Y,Y,Y,Y,,Y,Y,,,,
2026,TPG,2199001,-33.90727,151.02501,,Y,Y,Y,Y,,Y,Y,,,,
2026,TPG,2199002,-33.903,151.00905,,Y,Y,Y,Y,,Y,Y,,,,
2026,TPG,2200001,-33.91587,151.037949,,Y,Y,Y,Y,,Y,Y,,,,
2026,TPG,2200002,-33.93383,151.03489,,Y,Y,Y,Y,,Y,Y,,,,
2026,TPG,2200003,-33.91908,151.01093,,Y,Y,Y,Y,,Y,Y,,,,
2026,TPG,2200004,-33.91508,151.03643,,Y,Y,Y,Y,,Y,Y,Y,,,
2026,TPG,2200007,-33.90605,151.02161,,Y,Y,Y,Y,,Y,Y,,,,
2026,TPG,2200008,-33.91495,151.03341,,Y,Y,Y,Y,,Y,Y,,,,
2026,TPG,2200009,-33.92271,151.01197,,Y,Y,Y,Y,,Y,Y,,,,
2026,TPG,2200019,-33.92019,151.03701,,Y,Y,Y,Y,,Y,Y,,,,
2026,TPG,2200025,-33.91945,150.99761,,Y,Y,Y,,,,,,,,
2026,TPG,2200026,-33.90559,151.03918,,Y,Y,Y,Y,,Y,Y,,,,
2026,TPG,2200028,-33.92049,151.03118,,Y,Y,Y,Y,,Y,Y,,,,
2026,TPG,2203001,-33.9027,151.14329,,Y,Y,Y,Y,,Y,,,,,
2026,TPG,2203004,-33.9048,151.13076,,Y,Y,Y,Y,,Y,Y,,,,
2026,TPG,2204003,-33.90992,151.15559,,Y,Y,Y,,,,,,,,
2026,TPG,2204005,-33.90679,151.16421,,Y,Y,Y,Y,,Y,Y,,,,
2026,TPG,2204010,-33.906259,151.172985,,Y,Y,Y,Y,,Y,Y,,,,
2026,TPG,2204033,-33.920419,151.154798,,,Y,Y,,,,,,,,
2026,TPG,2204034,-33.91114,151.16813,,Y,Y,Y,Y,,Y,Y,Y,,,
2026,TPG,2204037,-33.91403,151.16624,,,Y,,,,,,,,,
2026,TPG,2204041,-33.91509,151.15104,,Y,Y,Y,Y,,Y,Y,,,,
2026,TPG,2205002,-33.93854,151.14917,,Y,Y,Y,Y,,Y,Y,,,,
2026,TPG,2205003,-33.937437,151.152395,,Y,Y,Y,,,Y,,,,,
2026,TPG,2205005,-33.93456,151.1572,,Y,Y,Y,Y,,Y,Y,,,,
2026,TPG,2205007,-33.93477,151.13865,,Y,Y,Y,,,,,,,,
2026,TPG,2205008,-33.94156,151.13164,,Y,Y,Y,Y,,Y,Y,,,,
2026,TPG,2205009,-33.92775,151.1404,,Y,Y,Y,Y,,Y,Y,,,,
2026,TPG,2205014,-33.94376,151.14276,,Y,Y,Y,Y,,Y,Y,,,,
2026,TPG,2206001,-33.92625,151.12742,,Y,Y,Y,Y,,Y,Y,,,,
2026,TPG,2206002,-33.92628,151.15359,,Y,Y,Y,Y,,Y,Y,,,,
2026,TPG,2206003,-33.91674,151.14386,,Y,Y,Y,Y,,Y,Y,,,,
2026,TPG,2206004,-33.91456,151.13501,,Y,Y,Y,Y,,Y,Y,,,,
2026,TPG,2206006,-33.92773,151.10949,,Y,Y,Y,Y,,Y,Y,,,,
2026,TPG,2207001,-33.93726,151.11271,,Y,Y,Y,Y,,Y,Y,,,,
2026,TPG,2207003,-33.94903,151.11314,,Y,Y,Y,Y,,Y,Y,,,,
2026,TPG,2207004,-33.94411,151.12887,,Y,Y,Y,Y,,Y,Y,,,,
2026,TPG,2207006,-33.94929,151.12497,,Y,Y,Y,,,,,,,,
2026,TPG,2207007,-33.95928,151.11707,,Y,Y,Y,Y,,Y,Y,,,,
2026,TPG,2207009,-33.937437,151.152395,,Y,Y,Y,,,Y,,,,,
2026,TPG,2207010,-33.93916,151.11418,,Y,Y,Y,Y,,Y,Y,,,,
2026,TPG,2207016,-33.93096,151.12532,,,Y,Y,,,,,,,,
2026,TPG,2208001,-33.95135,151.09218,,Y,Y,Y,Y,,Y,Y,,,,
2026,TPG,2208002,-33.93455,151.09594,,Y,Y,Y,Y,,Y,Y,,,,
2026,TPG,2208005,-33.94013,151.09712,,Y,Y,Y,Y,,Y,Y,,,,
2026,TPG,2208008,-33.9544,151.10622,,Y,Y,Y,Y,,Y,,,,,
2026,TPG,2208020,-33.940164,151.101074,,,Y,Y,,,,,,,,
2026,TPG,2208026,-33.93679,151.11202,,Y,Y,Y,Y,,Y,,,,,
2026,TPG,2209001,-33.94119,151.07634,,Y,Y,Y,Y,,Y,Y,,,,
2026,TPG,2209002,-33.95314,151.08335,,Y,Y,Y,Y,,Y,Y,,,,
2026,TPG,2209020,-33.947082,151.07085,,,Y,Y,,,,,,,,
2026,TPG,2210001,-33.95272,151.06555,,Y,Y,Y,Y,,Y,Y,,,,
2026,TPG,2210003,-33.96428,151.06474,,Y,Y,Y,Y,,Y,Y,,,,
2026,TPG,2210004,-33.98834,151.03987,,Y,Y,Y,Y,,Y,Y,,,,
2026,TPG,2210005,-33.94609,151.05166,,Y,Y,Y,Y,,Y,Y,,,,
2026,TPG,2210006,-33.97547,151.04749,,Y,Y,Y,Y,,Y,Y,,,,
2026,TPG,2210009,-33.96865,151.05212,,Y,Y,Y,Y,,Y,Y,,,,
2026,TPG,2210017,-33.951648,151.052519,,,Y,Y,,,,,,,,
2026,TPG,2211001,-33.96833,151.03544,,Y,Y,Y,Y,,Y,Y,,,,
2026,TPG,2211002,-33.9511,151.0394,,Y,Y,Y,Y,,Y,Y,,,,
2026,TPG,2211003,-33.94224,151.03062,,Y,Y,Y,Y,,Y,Y,,,,
2026,TPG,2212003,-33.96445,151.01965,,Y,Y,Y,,,Y,,,,,
2026,TPG,2212004,-33.94592,151.01821,,Y,Y,Y,,,,,,,,
2026,TPG,2212005,-33.95365,151.01584,,,Y,Y,,,,,,,,
2026,TPG,2212006,-33.95216,151.01311,,Y,Y,Y,Y,,Y,Y,,,,
2026,TPG,2212014,-33.93603,151.01766,,Y,Y,Y,Y,,Y,Y,,,,
2026,TPG,2213001,-33.96498,151.00276,,Y,Y,Y,Y,,Y,,,,,
2026,TPG,2213002,-33.95483,150.99878,,Y,Y,Y,Y,,Y,Y,,,,
2026,TPG,2213003,-33.9389,151.0081,,Y,Y,Y,Y,,Y,Y,,,,
2026,TPG,2213004,-33.97928,151.01253,,Y,Y,Y,Y,,Y,Y,,,,
2026,TPG,2213005,-33.96284,150.98367,,Y,Y,Y,Y,,Y,Y,,,,
2026,TPG,2214001,-33.9391,150.9942,,Y,Y,Y,Y,,Y,Y,,,,
2026,TPG,2214002,-33.94418,150.98266,,Y,Y,Y,Y,,Y,Y,,,,
2026,TPG,2214004,-33.9322,150.9747,,,Y,Y,,,Y,,,,,
2026,TPG,2216001,-33.95712,151.14389,,Y,Y,Y,Y,,Y,Y,,,,
2026,TPG,2216002,-33.96064,151.15588,,Y,Y,Y,Y,,Y,Y,,,,
2026,TPG,2216002,-33.960464,151.156317,,,Y,Y,,,,,,,,
2026,TPG,2216003,-33.94856,151.13911,,Y,Y,Y,,,,,,,,
2026,TPG,2216005,-33.95025,151.16358,,Y,Y,Y,,,,,,,,
2026,TPG,2216011,-33.95553,151.13799,,Y,Y,Y,,,,,,,,
2026,TPG,2216013,-33.946042,151.176239,,Y,Y,Y,,,Y,,,,,
2026,TPG,2217001,-33.967557,151.133143,,Y,Y,Y,,,Y,,,,,
2026,TPG,2217001,-33.96742,151.13416,,Y,Y,Y,,,,,,,,
2026,TPG,2217002,-33.96688,151.15365,,Y,Y,Y,,,,,,,,
2026,TPG,2217004,-33.97211,151.15143,,,,Y,,,,,,,,
2026,TPG,2217005,-33.96213,151.13238,,Y,Y,Y,,,,,,,,
2026,TPG,2217007,-33.97839,151.13844,,Y,Y,Y,Y,,Y,Y,,,,
2026,TPG,2217008,-33.9751,151.12932,,Y,Y,Y,Y,,Y,Y,,,,
2026,TPG,2217009,-33.9861,151.14587,,Y,Y,Y,Y,,Y,Y,,,,
2026,TPG,2218002,-33.97012,151.11397,,Y,Y,Y,Y,,Y,Y,,,,
2026,TPG,2219001,-33.99381,151.1309,,Y,Y,Y,Y,,Y,Y,,,,
2026,TPG,2220001,-33.96546,151.10123,,Y,Y,Y,Y,,Y,Y,Y,,,
2026,TPG,2220003,-33.95929,151.11017,,Y,Y,Y,Y,,Y,Y,,,,
2026,TPG,2220004,-33.96832,151.10298,,Y,Y,Y,Y,,Y,Y,,,,
2026,TPG,2220007,-33.966623,151.105055,,Y,Y,Y,Y,,Y,,,,,
2026,TPG,2220009,-33.96434,151.09471,,Y,Y,Y,,,,,,,,
2026,TPG,2221002,-33.9781,151.105,,Y,Y,Y,Y,,Y,Y,,,,
2026,TPG,2221006,-33.99536,151.11699,,Y,Y,,,,,,,,,
2026,TPG,2221009,-33.98253,151.11466,,Y,Y,Y,Y,,Y,Y,,,,
2026,TPG,2221013,-33.98635,151.09526,,Y,Y,Y,,,,,,,,
2026,TPG,2221027,-33.98912,151.11219,,Y,Y,Y,Y,,Y,Y,,,,
2026,TPG,2222005,-33.96598,151.08797,,Y,Y,Y,,,,,,,,
2026,TPG,2222006,-33.96218,151.07932,,Y,Y,Y,Y,,Y,Y,,,,
2026,TPG,2223001,-33.98175,151.08116,,Y,Y,Y,Y,,Y,Y,,,,
2026,TPG,2223002,-33.97492,151.08009,,Y,Y,Y,Y,,Y,Y,,,,
2026,TPG,2224003,-34.00854,151.10496,,Y,Y,Y,Y,,Y,Y,,,,
2026,TPG,2224004,-34.01354,151.09452,,,,Y,,,,,,,,
2026,TPG,2225001,-34.00559,151.08262,,Y,Y,Y,Y,,Y,Y,,,,
2026,TPG,2226001,-34.00329,151.06915,,Y,Y,Y,Y,,Y,Y,,,,
2026,TPG,2226002,-34.01701,151.06563,,Y,Y,,Y,,,Y,,,,
2026,TPG,2226003,-34.01841,151.0544,,Y,Y,Y,Y,,Y,Y,,,,
2026,TPG,2226004,-34.00725,151.04817,,Y,Y,Y,Y,,Y,Y,,,,
2026,TPG,2226005,-34.02351144,151.1064631,,Y,Y,Y,Y,,Y,Y,,,,
2026,TPG,2227001,-34.04556,151.08158,,Y,Y,Y,,,,,,,,
2026,TPG,2228001,-34.03732,151.114064,,Y,Y,Y,Y,,Y,,,,,
2026,TPG,2228001,-34.03688,151.11425,,Y,Y,Y,,,,,,,,
2026,TPG,2228002,-34.034512,151.099841,,Y,Y,Y,Y,,Y,Y,,,,
2026,TPG,2228002,-34.03515,151.09867,,Y,Y,Y,Y,,Y,Y,,,,
2026,TPG,2229002,-34.02484,151.12139,,Y,Y,Y,Y,,Y,Y,,,,
2026,TPG,2229007,-34.06251,151.11984,,Y,Y,Y,Y,,Y,,,,,
2026,TPG,2229011,-34.01361,151.12517,,,Y,,,,,,,,,
2026,TPG,2229014,-34.03948,151.12091,,Y,Y,Y,Y,,Y,Y,,,,
2026,TPG,2229016,-34.02896,151.12565,,Y,Y,Y,Y,,Y,Y,,,,
2026,TPG,2230001,-34.04811,151.15199,,Y,Y,Y,Y,,Y,Y,,,,
2026,TPG,2230002,-34.05429,151.15366,,Y,Y,Y,Y,,Y,Y,,,,
2026,TPG,2230004,-34.06204,151.15305,,Y,Y,Y,Y,,Y,Y,,,,
2026,TPG,2230006,-34.02477,151.08778,,Y,Y,Y,,,,,,,,
2026,TPG,2230007,-34.04939,151.14134,,Y,Y,Y,Y,,Y,Y,,,,
2026,TPG,2230016,-34.03805,151.13838,,Y,Y,Y,Y,,Y,Y,,,,
2026,TPG,2231001,-34.01239,151.20891,,Y,Y,Y,Y,,Y,Y,,,,
2026,TPG,2232002,-34.03042,151.07371,,Y,Y,Y,Y,,Y,Y,,,,
2026,TPG,2232003,-34.03056,151.06083,,Y,Y,Y,Y,,Y,Y,,,,
2026,TPG,2232005,-34.03889,151.05303,,Y,Y,Y,Y,,Y,Y,,,,
2026,TPG,2232008,-34.02739,151.08058,,Y,Y,Y,Y,,Y,Y,,,,
2026,TPG,2233001,-34.11869,150.99296,,Y,Y,Y,Y,,Y,Y,,,,
2026,TPG,2233002,-34.06628,151.01131,,Y,Y,Y,Y,,Y,Y,,,,
2026,TPG,2233003,-34.05774,151.03638,,Y,Y,Y,Y,,Y,Y,,,,
2026,TPG,2233005,-34.03428,151.02565,,Y,Y,Y,Y,,Y,Y,,,,
2026,TPG,2233008,-34.08486,151.0159,,Y,Y,Y,Y,,Y,Y,,,,
2026,TPG,2233009,-34.09695,150.99684,,Y,Y,,,,,,,,,
2026,TPG,2233010,-34.0614,151.00033,,Y,Y,Y,Y,,Y,,,,,
2026,TPG,2233011,-34.04661,151.02696,,Y,Y,Y,,,Y,,,,,
2026,TPG,2234001,-34.03956,150.99871,,Y,Y,Y,Y,,Y,Y,,,,
2026,TPG,2234002,-34.01439,151.01045,,Y,Y,Y,Y,,Y,Y,,,,
2026,TPG,2234003,-34.01834,151.0289,,Y,Y,Y,Y,,Y,Y,,,,
2026,TPG,2234004,-33.99832,151.02557,,Y,Y,Y,Y,,Y,Y,,,,
2026,TPG,2234005,-34.02251,151.04422,,Y,Y,,,,,,,,,
2026,TPG,2234011,-34.04528,150.97414,,Y,Y,,,,,,,,,
2026,TPG,2234012,-33.9972,151.0425,,Y,Y,,,,,,,,,
2026,TPG,2250001,-33.42436,151.34319,,Y,Y,,,,,,,,,
2026,TPG,2250002,-33.4285,151.342,,Y,Y,Y,,,,,,,,
2026,TPG,2250003,-33.40709,151.29727,,Y,Y,Y,Y,,Y,Y,,,,
2026,TPG,2250004,-33.39865,151.34347,,Y,Y,Y,Y,,Y,Y,,,,
2026,TPG,2250009,-33.437781,151.394779,,Y,Y,Y,,,Y,,,,,
2026,TPG,2250009,-33.43779,151.39484,,Y,Y,Y,Y,,Y,Y,,,,
2026,TPG,2250010,-33.43517,151.38715,,Y,Y,,,,,,,,,
2026,TPG,2250011,-33.42254,151.31985,,Y,Y,Y,Y,,Y,Y,,,,
2026,TPG,2250012,-33.45232,151.20104,,Y,Y,Y,Y,,Y,Y,,,,
2026,TPG,2250013,-33.4311,151.26858,,Y,Y,Y,Y,,Y,Y,,,,
2026,TPG,2250014,-33.42414,151.35609,,Y,Y,Y,Y,,Y,Y,,,,
2026,TPG,2250017,-33.37833,151.35825,,Y,Y,Y,Y,,Y,Y,,,,
2026,TPG,2250021,-33.37356,151.30537,,Y,Y,,,,,,,,,
2026,TPG,2250029,-33.40297,151.394,,Y,Y,Y,Y,,Y,Y,,,,
2026,TPG,2250031,-33.40953,151.34958,,Y,Y,,,,,,,,,
2026,TPG,2250033,-33.4371,151.35326,,Y,Y,,,,,,,,,
2026,TPG,2250034,-33.41798,151.3432,,Y,Y,,,,,,,,,
2026,TPG,2250037,-33.43955,151.29715,,Y,Y,Y,Y,,Y,Y,,,,
2026,TPG,2250064,-33.41934,151.22829,,Y,Y,,,,,,,,,
2026,TPG,2251001,-33.45006,151.40299,,Y,Y,Y,Y,,Y,Y,,,,
2026,TPG,2251002,-33.48754,151.39129,,Y,Y,Y,Y,,Y,Y,,,,
2026,TPG,2251003,-33.51019,151.40257,,Y,Y,,,,,,,,,
2026,TPG,2251004,-33.48142,151.43201,,Y,Y,Y,Y,,Y,Y,,,,
2026,TPG,2251007,-33.47341,151.35887,,Y,Y,Y,,,,,,,,
2026,TPG,2256002,-33.53639,151.30659,,Y,Y,Y,Y,,Y,Y,,,,
2026,TPG,2256003,-33.5051,151.33347,,Y,Y,Y,Y,,Y,Y,,,,
2026,TPG,2256007,-33.54612,151.27003,,Y,Y,Y,Y,,Y,,,,,
2026,TPG,2256008,-33.48603,151.3052,,Y,Y,,,,,,,,,
2026,TPG,2257001,-33.51454,151.33441,,Y,Y,Y,Y,,Y,Y,,,,
2026,TPG,2258001,-33.36417,151.38561,,Y,Y,Y,Y,,Y,Y,,,,
2026,TPG,2258002,-33.36018,151.34033,,Y,Y,,,,,,,,,
2026,TPG,2258003,-33.35613,151.37436,,Y,Y,Y,Y,,Y,Y,,,,
2026,TPG,2259001,-33.26939,151.47068,,Y,Y,Y,Y,,Y,Y,,,,
2026,TPG,2259002,-33.3146,151.40519,,Y,Y,Y,Y,,Y,Y,,,,
2026,TPG,2259003,-33.27547,151.42071,,Y,Y,Y,,,,,,,,
2026,TPG,2259004,-33.16078,151.54043,,Y,Y,Y,Y,,Y,Y,,,,
2026,TPG,2259005,-33.30972,151.41083,,Y,Y,Y,,,Y,Y,,,,
2026,TPG,2259011,-33.23363,151.40194,,Y,Y,,,,,,,,,
2026,TPG,2259014,-33.18961,151.5632,,Y,Y,Y,Y,,Y,Y,,,,
2026,TPG,2259024,-33.30053,151.41868,,Y,Y,Y,Y,,Y,Y,,,,
2026,TPG,2259037,-33.14639,151.57995,,Y,Y,Y,,,,,,,,
2026,TPG,2259050,-33.14509,151.45815,,Y,Y,Y,Y,,Y,Y,,,,
2026,TPG,2260001,-33.45328,151.44109,,Y,Y,Y,Y,,Y,Y,,,,
2026,TPG,2260002,-33.41435,151.4432,,Y,Y,Y,Y,,Y,Y,,,,
2026,TPG,2260004,-33.44824,151.44545,,Y,Y,Y,,,,,,,,
2026,TPG,2261001,-33.38761,151.46821,,Y,Y,Y,Y,,Y,Y,,,,
2026,TPG,2261002,-33.35593,151.49467,,Y,Y,Y,Y,,Y,Y,,,,
2026,TPG,2261005,-33.34031,151.49861,,Y,Y,Y,,,,,,,,
2026,TPG,2261006,-33.36204,151.44297,,Y,Y,Y,Y,,Y,Y,,,,
2026,TPG,2261007,-33.37475,151.47433,,Y,Y,Y,Y,,Y,Y,,,,
2026,TPG,2261011,-33.35857,151.48508,,Y,Y,Y,Y,,Y,Y,,,,
2026,TPG,2261012,-33.35097,151.4327,,Y,Y,,,,,,,,,
2026,TPG,2261014,-33.33876,151.43405,,,Y,,,,,,,,,
2026,TPG,2261016,-33.32977,151.4235,,Y,Y,Y,Y,,Y,Y,,,,
2026,TPG,2261019,-33.32915,151.43631,,Y,Y,Y,Y,,Y,Y,,,,
2026,TPG,2262001,-33.21453,151.54143,,Y,Y,Y,Y,,Y,Y,,,,
2026,TPG,2262002,-33.22813,151.54106,,Y,Y,Y,Y,,Y,Y,,,,
2026,TPG,2262007,-33.20913,151.52446,,Y,Y,Y,Y,,Y,Y,,,,
2026,TPG,2263002,-33.27128,151.55971,,Y,Y,Y,Y,,Y,Y,,,,
2026,TPG,2263005,-33.23468,151.49234,,Y,Y,Y,Y,,Y,Y,,,,
2026,TPG,2263007,-33.25512,151.4951,,Y,Y,Y,Y,,Y,Y,,,,
2026,TPG,2264001,-33.07084,151.485,,Y,Y,Y,Y,,Y,Y,,,,
2026,TPG,2264002,-33.1139,151.51385,,Y,Y,Y,Y,,Y,Y,,,,
2026,TPG,2264003,-33.10759,151.55935,,Y,Y,,,,,,,,,
2026,TPG,2265001,-33.03529,151.4587,,Y,Y,Y,Y,,Y,Y,,,,
2026,TPG,2278001,-32.92707,151.56041,,Y,Y,,,,,,,,,
2026,TPG,2280001,-33.00911,151.67358,,Y,Y,Y,Y,,Y,Y,,,,
2026,TPG,2280002,-33.02131,151.65546,,Y,Y,Y,Y,,Y,Y,,,,
2026,TPG,2280004,-33.0512,151.6654,,Y,Y,,,,,,,,,
2026,TPG,2280005,-33.00435,151.64703,,Y,Y,Y,Y,,Y,Y,,,,
2026,TPG,2281001,-33.0897,151.63774,,Y,Y,Y,Y,,Y,,,,,
2026,TPG,2281005,-33.1654,151.61072,,Y,Y,Y,Y,,Y,Y,,,,
2026,TPG,2281008,-33.12994,151.61979,,Y,Y,Y,,,,,,,,
2026,TPG,2283001,-33.05525,151.57006,,Y,Y,Y,Y,,Y,Y,,,,
2026,TPG,2283002,-32.97844,151.52346,,Y,Y,Y,Y,,Y,Y,,,,
2026,TPG,2283004,-33.01553,151.58139,,Y,Y,Y,Y,,Y,Y,,,,
2026,TPG,2283005,-33.03365,151.60872,,Y,Y,Y,Y,,Y,Y,,,,
2026,TPG,2284002,-32.96603,151.63351,,Y,Y,Y,Y,,Y,Y,,,,
2026,TPG,2285001,-32.95782,151.66015,,Y,Y,Y,Y,,Y,Y,,,,
2026,TPG,2285002,-32.91084,151.6224,,Y,Y,Y,Y,,Y,Y,,,,
2026,TPG,2285003,-32.95374,151.64112,,Y,Y,Y,Y,,Y,Y,,,,
2026,TPG,2285004,-32.92762,151.62489,,Y,Y,Y,Y,,Y,Y,,,,
2026,TPG,2285006,-32.93368,151.64283,,Y,Y,Y,Y,,Y,Y,,,,
2026,TPG,2285008,-32.94031,151.6547,,Y,Y,Y,Y,,Y,Y,,,,
2026,TPG,2285009,-32.8993,151.59219,,Y,Y,Y,Y,,Y,Y,,,,
2026,TPG,2285014,-32.92842,151.66223,,Y,Y,Y,Y,,Y,Y,,,,
2026,TPG,2286001,-32.89008,151.53883,,Y,Y,Y,Y,,Y,Y,,,,
2026,TPG,2287001,-32.88967,151.65175,,Y,Y,Y,Y,,Y,Y,,,,
2026,TPG,2287002,-32.91364,151.6452,,Y,Y,Y,Y,,Y,Y,,,,
2026,TPG,2287003,-32.90149,151.68392,,Y,Y,,,,,,,,,
2026,TPG,2287004,-32.90107,151.67292,,Y,Y,Y,Y,,Y,Y,,,,
2026,TPG,2287005,-32.91489,151.65852,,Y,Y,Y,Y,,Y,Y,,,,
2026,TPG,2287011,-32.87601,151.64667,,Y,Y,Y,,,,,,,,
2026,TPG,2289001,-32.94222,151.71083,,Y,Y,Y,,,,Y,,,,
2026,TPG,2289003,-32.95122,151.72114,,Y,Y,Y,Y,,Y,Y,,,,
2026,TPG,2290001,-32.95552,151.70458,,Y,Y,Y,,,,,,,,
2026,TPG,2290003,-32.96417,151.66971,,Y,Y,,,,,,,,,
2026,TPG,2290004,-33.0148,151.69975,,Y,Y,Y,Y,,Y,Y,,,,
2026,TPG,2290005,-32.98508,151.71336,,Y,Y,Y,Y,,Y,Y,,,,
2026,TPG,2290006,-32.96412,151.69321,,Y,Y,Y,,,Y,,,,,
2026,TPG,2290007,-32.96083,151.69694,,Y,Y,Y,,,,,,,,
2026,TPG,2291001,-32.95195,151.74696,,Y,Y,Y,Y,,Y,Y,,,,
2026,TPG,2291002,-32.94242,151.7543,,Y,Y,,,,,,,,,
2026,TPG,2292001,-32.92492,151.73255,,Y,Y,Y,Y,,Y,Y,,,,
2026,TPG,2294001,-32.92011,151.76771,,Y,Y,Y,Y,,Y,Y,,,,
2026,TPG,2298002,-32.89239,151.71033,,Y,Y,,,,,,,,,
2026,TPG,2299001,-32.9004,151.70462,,Y,Y,Y,Y,,Y,Y,,,,
2026,TPG,2299003,-32.91412,151.72121,,Y,Y,Y,Y,,Y,Y,,,,
2026,TPG,2300004,-32.92806,151.78335,,Y,Y,Y,Y,,Y,Y,,,,
2026,TPG,2300009,-32.92691,151.77106,,Y,Y,Y,Y,,Y,Y,,,,
2026,TPG,2300010,-32.92756,151.76307,,Y,Y,Y,,,,,,,,
2026,TPG,2300019,-32.93601,151.76834,,Y,Y,Y,,,,,,,,
2026,TPG,2303002,-32.92595,151.7485,,Y,Y,Y,Y,,Y,Y,,,,
2026,TPG,2304002,-32.88702,151.7337,,Y,Y,Y,,,,,,,,
2026,TPG,2304003,-32.89766,151.73777,,Y,Y,Y,Y,,Y,Y,,,,
2026,TPG,2304004,-32.88731,151.77035,,Y,Y,,,,,,,,,
2026,TPG,2304010,-32.87679,151.71096,,Y,Y,Y,Y,,Y,,,,,
2026,TPG,2305001,-32.93207,151.69,,Y,Y,Y,Y,,Y,Y,,,,
2026,TPG,2305002,-32.92394,151.69652,,Y,Y,Y,Y,,Y,Y,,,,
2026,TPG,2305006,-32.92994,151.70424,,Y,Y,Y,Y,,Y,Y,,,,
2026,TPG,2308001,-32.89006,151.69652,,Y,Y,Y,Y,,Y,Y,,,,
2026,TPG,2315001,-32.73162,152.13111,,Y,Y,Y,Y,,Y,Y,,,,
2026,TPG,2315002,-32.74455,152.16906,,Y,Y,Y,Y,,Y,Y,,,,
2026,TPG,2315004,-32.71051,152.16138,,Y,Y,,,,,,,,,
2026,TPG,2316001,-32.76996,152.0781,,Y,Y,Y,Y,,Y,Y,,,,
2026,TPG,2316002,-32.77933,151.98219,,Y,Y,,,,,,,,,
2026,TPG,2316003,-32.78167,152.09733,,Y,Y,Y,Y,,Y,Y,,,,
2026,TPG,2317001,-32.72892,152.07734,,Y,Y,Y,Y,,Y,Y,,,,
2026,TPG,2317003,-32.7359,152.1067,,Y,Y,,Y,,Y,,,,,
2026,TPG,2318003,-32.7375,151.8746,,Y,Y,Y,Y,,Y,Y,,,,
2026,TPG,2318004,-32.76594,151.85188,,Y,Y,,,,,,,,,
2026,TPG,2318005,-32.8336,151.8403,,Y,Y,Y,Y,,Y,Y,,,,
2026,TPG,2318006,-32.7728,151.89639,,Y,Y,Y,Y,,Y,Y,,,,
2026,TPG,2318008,-32.79782,151.9175,,Y,Y,Y,,,,,,,,
2026,TPG,2318011,-32.80933,151.84184,,Y,Y,Y,,,,,,,,
2026,TPG,2319001,-32.74088,151.99547,,Y,Y,,,,,,,,,
2026,TPG,2319003,-32.73109,152.03021,,Y,Y,Y,Y,,Y,Y,,,,
2026,TPG,2320001,-32.71785,151.52444,,Y,Y,Y,Y,,Y,,,,,
2026,TPG,2320003,-32.73625,151.56477,,Y,Y,Y,Y,,Y,Y,,,,
2026,TPG,2320007,-32.76766,151.31178,,Y,Y,,,,,,,,,
2026,TPG,2320012,-32.82136,151.26913,,Y,Y,Y,,,,,,,,
2026,TPG,2320018,-32.73115,151.39993,,Y,Y,Y,,,,,,,,
2026,TPG,2320021,-32.72563,151.53739,,Y,Y,Y,Y,,Y,Y,,,,
2026,TPG,2321003,-32.73494,151.62443,,Y,Y,Y,Y,,Y,Y,,,,
2026,TPG,2321005,-32.70239,151.45832,,Y,Y,Y,,,,,,,,
2026,TPG,2322001,-32.8149,151.58728,,Y,Y,,,,,,,,,
2026,TPG,2322002,-32.87105,151.59914,,Y,Y,Y,Y,,Y,Y,,,,
2026,TPG,2322003,-32.83391,151.68793,,Y,Y,Y,,,,,,,,
2026,TPG,2322004,-32.78321,151.62367,,Y,Y,,,,,,,,,
2026,TPG,2322006,-32.81311,151.646,,Y,Y,Y,Y,,Y,Y,,,,
2026,TPG,2322010,-32.81527,151.76445,,Y,Y,,,,,,,,,
2026,TPG,2322014,-32.77763,151.64232,,Y,Y,Y,Y,,Y,Y,,,,
2026,TPG,2323001,-32.76805,151.60159,,Y,Y,Y,Y,,Y,Y,,,,
2026,TPG,2323002,-32.75017,151.58732,,Y,Y,Y,Y,,Y,Y,,,,
2026,TPG,2323003,-32.96449,151.4802,,Y,Y,,,,,,,,,
2026,TPG,2323005,-32.763136,151.591357,,Y,Y,Y,,,Y,,,,,
2026,TPG,2324001,-32.65944,151.82942,,Y,Y,Y,Y,,Y,Y,,,,
2026,TPG,2324002,-32.5996,152.10151,,Y,Y,Y,Y,,Y,,,,,
2026,TPG,2324005,-32.76303,151.75465,,Y,Y,Y,Y,,Y,,,,,
2026,TPG,2324007,-32.7623,151.74252,,Y,Y,Y,Y,,Y,Y,,,,
2026,TPG,2324009,-32.66456,152.15601,,Y,Y,Y,Y,,Y,Y,,,,
2026,TPG,2324010,-32.62735,151.98366,,Y,Y,Y,Y,,Y,Y,,,,
2026,TPG,2324014,-32.70523,151.70379,,Y,Y,Y,Y,,Y,Y,,,,
2026,TPG,2325001,-32.83337,151.35951,,Y,Y,Y,Y,,Y,Y,,,,
2026,TPG,2325002,-32.8656,151.44259,,Y,Y,,,,,,,,,
2026,TPG,2325003,-32.76326,151.22319,,Y,Y,Y,Y,,Y,,,,,
2026,TPG,2325007,-32.88324,151.2634,,Y,Y,Y,Y,,Y,Y,,,,
2026,TPG,2325014,-32.84864,151.33344,,Y,Y,Y,Y,,Y,Y,,,,
2026,TPG,2325032,-32.83059,151.36889,,Y,Y,Y,Y,,Y,Y,,,,
2026,TPG,2326006,-32.7949,151.46526,,Y,Y,,,,,,,,,
2026,TPG,2327001,-32.82833,151.47761,,Y,Y,Y,Y,,Y,,,,,
2026,TPG,2329014,-32.19753,150.47543,,Y,,,,,,,,,,
2026,TPG,2330001,-32.55327,151.14161,,Y,Y,Y,Y,,,Y,,,,
2026,TPG,2330006,-32.50759,151.15836,,Y,,,,,,,,,,
2026,TPG,2330029,-32.53745,151.15316,,Y,Y,Y,Y,,,Y,,,,
2026,TPG,2330035,-32.56838,151.17047,,Y,Y,Y,Y,,,Y,,,,
2026,TPG,2335002,-32.65811,151.3977,,Y,Y,Y,Y,,Y,,,,,
2026,TPG,2335003,-32.65109,151.25662,,Y,Y,,,,,,,,,
2026,TPG,2335007,-32.66004,151.36305,,Y,Y,Y,,,,,,,,
2026,TPG,2340035,-31.01006,150.87434,,Y,,,,,,,,Y,Federal Mobile Black Spot Program (MBSP),1
2026,TPG,2340036,-31.11317,150.86432,,Y,Y,Y,,,,,,Y,Federal Mobile Black Spot Program (MBSP),1
2026,TPG,2340059,-31.17675,150.89236,,Y,Y,Y,,,,,,Y,Federal Mobile Black Spot Program (MBSP),1
2026,TPG,2340061,-31.15775,151.07727,,Y,,,,,,,,Y,Federal Mobile Black Spot Program (MBSP),1
2026,TPG,2340063,-31.04622,150.89541,,Y,Y,Y,,,,,,Y,Federal Mobile Black Spot Program (MBSP),1
2026,TPG,2344003,-31.21026,150.8217,,Y,,,,,,,,Y,Federal Mobile Black Spot Program (MBSP),1
2026,TPG,2345002,-30.92964,150.85223,,Y,,,,,,,,Y,Federal Mobile Black Spot Program (MBSP),1
2026,TPG,2346003,-30.74434,150.69885,,Y,,,,,,,,Y,Federal Mobile Black Spot Program (MBSP),1
2026,TPG,2347001,-30.48737,150.64101,,Y,,,,,,,,Y,Federal Mobile Black Spot Program (MBSP),1
2026,TPG,2347012,-30.38022,150.59405,,Y,,,,,,,,Y,Federal Mobile Black Spot Program (MBSP),1
2026,TPG,2350012,-30.50552,151.54433,,Y,,,,,,,,Y,Federal Mobile Black Spot Program (MBSP),1
2026,TPG,2350026,-30.3691,152.18167,,Y,,,,,,,,Y,Federal Mobile Black Spot Program (MBSP),2
2026,TPG,2350029,-30.19611,151.97346,Y,,,,,,,,,Y,Federal Mobile Black Spot Program (MBSP),2
2026,TPG,2353006,-31.03159,151.08094,,Y,,,,,,,,Y,Federal Mobile Black Spot Program (MBSP),1
2026,TPG,2354002,-30.97994,151.61827,,Y,,,,,,,,Y,Federal Mobile Black Spot Program (MBSP),1
2026,TPG,2360009,-29.78112,151.28144,,Y,,,,,,,,Y,Federal Mobile Black Spot Program (MBSP),1
2026,TPG,2360020,-29.81294,151.54365,,Y,,,,,,,,Y,Federal Mobile Black Spot Program (MBSP),1
2026,TPG,2371001,-29.37691,152.00996,Y,Y,,,,,,,,,,
2026,TPG,2372022,-28.94918,152.30697,Y,Y,,,,,,,,Y,Federal Mobile Black Spot Program (MBSP),1
2026,TPG,2400002,-29.30181,149.98852,,Y,,,,,,,,,,
2026,TPG,2400005,-29.4706,149.75095,,Y,,,,,,,,,,
2026,TPG,2423004,-32.21702,152.30306,,Y,,,,,,,,,,
2026,TPG,2469019,-28.89098,152.50709,,Y,,,,,,,,Y,Federal Mobile Black Spot Program (MBSP),1
2026,TPG,2470001,-28.87142,153.04621,,Y,,,,,,,,,,
2026,TPG,2470003,-28.8995,152.74013,,Y,,,,,,,,Y,Federal Mobile Black Spot Program (MBSP),1
2026,TPG,2470005,-28.80368,153.11017,,Y,,Y,,,,,,,,
2026,TPG,2470013,-28.84822,152.91123,,Y,,,,,,,,Y,Federal Mobile Black Spot Program (MBSP),1
2026,TPG,2477001,-28.82083,153.45973,,Y,Y,Y,Y,,,Y,,,,
2026,TPG,2477002,-28.81448,153.40312,,Y,Y,Y,Y,,,Y,,,,
2026,TPG,2477004,-28.8373,153.41934,,Y,,Y,,,,,,,,
2026,TPG,2478002,-28.8638,153.58942,,Y,Y,Y,Y,,,,,,,
2026,TPG,2478003,-28.86035,153.53721,,Y,Y,Y,Y,,,,,,,
2026,TPG,2478010,-28.85704,153.56025,,Y,,Y,,,,,,,,
2026,TPG,2478012,-28.81272,153.5923,,Y,,Y,,,,,,,,
2026,TPG,2478013,-28.87259,153.56271,,Y,,Y,,,,,,,,
2026,TPG,2479001,-28.76883,153.53448,,Y,Y,Y,Y,,,Y,,,,
2026,TPG,2480002,-28.80673,153.27678,,Y,Y,Y,Y,,,Y,,,,
2026,TPG,2480004,-28.80209,153.2917,,Y,Y,Y,Y,,,Y,,,,
2026,TPG,2480005,-28.85671,153.22849,,Y,Y,Y,Y,,,,,,,
2026,TPG,2480006,-28.79668,153.26201,,Y,,Y,,,,,,,,
2026,TPG,2480016,-28.81237,153.34575,,Y,,Y,,,,,,,,
2026,TPG,2480017,-28.81642,153.29743,,Y,Y,Y,Y,,,Y,,,,
2026,TPG,2481001,-28.66018,153.56096,,Y,Y,Y,Y,,,,,,,
2026,TPG,2481003,-28.65141,153.62072,,Y,,Y,,,,,,,,
2026,TPG,2481008,-28.63712,153.58462,,Y,Y,Y,Y,,,Y,,,,
2026,TPG,2481013,-28.64152,153.61239,,Y,,Y,,,,,,,,
2026,TPG,2481015,-28.67064,153.60815,,Y,,Y,,,,,,,,
2026,TPG,2481018,-28.58528,153.54913,,Y,,Y,Y,,,Y,,,,
2026,TPG,2481019,-28.63725,153.5562,,Y,Y,Y,Y,,,,,,,
2026,TPG,2482001,-28.5216,153.5228,,Y,Y,Y,Y,Y,,,,,,
2026,TPG,2482005,-28.54237,153.50815,,Y,Y,Y,Y,Y,,Y,,,,
2026,TPG,2483001,-28.3996,153.45235,,Y,Y,Y,Y,Y,,Y,,,,
2026,TPG,2483003,-28.5173,153.54524,,Y,Y,Y,,,,,,,,
2026,TPG,2484001,-28.4027,153.52288,,Y,Y,Y,Y,Y,,Y,,,,
2026,TPG,2484002,-28.32401,153.39873,,Y,Y,Y,Y,Y,,Y,,,,
2026,TPG,2484009,-28.34461,153.56123,,Y,Y,Y,Y,Y,,Y,,,,
2026,TPG,2485001,-28.19732,153.50525,,Y,Y,Y,Y,Y,,Y,,,,
2026,TPG,2485004,-28.184,153.52273,,Y,Y,Y,Y,Y,,Y,,,,
2026,TPG,2485008,-28.17678,153.54535,,Y,Y,Y,,,,,,,,
2026,TPG,2486001,-28.2254,153.5439,,Y,,,,,,,,,,
2026,TPG,2486001,-28.22538,153.54371,,Y,Y,Y,,,,,,,,
2026,TPG,2486003,-28.20028,153.54,,Y,Y,Y,Y,Y,,Y,,,,
2026,TPG,2486005,-28.20224,153.54606,,Y,Y,Y,Y,Y,,Y,,,,
2026,TPG,2486006,-28.24251,153.51137,,Y,Y,Y,Y,Y,,Y,,,,
2026,TPG,2487001,-28.26286,153.57324,,Y,Y,Y,,,,,,,,
2026,TPG,2487002,-28.23365,153.55972,,Y,Y,Y,Y,Y,,Y,,,,
2026,TPG,2487004,-28.2778,153.51395,,Y,Y,Y,,,,,,,,
2026,TPG,2500002,-34.36687,150.87575,,Y,Y,Y,Y,,Y,Y,,,,
2026,TPG,2500003,-34.41452,150.90013,,Y,Y,Y,Y,,Y,Y,,,,
2026,TPG,2500006,-34.424742,150.883836,,Y,Y,,Y,,Y,,,,,
2026,TPG,2500006,-34.42519,150.88353,,Y,Y,Y,Y,,Y,Y,,,,
2026,TPG,2500007,-34.425049,150.894283,,Y,Y,Y,,,Y,,,,,
2026,TPG,2500007,-34.425049,150.894283,,Y,Y,Y,,,Y,,,,,
2026,TPG,2500007,-34.4247,150.89343,,Y,Y,Y,Y,,Y,Y,,,,
2026,TPG,2500010,-34.43992,150.88685,,Y,Y,Y,Y,,Y,Y,,,,
2026,TPG,2500017,-34.41836,150.88876,,Y,Y,Y,Y,,Y,Y,,,,
2026,TPG,2500019,-34.40723,150.87852,,Y,Y,,,,,,,,,
2026,TPG,2500020,-34.40887,150.89146,,,Y,Y,,,,,,,,
2026,TPG,2500021,-34.43098,150.88521,,Y,Y,Y,Y,,Y,,,,,
2026,TPG,2500022,-34.4306,150.89326,,Y,Y,Y,Y,,Y,Y,,,,
2026,TPG,2500023,-34.42382,150.89101,,Y,Y,Y,Y,,Y,Y,,,,
2026,TPG,2500024,-34.42021,150.90234,,Y,Y,Y,Y,,Y,Y,,,,
2026,TPG,2500030,-34.42891,150.90107,,Y,Y,Y,Y,,Y,Y,,,,
2026,TPG,2502002,-34.48846,150.88827,,Y,Y,Y,,,Y,,,,,
2026,TPG,2502002,-34.48659,150.88875,,Y,Y,Y,Y,,Y,Y,,,,
2026,TPG,2502004,-34.48614,150.88092,,Y,Y,Y,Y,,Y,Y,,,,
2026,TPG,2502005,-34.50803,150.87589,,Y,Y,Y,Y,,Y,Y,,,,
2026,TPG,2505008,-34.48658,150.90195,,Y,Y,Y,Y,,Y,Y,,,,
2026,TPG,2505010,-34.47861,150.90343,,Y,Y,Y,,,,,,,,
2026,TPG,2506003,-34.4772,150.83914,,,Y,,,,,,,,,
2026,TPG,2506004,-34.48219,150.84873,,Y,Y,Y,Y,,Y,Y,,,,
2026,TPG,2506005,-34.47026,150.85862,,Y,Y,Y,Y,,Y,,,,,
2026,TPG,2508001,-34.1695,150.96985,,Y,Y,Y,Y,,Y,Y,,,,
2026,TPG,2508003,-34.22094,150.9879,,Y,Y,Y,Y,,Y,Y,,,,
2026,TPG,2508004,-34.17727,150.99957,,Y,Y,Y,Y,,Y,Y,,,,
2026,TPG,2508005,-34.26243,150.93457,,Y,Y,Y,Y,,Y,Y,,,,
2026,TPG,2508012,-34.19869,150.97392,,Y,Y,Y,Y,,Y,Y,,,,
2026,TPG,2508013,-34.22505,150.9474,,Y,Y,Y,Y,,Y,,,,,
2026,TPG,2508017,-34.22361,150.99501,,Y,Y,Y,Y,,Y,,,,,
2026,TPG,2515001,-34.31645,150.92128,,Y,Y,Y,Y,,Y,Y,,,,
2026,TPG,2515003,-34.26504,150.96472,,Y,Y,Y,Y,,Y,Y,,,,
2026,TPG,2515004,-34.30587,150.92973,,Y,Y,Y,Y,,Y,Y,,,,
2026,TPG,2515005,-34.28975,150.94212,,Y,Y,Y,Y,,Y,Y,,,,
2026,TPG,2516001,-34.32827,150.89615,,Y,Y,Y,Y,,Y,Y,,,,
2026,TPG,2516005,-34.33538,150.91421,,Y,Y,Y,Y,,Y,Y,,,,
2026,TPG,2517002,-34.32343,150.88191,,Y,Y,Y,,,,,,,,
2026,TPG,2517004,-34.36148,150.9122,,Y,Y,Y,Y,,Y,Y,,,,
2026,TPG,2517005,-34.3444,150.92085,,Y,Y,Y,Y,,Y,Y,,,,
2026,TPG,2517008,-34.35293,150.90139,,Y,Y,Y,Y,,Y,,,,,
2026,TPG,2518002,-34.37023,150.92573,,Y,Y,Y,Y,,Y,Y,,,,
2026,TPG,2518004,-34.38388,150.91141,,,Y,,,,,,,,,
2026,TPG,2518005,-34.39062,150.90454,,Y,Y,Y,Y,,Y,Y,,,,
2026,TPG,2519001,-34.3875,150.89103,,Y,Y,Y,Y,,Y,,,,,
2026,TPG,2519006,-34.40006,150.88233,,Y,Y,Y,Y,,Y,Y,,,,
2026,TPG,2519009,-34.40333,150.89833,,Y,Y,Y,,,,,,,,
2026,TPG,2525003,-34.44087,150.86268,,Y,Y,,,,,,,,,
2026,TPG,2525005,-34.436544,150.863232,,Y,Y,,Y,,Y,,,,,
2026,TPG,2526001,-34.46054,150.8455,,Y,Y,Y,Y,,Y,Y,,,,
2026,TPG,2526002,-34.42192,150.83991,,Y,Y,Y,Y,,Y,Y,,,,
2026,TPG,2526004,-34.45824,150.81736,,Y,Y,,,,,,,,,
2026,TPG,2526005,-34.45362,150.85779,,Y,Y,Y,Y,,Y,Y,,,,
2026,TPG,2526008,-34.45376,150.8374,,Y,Y,Y,Y,,Y,,,,,
2026,TPG,2527003,-34.56113,150.79666,,Y,Y,Y,Y,,Y,Y,,,,
2026,TPG,2527004,-34.57259,150.77382,,Y,Y,Y,,,,,,,,
2026,TPG,2527016,-34.57691,150.81267,,Y,Y,Y,Y,,Y,Y,,,,
2026,TPG,2528001,-34.54663,150.84223,,Y,Y,Y,Y,,Y,Y,,,,
2026,TPG,2528003,-34.53029,150.86929,,Y,Y,Y,Y,,Y,Y,,,,
2026,TPG,2529002,-34.564434,150.839946,,Y,Y,Y,Y,,Y,,,,,
2026,TPG,2529002,-34.56411,150.83828,,Y,Y,Y,Y,,Y,Y,,,,
2026,TPG,2529003,-34.57356,150.83235,,Y,Y,Y,Y,,Y,Y,,,,
2026,TPG,2529004,-34.56513,150.80975,,Y,Y,,,,,,,,,
2026,TPG,2529005,-34.56853,150.86599,,Y,Y,Y,Y,,Y,Y,,,,
2026,TPG,2529008,-34.58281,150.87031,,Y,Y,Y,Y,,Y,Y,,,,
2026,TPG,2529010,-34.575,150.84715,,,Y,,,,,,,,,
2026,TPG,2529012,-34.60603,150.84603,,Y,Y,Y,Y,,Y,Y,,,,
2026,TPG,2530001,-34.49422,150.79238,,Y,Y,Y,Y,,Y,Y,,,,
2026,TPG,2530002,-34.51861,150.79942,,Y,Y,Y,Y,,Y,Y,,,,
2026,TPG,2530003,-34.53728,150.78016,,Y,Y,Y,Y,,Y,Y,,,,
2026,TPG,2530006,-34.51078,150.78566,,,,Y,,,Y,,,,,
2026,TPG,2530008,-34.50451,150.80942,,Y,Y,Y,Y,,Y,,,,,
2026,TPG,2530018,-34.48591,150.8109,,Y,Y,Y,Y,,Y,Y,,,,
2026,TPG,2533001,-34.67438,150.85713,,Y,Y,Y,Y,,Y,Y,,,,
2026,TPG,2533003,-34.69833,150.79239,,Y,Y,Y,Y,,Y,Y,,,,
2026,TPG,2533007,-34.6438,150.84542,,Y,Y,Y,Y,,Y,Y,,,,
2026,TPG,2533008,-34.64425,150.85384,,Y,Y,Y,Y,,Y,,,,,
2026,TPG,2533010,-34.65654,150.85097,,Y,Y,Y,Y,,Y,Y,,,,
2026,TPG,2533026,-34.68447,150.83756,,Y,Y,Y,Y,,Y,Y,,,,
2026,TPG,2534002,-34.7563,150.82415,,Y,Y,Y,Y,,Y,Y,,,,
2026,TPG,2534003,-34.71243,150.84214,,Y,Y,,,,,,,,,
2026,TPG,2535001,-34.80063,150.71991,,Y,Y,Y,Y,,Y,Y,,,,
2026,TPG,2539001,-35.34873,150.4533,,Y,Y,,,,,,,,,
2026,TPG,2539003,-35.24522,150.43797,,Y,Y,Y,Y,Y,,Y,,,,
2026,TPG,2539011,-35.36988,150.45101,,Y,Y,,,,,,,,,
2026,TPG,2539014,-35.45258,150.32061,,Y,,,,,,,,,,
2026,TPG,2539016,-35.32185,150.46234,,Y,Y,Y,Y,Y,,Y,,,,
2026,TPG,2540001,-34.93028,150.74786,,Y,Y,,,,,,,,,
2026,TPG,2540002,-35.06304,150.55438,,Y,,,,,,,,,,
2026,TPG,2540003,-35.16551,150.44529,,Y,Y,Y,Y,Y,,Y,,,,
2026,TPG,2540004,-35.16713,150.57592,,Y,,,,,,,,,,
2026,TPG,2540005,-35.03404,150.65713,,Y,Y,,,,,,,,,
2026,TPG,2540007,-34.98909,150.71955,,Y,Y,Y,Y,,Y,Y,,,,
2026,TPG,2540010,-35.08505,150.67845,,Y,Y,Y,Y,Y,,Y,,,,
2026,TPG,2540011,-35.01879,150.82464,,Y,,,,,,,,,,
2026,TPG,2540012,-34.98919,150.59654,,Y,Y,,,,,,,,,
2026,TPG,2540014,-34.95297,150.7064,,Y,Y,Y,Y,,Y,Y,,,,
2026,TPG,2540016,-34.88804,150.62326,,Y,Y,Y,Y,,Y,Y,,,,
2026,TPG,2540017,-35.09888,150.62177,,Y,Y,Y,Y,Y,,Y,,,,
2026,TPG,2540021,-35.08826,150.5515,,Y,Y,Y,Y,Y,,Y,,,,
2026,TPG,2541001,-34.87933,150.60137,,Y,,,,,,,,,,
2026,TPG,2541002,-34.91035,150.60736,,Y,Y,,,,,,,,,
2026,TPG,2541003,-34.79957,150.57767,,Y,Y,Y,Y,,Y,Y,,,,
2026,TPG,2541004,-34.842,150.59189,,Y,Y,Y,,,,,,,,
2026,TPG,2541016,-34.88609,150.58056,,Y,Y,,,,,,,,,
2026,TPG,2541023,-34.85966,150.57221,,Y,Y,Y,Y,,Y,Y,,,,
2026,TPG,2541024,-34.89344,150.60338,,Y,Y,Y,Y,,Y,Y,,,,
2026,TPG,2545001,-36.08823,150.05688,,Y,,,,,,,,,,
2026,TPG,2546003,-36.19551,150.0836,,Y,,,,,,,,,,
2026,TPG,2555002,-33.86982,150.76265,,Y,Y,,,,,,,,,
2026,TPG,2557005,-34.00822,150.76747,,Y,Y,Y,Y,,Y,Y,,,,
2026,TPG,2557006,-34.0257,150.76244,,Y,Y,Y,Y,,Y,Y,,,,
2026,TPG,2557007,-33.96461,150.76059,,Y,Y,Y,Y,,Y,Y,,Y,Peri-Urban Mobile Program (PUMP),1
2026,TPG,2558003,-34.01241,150.80439,,Y,Y,Y,,,,,,,,
2026,TPG,2559001,-34.03458,150.79596,,Y,Y,Y,Y,,Y,Y,,,,
2026,TPG,2559002,-34.05148,150.81072,,Y,Y,Y,Y,,Y,Y,,,,
2026,TPG,2559003,-34.04254,150.78411,,Y,Y,Y,Y,,Y,Y,,,,
2026,TPG,2559004,-34.04349,150.81886,,Y,Y,Y,,,,,,,,
2026,TPG,2560003,-34.20948,150.79051,,Y,Y,Y,Y,,Y,Y,,,,
2026,TPG,2560004,-34.05142,150.83366,,Y,Y,Y,Y,,Y,Y,,,,
2026,TPG,2560006,-34.10415,150.78452,,Y,Y,Y,Y,,Y,Y,,,,
2026,TPG,2560008,-34.04699,150.85942,,Y,Y,Y,Y,,Y,Y,,,,
2026,TPG,2560011,-34.07283,150.84211,,Y,Y,Y,Y,,Y,Y,,,,
2026,TPG,2560012,-34.10971,150.77071,,Y,Y,Y,Y,,Y,Y,,,,
2026,TPG,2560013,-34.077808,150.805225,,Y,Y,Y,,,Y,,,,,
2026,TPG,2560014,-34.10092,150.8027,,Y,Y,Y,Y,,Y,Y,,,,
2026,TPG,2560015,-34.06676,150.81384,,Y,Y,Y,Y,,Y,Y,,,,
2026,TPG,2560016,-34.09317,150.81856,,Y,Y,Y,Y,,Y,Y,,,,
2026,TPG,2560018,-34.07624,150.79677,,Y,Y,Y,Y,,Y,Y,,,,
2026,TPG,2560020,-34.09508,150.79454,,Y,Y,Y,Y,,Y,Y,,,,
2026,TPG,2560022,-34.10896,150.80694,,Y,Y,Y,Y,,Y,Y,,,,
2026,TPG,2560023,-34.06565,150.83432,,Y,Y,Y,Y,,Y,Y,,,,
2026,TPG,2560029,-34.07336,150.79933,,Y,Y,Y,Y,,Y,Y,,,,
2026,TPG,2560030,-34.08709,150.78835,,Y,Y,,,,,,,,,
2026,TPG,2560032,-34.08152,150.80804,,Y,Y,Y,,,,,,,,
2026,TPG,2560036,-34.08181,150.7735,,Y,Y,Y,Y,,Y,Y,,,,
2026,TPG,2560038,-34.069207,150.810393,,Y,Y,Y,Y,,Y,Y,,,,
2026,TPG,2560045,-34.37164,150.86097,,Y,Y,Y,Y,,Y,Y,,,,
2026,TPG,2560052,-34.08003,150.82762,,Y,Y,Y,Y,,Y,Y,,,,
2026,TPG,2564001,-33.98138,150.88376,,Y,Y,Y,Y,,Y,Y,,,,
2026,TPG,2564002,-33.98598,150.90412,,Y,Y,Y,Y,,Y,Y,,,,
2026,TPG,2564004,-33.99611,150.89857,,Y,Y,Y,Y,,Y,Y,,,,
2026,TPG,2565003,-34.00859,150.87627,,Y,Y,Y,Y,,Y,Y,,,,
2026,TPG,2565004,-34.00446,150.85796,,Y,Y,Y,Y,,Y,Y,,,,
2026,TPG,2565005,-33.99655,150.85832,,Y,Y,Y,Y,,Y,Y,,,,
2026,TPG,2565006,-34.00435,150.84259,,Y,Y,,,,,,,,,
2026,TPG,2565007,-33.98116,150.86589,,Y,Y,Y,Y,,Y,Y,,,,
2026,TPG,2565010,-33.97829,150.8499,,Y,Y,Y,Y,,Y,Y,,,,
2026,TPG,2565011,-33.99445,150.82286,,Y,Y,Y,Y,,Y,Y,,,,
2026,TPG,2565015,-33.97322,150.82867,,Y,Y,Y,Y,,Y,Y,,,,
2026,TPG,2566002,-34.02827,150.83413,,Y,Y,Y,Y,,Y,Y,,,,
2026,TPG,2566004,-34.0235,150.82387,,Y,Y,Y,,,Y,,,,,
2026,TPG,2566006,-34.02971,150.86097,,Y,Y,Y,Y,,Y,Y,,,,
2026,TPG,2566007,-34.03749,150.84384,,Y,Y,Y,,,,,,,,
2026,TPG,2566009,-34.01537,150.85863,,Y,Y,Y,Y,,Y,,,,,
2026,TPG,2566010,-34.01118,150.82736,,Y,Y,Y,Y,,Y,,,,,
2026,TPG,2566019,-34.02289,150.84217,,Y,Y,Y,Y,,Y,Y,,,,
2026,TPG,2566020,-34.00391,150.79636,,Y,Y,Y,Y,,Y,Y,,,,
2026,TPG,2567001,-34.03787,150.73249,,Y,Y,Y,Y,,Y,Y,,,,
2026,TPG,2567002,-34.03897,150.7613,,Y,Y,Y,Y,,Y,,,,,
2026,TPG,2567004,-34.042074,150.737241,,Y,Y,Y,Y,,Y,,,,,
2026,TPG,2567005,-34.07672,150.74839,,Y,Y,Y,Y,,Y,Y,,,,
2026,TPG,2567007,-34.0573,150.78378,,Y,Y,Y,Y,,Y,Y,,,,
2026,TPG,2567009,-34.0418,150.75266,,Y,Y,Y,Y,,Y,Y,,,,
2026,TPG,2567012,-34.05197,150.73108,,Y,Y,Y,Y,,Y,Y,,,,
2026,TPG,2568001,-34.16797,150.69771,,Y,Y,Y,Y,,Y,,,,,
2026,TPG,2569002,-34.16898,150.72594,,Y,Y,,,,,,,,,
2026,TPG,2569003,-34.19909,150.70778,,Y,Y,,,,,,,,,
2026,TPG,2570001,-34.06242,150.69401,,Y,Y,Y,,,,,,,,
2026,TPG,2570002,-33.99986,150.69684,,Y,Y,Y,Y,,Y,Y,,,,
2026,TPG,2570009,-34.08633,150.57279,,Y,Y,,,,,,,,,
2026,TPG,2570011,-34.09929,150.69779,,Y,Y,Y,Y,,Y,Y,,,,
2026,TPG,2570012,-34.08135,150.50125,,Y,Y,,,,,,,,,
2026,TPG,2570015,-34.07324,150.69523,,Y,Y,Y,Y,,Y,Y,,,,
2026,TPG,2570020,-34.00097,150.73984,,Y,Y,Y,Y,,Y,Y,,,,
2026,TPG,2570024,-34.05412,150.69781,,Y,Y,Y,Y,,Y,Y,,,,
2026,TPG,2570026,-34.065,150.7105,,Y,Y,Y,Y,,Y,Y,,,,
2026,TPG,2571003,-34.16725,150.61898,,Y,Y,Y,Y,,Y,Y,,,,
2026,TPG,2571004,-34.14221,150.666,,Y,Y,Y,,,,,,,,
2026,TPG,2573001,-34.21958,150.57613,,Y,Y,,,,,,,,,
2026,TPG,2574001,-34.31098,150.59723,,Y,Y,,,,,,,,,
2026,TPG,2574002,-34.27292,150.6426,,Y,Y,,,,,,,,,
2026,TPG,2575001,-34.34097,150.55535,,Y,Y,Y,Y,,Y,,,,,
2026,TPG,2575002,-34.42292,150.47612,,Y,Y,Y,Y,,Y,,,,,
2026,TPG,2575003,-34.37118,150.53683,,Y,Y,,,,,,,,,
2026,TPG,2575010,-34.35903,150.4805,,Y,Y,,,,,,,,,
2026,TPG,2575016,-34.44847,150.43348,,Y,Y,,,,,,,,,
2026,TPG,2576001,-34.46534,150.42839,,Y,Y,Y,Y,,Y,Y,,,,
2026,TPG,2576007,-34.50531,150.45757,,Y,Y,,,,,,,,,
2026,TPG,2577005,-34.48434,150.34359,,Y,Y,Y,Y,,,,,,,
2026,TPG,2577008,-34.45609,150.36727,,Y,Y,Y,Y,,Y,,,,,
2026,TPG,2577009,-34.58016,150.61732,,Y,Y,Y,Y,,Y,Y,,,,
2026,TPG,2577010,-34.544433,150.373985,,Y,,,,,,,,,,
2026,TPG,2577011,-34.72242,150.54461,,Y,Y,Y,Y,,Y,Y,,,,
2026,TPG,2577022,-34.65437,150.49006,,Y,Y,Y,Y,Y,,Y,,,,
2026,TPG,2578001,-34.64722,150.25028,,Y,Y,Y,Y,Y,,Y,,,,
2026,TPG,2579002,-34.68846,150.03479,,Y,,,,,,,,,,
2026,TPG,2579010,-34.62117,150.31938,,Y,Y,Y,Y,Y,,Y,,,,
2026,TPG,2581003,-34.82442,149.19438,,Y,,,,,,,,,,
2026,TPG,2600004,-35.31008,149.125202,,Y,Y,Y,Y,Y,,,,,,
2026,TPG,2600005,-35.29856,149.13132,,Y,Y,Y,Y,Y,,Y,,,,
2026,TPG,2600008,-35.28009313,149.1329808,,Y,Y,Y,Y,Y,,,,,,
2026,TPG,2600010,-35.32537,149.09698,,Y,Y,Y,Y,Y,,Y,,,,
2026,TPG,2600011,-35.28053,149.12544,,Y,Y,Y,Y,Y,,Y,,,,
2026,TPG,2600012,-35.3035,149.16191,,Y,Y,Y,,,,,,,,
2026,TPG,2600013,-35.30872,149.13399,,Y,Y,Y,Y,Y,,Y,,,,
2026,TPG,2600019,-35.31271,149.08294,,Y,Y,Y,Y,Y,,Y,,,,
2026,TPG,2600020,-35.3005,149.12207,,,Y,Y,,Y,,,,,,
2026,TPG,2600028,-35.31438,149.10608,,Y,Y,Y,Y,Y,,Y,,,,
2026,TPG,2600067,-35.30564,149.09172,,Y,Y,Y,Y,Y,,Y,,,,
2026,TPG,2601001,-35.27565,149.09763,,,,Y,,,,,,,,
2026,TPG,2601002,-35.2801,149.13129,,Y,Y,Y,Y,Y,,Y,,,,
2026,TPG,2601007,-35.2778,149.1299,,Y,Y,Y,Y,Y,,Y,,,,
2026,TPG,2601018,-35.285,149.12278,,Y,Y,Y,,Y,,,,,,
2026,TPG,2601021,-35.278,149.12584,,Y,Y,Y,Y,Y,,Y,,,,
2026,TPG,2602001,-35.25582,149.15937,,Y,Y,Y,Y,Y,,Y,,,,
2026,TPG,2602002,-35.25796,149.13206,,Y,Y,Y,Y,Y,,Y,,,,
2026,TPG,2602005,-35.25032,149.14296,,Y,Y,Y,Y,Y,,Y,,,,
2026,TPG,2602007,-35.23103,149.14633,,Y,Y,Y,Y,Y,,Y,,,,
2026,TPG,2602009,-35.26983,149.15036,,Y,Y,Y,Y,Y,,Y,,,,
2026,TPG,2602010,-35.2379,149.11779,,Y,Y,Y,Y,Y,,Y,,,,
2026,TPG,2602011,-35.24605,149.15582,,Y,Y,Y,,,,,,,,
2026,TPG,2603001,-35.34066,149.13177,,Y,Y,Y,,,,,,,,
2026,TPG,2603002,-35.32014,149.13457,,Y,Y,Y,,,,,,,,
2026,TPG,2603003,-35.32413,149.11259,,Y,Y,Y,Y,Y,,Y,,,,
2026,TPG,2603004,-35.32217,149.13683,,Y,Y,Y,Y,Y,,Y,,,,
2026,TPG,2604001,-35.33908,149.15408,,Y,Y,Y,,,,,,,,
2026,TPG,2604003,-35.32061,149.1484,,Y,Y,Y,,,,,,,,
2026,TPG,2604006,-35.33407,149.14565,,Y,Y,Y,Y,Y,,Y,,,,
2026,TPG,2605001,-35.3456,149.1011,,Y,Y,Y,Y,Y,,Y,,,,
2026,TPG,2605005,-35.346,149.1012,,Y,Y,Y,,,,,,,,
2026,TPG,2605006,-35.34564,149.10276,,Y,Y,Y,Y,Y,,,,,,
2026,TPG,2606001,-35.3396,149.0685,,Y,Y,Y,Y,Y,,Y,,,,
2026,TPG,2606002,-35.35101,149.0901,,Y,Y,Y,Y,Y,,Y,,,,
2026,TPG,2606004,-35.34404,149.08617,,Y,Y,Y,Y,Y,,Y,,,,
2026,TPG,2606005,-35.346264,149.086586,,Y,Y,Y,,Y,,Y,,,,
2026,TPG,2606006,-35.3556,149.07094,,Y,Y,Y,Y,Y,,Y,,,,
2026,TPG,2606007,-35.35862,149.10304,,Y,Y,Y,Y,Y,,Y,,,,
2026,TPG,2607001,-35.38058,149.12523,,Y,Y,Y,Y,Y,,Y,,,,
2026,TPG,2607003,-35.3708,149.09538,,Y,Y,Y,Y,Y,,Y,,,,
2026,TPG,2607004,-35.36164,149.08419,,Y,Y,Y,Y,Y,,Y,,,,
2026,TPG,2608001,-35.2832,149.13257,,Y,Y,Y,,,,,,,,
2026,TPG,2609003,-35.34513,149.13476,,Y,Y,Y,Y,Y,,Y,,,,
2026,TPG,2609004,-35.32395,149.15885,,Y,Y,Y,Y,Y,,Y,,,,
2026,TPG,2609005,-35.32416,149.15289,,Y,Y,Y,Y,Y,,Y,,,,
2026,TPG,2609006,-35.23763,149.18235,,Y,Y,Y,Y,Y,,Y,,,,
2026,TPG,2609007,-35.33465,149.17633,,Y,Y,Y,Y,Y,,Y,,,,
2026,TPG,2609009,-35.31009,149.18625,,Y,Y,Y,Y,Y,,Y,,,,
2026,TPG,2609012,-35.32139,149.17638,,Y,Y,Y,Y,Y,,Y,,,,
2026,TPG,2609025,-35.297943,149.187239,,Y,Y,Y,Y,Y,,,,,,
2026,TPG,2611001,-35.34325,149.04912,,Y,Y,Y,Y,Y,,Y,,,,
2026,TPG,2611002,-35.33181,149.0609,,Y,Y,Y,Y,Y,,Y,,,,
2026,TPG,2611003,-35.35014,149.04599,,Y,Y,Y,,,,,,,,
2026,TPG,2611007,-35.33145,149.02533,,Y,Y,Y,Y,Y,,Y,,,,
2026,TPG,2611008,-35.30358,149.02997,,Y,Y,Y,Y,Y,,Y,,,,
2026,TPG,2611037,-35.32249,149.04166,,Y,Y,Y,Y,Y,,Y,,,,
2026,TPG,2612001,-35.27108,149.13244,,Y,Y,Y,Y,Y,,Y,,,,
2026,TPG,2612002,-35.29814,149.15891,,Y,Y,Y,Y,Y,,Y,,,,
2026,TPG,2612009,-35.28947,149.15475,,Y,Y,Y,Y,Y,,Y,,,,
2026,TPG,2612010,-35.27043,149.11399,,Y,Y,Y,Y,Y,,,,,,
2026,TPG,2612013,-35.2936,149.15969,,Y,Y,Y,Y,Y,,Y,,,,
2026,TPG,2614001,-35.25849,149.04723,,Y,Y,Y,,,,,,,,
2026,TPG,2614002,-35.25329,149.07932,,Y,Y,Y,,,,,,,,
2026,TPG,2614004,-35.24632,149.03464,,Y,Y,Y,,,,,,,,
2026,TPG,2615001,-35.19894,149.05533,,Y,Y,Y,Y,Y,,Y,,,,
2026,TPG,2615002,-35.21468,149.05336,,Y,,Y,,,,,,,,
2026,TPG,2615003,-35.22632,149.02368,,Y,Y,Y,Y,Y,,Y,,,,
2026,TPG,2615005,-35.24134,149.02617,,Y,Y,Y,Y,Y,,Y,,,,
2026,TPG,2615006,-35.19918,149.06975,,Y,Y,Y,Y,Y,,Y,,,,
2026,TPG,2615007,-35.18903,149.02212,,Y,Y,Y,Y,Y,,Y,,,,
2026,TPG,2615008,-35.20816,149.04413,,Y,Y,Y,Y,Y,,Y,,,,
2026,TPG,2615009,-35.22427,149.03844,,Y,Y,Y,Y,Y,,Y,,,,
2026,TPG,2615010,-35.21798,149.0076,,Y,Y,Y,,,,,,,,
2026,TPG,2615011,-35.2305,149.05884,,Y,Y,Y,Y,Y,,Y,,,,
2026,TPG,2617003,-35.24959,149.0967,,Y,Y,Y,Y,Y,,Y,,,,
2026,TPG,2617004,-35.22653,149.1044,,Y,Y,Y,Y,Y,,Y,,,,
2026,TPG,2617005,-35.23752,149.05809,,Y,Y,Y,Y,Y,,Y,,,,
2026,TPG,2617006,-35.23843885,149.0654125,,Y,Y,Y,,Y,,,,,,
2026,TPG,2617007,-35.2484,149.07279,,Y,Y,Y,Y,Y,,Y,,,,
2026,TPG,2617009,-35.24971,149.10385,,Y,Y,Y,,,,,,,,
2026,TPG,2617010,-35.21304,149.08659,,Y,Y,Y,Y,Y,,Y,,,,
2026,TPG,2617011,-35.24142,149.07104,,Y,Y,Y,Y,Y,,Y,,,,
2026,TPG,2617013,-35.24459,149.06532,,Y,Y,Y,Y,Y,,Y,,,,
2026,TPG,2617015,-35.20895,149.08854,,Y,Y,Y,Y,Y,,,,,,
2026,TPG,2617017,-35.24222,149.0834,,Y,Y,Y,Y,Y,,Y,,,,
2026,TPG,2618001,-35.14433,149.09055,,Y,Y,Y,Y,Y,,Y,,,,
2026,TPG,2619001,-35.37346,149.21532,,Y,Y,Y,,,,,,,,
2026,TPG,2619002,-35.38253,149.19958,,Y,Y,Y,Y,Y,,Y,,,,
2026,TPG,2620003,-35.4194,149.1539,,Y,Y,Y,Y,Y,,Y,,,,
2026,TPG,2620005,-35.35305,149.23189,,Y,Y,Y,Y,Y,,Y,,,,
2026,TPG,2620007,-35.38941,149.17346,,Y,Y,Y,,,,,,,,
2026,TPG,2620008,-35.35161,149.20901,,Y,Y,Y,Y,Y,,Y,,,,
2026,TPG,2620013,-35.35123,149.21667,,Y,Y,Y,Y,Y,,Y,,,,
2026,TPG,2620014,-35.34311,149.24696,,Y,Y,Y,Y,Y,,Y,,,,
2026,TPG,2620029,-35.40936,149.22118,,Y,Y,Y,,,,,,,,
2026,TPG,2640001,-36.08374,146.88991,,Y,,Y,,,,,,,,
2026,TPG,2640003,-36.0776,146.91539,,Y,Y,Y,Y,,,Y,,,,
2026,TPG,2640007,-36.02004,146.96152,,Y,Y,Y,Y,,,Y,,,,
2026,TPG,2640008,-36.09089,146.91446,,Y,,Y,,,,,,,,
2026,TPG,2640009,-36.08889,146.93941,,Y,Y,Y,Y,,,,,,,
2026,TPG,2640012,-36.04509,146.99983,,Y,Y,Y,,,,,,,,
2026,TPG,2641001,-36.05159,146.93363,,Y,Y,Y,Y,,,Y,,,,
2026,TPG,2641002,-36.04039,146.91904,,Y,Y,Y,Y,,,Y,,,,
2026,TPG,2644001,-35.58996,147.50872,,Y,,,,,,,,,,
2026,TPG,2646010,-35.79982,146.35209,,Y,,,,,,,,Y,Federal Mobile Black Spot Program (MBSP),1
2026,TPG,2646011,-35.77348,146.04629,,Y,,,,,,,,Y,Federal Mobile Black Spot Program (MBSP),1
2026,TPG,2650006,-35.05119,147.19357,,Y,,Y,,,,,,,,
2026,TPG,2652002,-35.25564,147.70221,,Y,,,,,,,,,,
2026,TPG,2652023,-34.10918,145.84869,,Y,,,,,,,,Y,Federal Mobile Black Spot Program (MBSP),1
2026,TPG,2669002,-33.86301,146.70112,,Y,,,,,,,,Y,Federal Mobile Black Spot Program (MBSP),1
2026,TPG,2671012,-33.41195,147.33729,Y,Y,,,,,,,,Y,Federal Mobile Black Spot Program (MBSP),1
2026,TPG,2671014,-33.93388,147.07782,,Y,,,,,,,,,,
2026,TPG,2711003,-34.64333,144.19611,,Y,,,,,,,,,,
2026,TPG,2711005,-34.61141,144.47887,,Y,,,,,,,,,,
2026,TPG,2711025,-34.04959,145.43125,,Y,,,,,,,,Y,Federal Mobile Black Spot Program (MBSP),1
2026,TPG,2711027,-34.21017,145.16667,,Y,,,,,,,,Y,Federal Mobile Black Spot Program (MBSP),1
2026,TPG,2713001,-35.63824,145.51045,,Y,,,,,,,,,,
2026,TPG,2716001,-35.41563,145.7004,,Y,,,,,,,,,,
2026,TPG,2722002,-35.16305,147.93524,,Y,,,,,,,,,,
2026,TPG,2745001,-33.80073,150.70892,,Y,Y,Y,Y,,Y,Y,,,,
2026,TPG,2745002,-33.86521,150.65356,,Y,Y,Y,Y,,Y,Y,,,,
2026,TPG,2745003,-33.77661,150.66487,,Y,Y,Y,Y,,Y,Y,,,,
2026,TPG,2745004,-33.83884,150.64529,,Y,Y,,,,,,,,,
2026,TPG,2745005,-33.81339,150.6903,,Y,Y,Y,,,,,,,,
2026,TPG,2745007,-33.78603,150.70298,,Y,Y,Y,Y,,Y,Y,,,,
2026,TPG,2745008,-33.86135,150.71798,,Y,Y,Y,Y,,Y,Y,,,,
2026,TPG,2745009,-33.80437,150.64341,,Y,Y,Y,Y,,Y,Y,,,,
2026,TPG,2745010,-33.78949,150.66833,,Y,Y,Y,Y,,Y,Y,,,,
2026,TPG,2745011,-33.79461,150.68116,,Y,Y,Y,Y,,Y,,,,,
2026,TPG,2745012,-33.79112,150.69943,,Y,Y,Y,Y,,Y,Y,,,,
2026,TPG,2745013,-33.87514,150.69969,,Y,Y,Y,Y,,Y,Y,,,,
2026,TPG,2745014,-33.85823,150.70128,,Y,Y,Y,Y,,Y,Y,,,,
2026,TPG,2747002,-33.74126,150.71817,,Y,Y,Y,Y,,Y,Y,,,,
2026,TPG,2747003,-33.7454,150.74081,,Y,Y,Y,Y,,Y,Y,,,,
2026,TPG,2747004,-33.75108,150.71587,,Y,Y,Y,Y,,Y,Y,,,,
2026,TPG,2747005,-33.759742,150.712852,,Y,Y,Y,Y,,Y,,,,,
2026,TPG,2747006,-33.76733,150.72746,,Y,Y,Y,Y,,Y,Y,,,,
2026,TPG,2747010,-33.76561,150.74091,,Y,Y,Y,Y,,Y,Y,,,,
2026,TPG,2747011,-33.75442,150.75789,,Y,Y,Y,Y,,Y,Y,,,,
2026,TPG,2747012,-33.76801,150.7587,,Y,Y,Y,Y,,Y,Y,,,,
2026,TPG,2747030,-33.7169,150.7759,,Y,Y,Y,Y,,Y,Y,,,,
2026,TPG,2748001,-33.78247,150.73924,,Y,Y,Y,,,,,,,,
2026,TPG,2748003,-33.78022,150.7117,,Y,Y,Y,Y,,Y,Y,,,,
2026,TPG,2749001,-33.71978,150.72208,,Y,Y,Y,Y,,Y,Y,,,,
2026,TPG,2749002,-33.69423,150.69881,,Y,Y,,,,,,,,,
2026,TPG,2750002,-33.74796,150.65813,,Y,Y,Y,Y,,Y,Y,,,,
2026,TPG,2750004,-33.74282,150.67078,,Y,Y,Y,Y,,Y,Y,,,,
2026,TPG,2750007,-33.75991,150.6483,,Y,Y,Y,Y,,Y,Y,,,,
2026,TPG,2750013,-33.75297,150.69876,,Y,Y,Y,Y,,Y,Y,,,,
2026,TPG,2750014,-33.73245,150.69267,,Y,Y,Y,Y,,Y,Y,,,,
2026,TPG,2750015,-33.75453,150.71699,,Y,Y,Y,Y,,Y,Y,,,,
2026,TPG,2750020,-33.75118,150.69293,,Y,Y,Y,,,Y,Y,,,,
2026,TPG,2750024,-33.757484,150.692584,,Y,Y,,Y,,Y,,,,,
2026,TPG,2750025,-33.75153,150.69649,,Y,Y,Y,,,,,,,,
2026,TPG,2750026,-33.78058,150.68519,,Y,Y,Y,Y,,Y,Y,,,,
2026,TPG,2750033,-33.7644,150.68624,,Y,Y,Y,Y,,Y,Y,,,,
2026,TPG,2752001,-33.89348,150.60752,,Y,Y,Y,Y,,Y,Y,,,,
2026,TPG,2753001,-33.64166,150.78516,,Y,Y,Y,Y,,Y,Y,,,,
2026,TPG,2753002,-33.68746,150.7288,,Y,Y,Y,Y,,Y,Y,,,,
2026,TPG,2753003,-33.65548,150.73817,,Y,Y,,,,,,,,,
2026,TPG,2753004,-33.66259,150.76081,,Y,Y,Y,Y,,Y,Y,,,,
2026,TPG,2753005,-33.60807,150.76144,,Y,Y,Y,Y,,Y,Y,,,,
2026,TPG,2753006,-33.61639,150.75167,,Y,Y,Y,Y,,Y,Y,,,,
2026,TPG,2753007,-33.59639,150.74861,,Y,Y,Y,Y,,Y,Y,,,,
2026,TPG,2753008,-33.64637,150.68534,,Y,Y,,,,,,,,,
2026,TPG,2754001,-33.58725,150.71068,,Y,Y,Y,Y,,Y,Y,,,,
2026,TPG,2756001,-33.61975,150.81091,,Y,Y,Y,Y,,Y,Y,,,,
2026,TPG,2756002,-33.55296,150.83852,,Y,Y,Y,Y,,Y,Y,,,,
2026,TPG,2756003,-33.56358,150.79932,,Y,Y,,,,,,,,,
2026,TPG,2756004,-33.53959,150.77352,,Y,Y,Y,Y,,Y,Y,,,,
2026,TPG,2756007,-33.6152,150.78492,,Y,Y,Y,Y,,Y,Y,,,,
2026,TPG,2756015,-33.58196,150.86958,,Y,Y,,Y,,Y,Y,,,,
2026,TPG,2756017,-33.60752,150.81963,,Y,Y,Y,,,,,,,,
2026,TPG,2758001,-33.49775,150.52202,,Y,Y,Y,Y,,Y,,,,,
2026,TPG,2758002,-33.54678,150.6165,,Y,Y,Y,Y,,Y,Y,,,,
2026,TPG,2758023,-33.54737,150.67527,,Y,Y,Y,Y,,Y,Y,,,,
2026,TPG,2759001,-33.81157,150.79498,,Y,Y,Y,Y,,Y,Y,,,,
2026,TPG,2759003,-33.79325,150.78932,,Y,Y,Y,Y,,Y,Y,,,,
2026,TPG,2759004,-33.79942,150.77996,,Y,Y,Y,Y,,Y,Y,,,,
2026,TPG,2759007,-33.78381,150.77118,,Y,Y,Y,,,,,,,,
2026,TPG,2759009,-33.81157,150.80904,,Y,Y,Y,Y,,Y,,,,,
2026,TPG,2759011,-33.81878,150.78082,,Y,Y,Y,Y,,Y,Y,,,,
2026,TPG,2759012,-33.80054,150.81119,,Y,Y,Y,Y,,Y,Y,,,,
2026,TPG,2760001,-33.74131,150.77138,,Y,Y,,,,,,,,,
2026,TPG,2760002,-33.74976,150.77624,,Y,Y,Y,Y,,Y,Y,,,,
2026,TPG,2760005,-33.76296,150.78894,,Y,Y,Y,Y,,Y,Y,,,,
2026,TPG,2760007,-33.77009,150.7758,,Y,Y,Y,Y,,Y,Y,,,,
2026,TPG,2760009,-33.78564,150.78786,,Y,Y,Y,Y,,Y,Y,,,,
2026,TPG,2760010,-33.76125,150.77468,,Y,Y,Y,Y,,Y,Y,,,,
2026,TPG,2760011,-33.79033,150.80651,,Y,Y,Y,Y,,Y,Y,,,,
2026,TPG,2760013,-33.76617,150.79667,,Y,Y,Y,Y,,Y,,,,,
2026,TPG,2760014,-33.77869,150.80304,,Y,Y,Y,Y,,Y,Y,,,,
2026,TPG,2760016,-33.77539,150.79521,,Y,,Y,,,,,,,,
2026,TPG,2760017,-33.7324,150.78221,,Y,Y,Y,Y,,Y,Y,,,,
2026,TPG,2761001,-33.7319,150.84795,,Y,Y,Y,Y,,Y,Y,,,,
2026,TPG,2761002,-33.75252,150.85502,,Y,Y,Y,Y,,Y,Y,,,,
2026,TPG,2761004,-33.738,150.86426,,Y,Y,Y,Y,,Y,Y,,,,
2026,TPG,2761005,-33.74625,150.83676,,Y,Y,Y,Y,,Y,Y,,,,
2026,TPG,2761007,-33.75772,150.83731,,Y,Y,Y,Y,,Y,Y,,,,
2026,TPG,2762001,-33.69891,150.87744,,Y,Y,Y,Y,,Y,Y,,,,
2026,TPG,2762004,-33.69373,150.85539,,Y,Y,Y,Y,,Y,Y,,,,
2026,TPG,2762005,-33.70698,150.86442,,Y,Y,Y,Y,,Y,Y,,,,
2026,TPG,2762006,-33.7054,150.88284,,Y,Y,Y,Y,,Y,Y,,,,
2026,TPG,2763001,-33.73398,150.89251,,Y,Y,,,,,,,,,
2026,TPG,2763002,-33.7347,150.91665,,Y,Y,Y,Y,,Y,Y,,,,
2026,TPG,2763003,-33.72614,150.88449,,Y,Y,Y,Y,,Y,Y,,,,
2026,TPG,2763005,-33.73881,150.87657,,Y,Y,Y,Y,,Y,Y,,,,
2026,TPG,2764001,-33.72771,150.87679,,Y,Y,Y,Y,,Y,Y,,,,
2026,TPG,2765002,-33.58135,150.93515,,Y,Y,Y,Y,,Y,Y,,,,
2026,TPG,2765003,-33.56778,150.89747,,Y,Y,Y,Y,,Y,,,,,
2026,TPG,2765005,-33.62998,150.83908,,Y,Y,Y,Y,,Y,Y,,,,
2026,TPG,2765006,-33.68556,150.79833,,Y,Y,Y,Y,,Y,Y,,,,
2026,TPG,2765008,-33.69346,150.8404,,Y,Y,Y,Y,,Y,Y,,,,
2026,TPG,2765010,-33.68245,150.87293,,Y,Y,Y,Y,,Y,Y,,,,
2026,TPG,2765011,-33.6408,150.86361,,Y,Y,Y,,,,,,,,
2026,TPG,2765013,-33.62599,150.89463,,Y,Y,,,,,,,,,
2026,TPG,2765016,-33.718599,150.845487,,Y,Y,Y,Y,,Y,,,,,
2026,TPG,2765021,-33.7142,150.84479,,Y,Y,Y,Y,,Y,Y,,,,
2026,TPG,2765025,-33.66473,150.86112,,Y,Y,Y,Y,,Y,Y,,,,
2026,TPG,2765029,-33.67702,150.84743,,Y,Y,Y,Y,,Y,Y,,,,
2026,TPG,2765032,-33.66274,150.87989,,Y,Y,Y,Y,,Y,Y,,,,
2026,TPG,2765037,-33.71361,150.82546,,Y,Y,Y,Y,,Y,Y,,,,
2026,TPG,2765042,-33.66759,150.80011,,Y,Y,Y,Y,,Y,Y,,,,
2026,TPG,2766003,-33.77346,150.85351,,Y,Y,Y,Y,,Y,Y,,,,
2026,TPG,2766004,-33.79369,150.85867,,Y,Y,Y,,,,,,,,
2026,TPG,2766008,-33.76443,150.84705,,Y,Y,Y,Y,,Y,Y,,,,
2026,TPG,2767001,-33.76295,150.86855,,Y,Y,Y,Y,,Y,Y,,,,
2026,TPG,2767002,-33.74911,150.87969,,Y,Y,Y,Y,,Y,Y,,,,
2026,TPG,2767003,-33.76468,150.88252,,Y,Y,Y,Y,,Y,Y,,,,
2026,TPG,2768001,-33.7217,150.93387,,Y,Y,Y,Y,,Y,Y,,,,
2026,TPG,2768002,-33.74,150.94317,,Y,Y,Y,Y,,Y,Y,,,,
2026,TPG,2768003,-33.70466,150.92993,,Y,Y,Y,Y,,Y,Y,,,,
2026,TPG,2768004,-33.72379,150.91647,,Y,Y,Y,Y,,Y,Y,,,,
2026,TPG,2768006,-33.71944,150.90711,,Y,Y,Y,Y,,Y,Y,,,,
2026,TPG,2769002,-33.70277,150.91061,,Y,Y,Y,Y,,Y,Y,,,,
2026,TPG,2770001,-33.80104,150.83946,,Y,Y,Y,Y,,Y,Y,,,,
2026,TPG,2770002,-33.76708,150.82857,,Y,Y,Y,Y,,Y,Y,Y,,,
2026,TPG,2770003,-33.74442,150.80991,,Y,Y,Y,Y,,Y,Y,,,,
2026,TPG,2770004,-33.766739,150.819515,,Y,Y,Y,,,Y,Y,,,,
2026,TPG,2770005,-33.75494,150.82452,,Y,Y,Y,Y,,Y,Y,,,,
2026,TPG,2770009,-33.78537,150.81455,,Y,Y,Y,Y,,Y,Y,,,,
2026,TPG,2770018,-33.72686,150.8175,,,Y,Y,,,,,,,,
2026,TPG,2770023,-33.72963,150.79653,,Y,Y,Y,Y,,Y,Y,,,,
2026,TPG,2770028,-33.76908,150.81506,,Y,Y,Y,Y,,Y,Y,,,,
2026,TPG,2770032,-33.73726,150.79846,,Y,Y,Y,Y,,Y,Y,,,,
2026,TPG,2773001,-33.75421,150.61774,,Y,Y,Y,Y,,Y,Y,,,,
2026,TPG,2773002,-33.77489,150.6278,,Y,Y,Y,Y,,Y,Y,,,,
2026,TPG,2774001,-33.73082,150.62962,,Y,Y,Y,Y,,Y,Y,,,,
2026,TPG,2774002,-33.7363,150.60994,,Y,Y,Y,Y,,Y,Y,,,,
2026,TPG,2774003,-33.74623,150.62196,,Y,Y,,,,,,,,,
2026,TPG,2776001,-33.70429,150.53453,,Y,Y,Y,Y,,Y,Y,,,,
2026,TPG,2776002,-33.69217,150.54178,,Y,Y,Y,Y,,Y,,,,,
2026,TPG,2777001,-33.69319,150.57596,,Y,Y,Y,Y,,Y,Y,,,,
2026,TPG,2777002,-33.71222,150.59228,,Y,Y,,,,,,,,,
2026,TPG,2777006,-33.67528,150.60269,,Y,Y,Y,Y,,Y,Y,,,,
2026,TPG,2778001,-33.72906,150.48371,,Y,Y,Y,Y,,Y,Y,,,,
2026,TPG,2778004,-33.71537,150.50353,,Y,Y,Y,,,,,,,,
2026,TPG,2780001,-33.71075,150.31263,,Y,Y,Y,Y,,Y,Y,,,,
2026,TPG,2780002,-33.70981,150.30084,,Y,Y,Y,Y,,Y,Y,,,,
2026,TPG,2780008,-33.71202,150.33144,,Y,Y,,,,,,,,,
2026,TPG,2782002,-33.72319,150.38516,,Y,Y,Y,Y,,Y,Y,,,,
2026,TPG,2782003,-33.70903,150.35499,,Y,Y,,,,,,,,,
2026,TPG,2782005,-33.70945,150.37579,,Y,Y,Y,Y,,Y,Y,,,,
2026,TPG,2783001,-33.71983,150.43823,,Y,Y,Y,Y,,Y,Y,,,,
2026,TPG,2783002,-33.70559,150.44569,,Y,Y,Y,,,,,,,,
2026,TPG,2785002,-33.64216,150.28344,,Y,Y,Y,Y,,Y,Y,,,,
2026,TPG,2786001,-33.57198,150.23322,,Y,Y,Y,Y,,Y,Y,,,,
2026,TPG,2786003,-33.5857,150.25804,,Y,Y,Y,Y,,Y,Y,,,,
2026,TPG,2786004,-33.51191,150.28415,,Y,Y,,,,,,,,,
2026,TPG,2790001,-33.48823,150.16195,,Y,Y,Y,Y,,Y,Y,,,,
2026,TPG,2790003,-33.51123,150.11441,,Y,Y,Y,Y,,Y,Y,,,,
2026,TPG,2790006,-33.47129,149.98744,,Y,,,,,,,,,,
2026,TPG,2790041,-33.20932,150.01869,,Y,,,,,,,,Y,Federal Mobile Black Spot Program (MBSP),1
2026,TPG,2793003,-33.73147,148.8426,,Y,,,,,,,,Y,Federal Mobile Black Spot Program (MBSP),1
2026,TPG,2794006,-33.89937,148.63511,,Y,,,,,,,,Y,Federal Mobile Black Spot Program (MBSP),1
2026,TPG,2794008,-33.76713,148.5825,,Y,,,,,,,,Y,Federal Mobile Black Spot Program (MBSP),1
2026,TPG,2795001,-33.45006,149.547,,Y,Y,Y,Y,,,Y,,,,
2026,TPG,2795005,-33.46376,149.82857,,Y,Y,Y,Y,,,Y,,,,
2026,TPG,2795007,-33.41647,149.5805,,Y,Y,Y,Y,,,Y,,,,
2026,TPG,2795008,-33.40751,149.55406,,Y,,Y,,,,,,,,
2026,TPG,2795017,-33.4058,149.5722,,Y,Y,Y,,,,,,,,
2026,TPG,2795019,-33.44068,149.55824,,Y,Y,Y,Y,,,Y,,,,
2026,TPG,2795026,-33.35993,149.54663,,Y,,Y,,,,,,,,
2026,TPG,2795027,-33.42491,149.63481,,Y,Y,Y,Y,,,Y,,,,
2026,TPG,2800025,-33.4132,148.82596,,Y,,,,,,,,Y,Federal Mobile Black Spot Program (MBSP),1
2026,TPG,2804003,-33.65067,148.54707,,Y,,,,,,,,Y,Federal Mobile Black Spot Program (MBSP),1
2026,TPG,2805001,-33.61385,148.42565,,Y,,,,,,,,Y,Federal Mobile Black Spot Program (MBSP),1
2026,TPG,2806004,-33.45808,148.37102,,Y,,,,,,,,Y,Federal Mobile Black Spot Program (MBSP),1
2026,TPG,2807002,-34.04955,148.55797,,Y,,,,,,,,Y,Federal Mobile Black Spot Program (MBSP),1
2026,TPG,2830047,-32.34893,148.60733,,Y,,,,,,,,Y,Federal Mobile Black Spot Program (MBSP),1
2026,TPG,2831003,-31.46741,149.0149,,Y,,,,,,,,,,
2026,TPG,2845004,-33.40369,150.06075,,Y,Y,,,,,,,,,
2026,TPG,2847001,-33.35432,150.0158,,Y,Y,,,,,,,,,
2026,TPG,2865003,-33.17849,148.68214,,Y,,,,,,,,Y,Federal Mobile Black Spot Program (MBSP),1
2026,TPG,2866008,-33.08749,148.82625,,Y,,,,,,,,Y,Federal Mobile Black Spot Program (MBSP),1
2026,TPG,2867001,-32.90475,148.79038,,Y,,,,,,,,Y,Federal Mobile Black Spot Program (MBSP),1
2026,TPG,2871008,-33.40686,147.77438,,Y,,,,,,,,Y,Federal Mobile Black Spot Program (MBSP),1
2026,TPG,2900003,-35.46168,149.14684,,Y,Y,Y,Y,Y,,Y,,,,
2026,TPG,2900005,-35.42408,149.07094,,Y,Y,Y,Y,Y,,Y,,,,
2026,TPG,2900006,-35.417193,149.065888,,Y,Y,Y,,Y,,Y,,,,
2026,TPG,2900007,-35.41556,149.06407,,Y,Y,Y,,,,,,,,
2026,TPG,2902001,-35.39042,149.06334,,Y,Y,Y,Y,Y,,Y,,,,
2026,TPG,2902002,-35.38525,149.03938,,Y,Y,Y,,,,,,,,
2026,TPG,2902004,-35.38113,149.05874,,Y,Y,Y,,,,,,,,
2026,TPG,2902005,-35.37751,149.07027,,Y,Y,Y,Y,Y,,Y,,,,
2026,TPG,2903001,-35.40358,149.09346,,Y,Y,Y,,,,,,,,
2026,TPG,2903002,-35.39578,149.08244,,Y,Y,Y,Y,Y,,Y,,,,
2026,TPG,2904001,-35.42854,149.1379,,Y,Y,Y,,,,,,,,
2026,TPG,2904002,-35.41655,149.11466,,Y,Y,Y,,,,,,,,
2026,TPG,2904006,-35.42059,149.10241,,Y,Y,Y,Y,Y,,Y,,,,
2026,TPG,2905001,-35.43717,149.08198,,Y,Y,Y,Y,Y,,Y,,,,
2026,TPG,2905004,-35.43338,149.11204,,Y,Y,Y,,,,,,,,
2026,TPG,2905005,-35.43954,149.09834,,Y,Y,Y,Y,Y,,Y,,,,
2026,TPG,2905006,-35.42358,149.08952,,Y,Y,Y,Y,Y,,Y,,,,
2026,TPG,2905007,-35.41242,149.12861,,Y,Y,Y,Y,Y,,Y,,,,
2026,TPG,2905009,-35.44005,149.12223,,Y,Y,Y,Y,Y,,Y,,,,
2026,TPG,2906001,-35.46911,149.08912,,Y,Y,Y,Y,Y,,Y,,,,
2026,TPG,2906002,-35.45915,149.08891,,Y,Y,Y,Y,Y,,Y,,,,
2026,TPG,2911001,-35.20782,149.11422,,Y,Y,Y,Y,Y,,Y,,,,
2026,TPG,2911002,-35.21276,149.13985,,Y,Y,Y,Y,Y,,Y,,,,
2026,TPG,2911003,-35.21157,149.14396,,Y,Y,Y,,,,,,,,
2026,TPG,2911004,-35.21967,149.13735,,Y,Y,Y,Y,Y,,Y,,,,
2026,TPG,2913001,-35.18317,149.12588,,Y,Y,Y,Y,Y,,Y,,,,
2026,TPG,2913002,-35.19041,149.11279,,Y,Y,Y,Y,Y,,,,,,
2026,TPG,2913004,-35.17403,149.10797,,Y,Y,Y,Y,Y,,,,,,
2026,TPG,2913005,-35.17688,149.09546,,Y,Y,Y,,,,,,,,
2026,TPG,2913006,-35.16126,149.11264,,Y,Y,Y,Y,Y,,Y,,,,
2026,TPG,2913011,-35.15604,149.09538,,Y,Y,Y,Y,Y,,Y,,,,
2026,TPG,2914002,-35.17931,149.14255,,Y,Y,Y,Y,Y,,Y,,,,
2026,TPG,2914003,-35.15728,149.13846,,Y,Y,Y,Y,Y,,Y,,,,
2026,TPG,3000001,-37.81199,144.96801,,Y,Y,Y,Y,,Y,Y,,,,
2026,TPG,3000007,-37.81455,144.97137,,Y,Y,,,,,,,,,
2026,TPG,3000008,-37.81441,144.96361,,Y,Y,Y,,,,,,,,
2026,TPG,3000009,-37.81634,144.96677,,Y,Y,Y,Y,,Y,Y,,,,
2026,TPG,3000010,-37.81802,144.96464,,Y,Y,Y,Y,,Y,Y,,,,
2026,TPG,3000013,-37.81124,144.96425,,Y,Y,Y,Y,,Y,Y,,,,
2026,TPG,3000014,-37.8127,144.95628,,Y,Y,Y,Y,,Y,Y,,,,
2026,TPG,3000015,-37.81735,144.95918,,Y,Y,Y,Y,,Y,Y,,,,
2026,TPG,3000020,-37.81732,144.95302,,,Y,,,,,,,,,
2026,TPG,3000021,-37.82242,144.95544,,Y,Y,Y,Y,,Y,Y,,,,
2026,TPG,3000024,-37.81582,144.95867,,Y,,,,,,,,,,
2026,TPG,3000025,-37.81642,144.94757,,Y,Y,Y,Y,,Y,Y,,,,
2026,TPG,3000027,-37.810699,144.962066,,Y,Y,Y,,,Y,Y,,,,
2026,TPG,3000032,-37.81331,144.95965,,Y,Y,Y,Y,,Y,Y,,,,
2026,TPG,3000033,-37.81303,144.96522,,Y,Y,Y,Y,,Y,Y,,,,
2026,TPG,3000034,-37.8141,144.96949,,Y,Y,Y,Y,,Y,,,,,
2026,TPG,3000037,-37.822879,144.981831,,Y,Y,Y,Y,,Y,,,,,
2026,TPG,3000041,-37.80746,144.95973,,Y,Y,Y,,,,,,,,
2026,TPG,3000042,-37.80665,144.96479,,Y,Y,Y,Y,,Y,Y,,,,
2026,TPG,3000044,-37.81532,144.96869,,Y,Y,Y,Y,,Y,,,,,
2026,TPG,3000050,-37.84978,144.97859,,Y,Y,Y,Y,,Y,Y,,,,
2026,TPG,3000051,-37.80998,144.97081,,Y,Y,Y,Y,,Y,Y,,,,
2026,TPG,3000057,-37.81241,144.97099,,Y,Y,Y,Y,,Y,Y,,,,
2026,TPG,3000062,-37.81792,144.96942,,,Y,Y,,,,,,,,
2026,TPG,3000063,-37.81065,144.96615,,Y,Y,Y,Y,,Y,,,,,
2026,TPG,3000066,-37.81537,144.972737,,Y,Y,Y,,,Y,,,,,
2026,TPG,3000072,-37.81606,144.96097,,Y,Y,Y,,,,,,,,
2026,TPG,3000121,-37.81509,144.9562,,,Y,Y,,,,,,,,
2026,TPG,3000124,-37.81526,144.95893,,Y,Y,Y,Y,,Y,,,,,
2026,TPG,3000127,-37.80908,144.96894,,Y,Y,Y,Y,,Y,Y,,,,
2026,TPG,3000128,-37.81543,144.96273,,Y,Y,Y,,,,,,,,
2026,TPG,3000129,-37.8148,144.95458,,Y,Y,Y,Y,,Y,Y,,,,
2026,TPG,3000130,-37.8157,144.9705,,Y,Y,Y,,,,,,,,
2026,TPG,3000131,-37.81818,144.96095,,Y,Y,Y,Y,,Y,Y,,,,
2026,TPG,3000134,-37.81642,144.95494,,Y,Y,Y,,,,,,,,
2026,TPG,3000136,-37.815971,144.95603,,Y,Y,Y,,,Y,,,,,
2026,TPG,3000140,-37.81348,144.97066,,Y,Y,Y,Y,,Y,,,,,
2026,TPG,3000153,-37.81486,144.96754,,Y,Y,Y,Y,,Y,Y,,,,
2026,TPG,3000161,-37.813057,144.972674,,Y,Y,Y,,,Y,,,,,
2026,TPG,3000162,-37.81107,144.97246,,Y,Y,Y,Y,,Y,Y,,,,
2026,TPG,3000200,-37.8141,144.97285,,Y,Y,Y,Y,,Y,,,,,
2026,TPG,3000205,-37.817355,144.963304,,Y,Y,Y,,,Y,,,,,
2026,TPG,3000206,-37.814548,144.962936,,Y,Y,Y,Y,,Y,,,,,
2026,TPG,3000208,-37.813477,144.963912,,Y,Y,Y,Y,,Y,,,,,
2026,TPG,3000263,-37.81119,144.9577,,Y,Y,Y,Y,,Y,Y,,,,
2026,TPG,3000296,-37.81104,144.97495,,Y,Y,Y,,,Y,,,,,
2026,TPG,3000298,-37.82162,144.978536,,Y,Y,Y,Y,,Y,,,,,
2026,TPG,3000315,-37.81547,144.95781,,Y,Y,Y,Y,,Y,Y,,,,
2026,TPG,3000323,-37.825261,144.983783,,,Y,Y,Y,,Y,,,,,
2026,TPG,3000344,-37.81572,144.95721,,Y,Y,Y,,,Y,,,,,
2026,TPG,3000350,-37.81828,144.9582,,Y,Y,Y,Y,,Y,,,,,
2026,TPG,3000384,-37.82024,144.97789,,Y,Y,Y,Y,,Y,,,,,
2026,TPG,3000386,-37.812541,144.963663,,Y,Y,Y,Y,,Y,,,,,
2026,TPG,3000392,-37.81331,144.9644,,Y,Y,Y,Y,,Y,,,,,
2026,TPG,3000394,-37.81318,144.95292,,Y,Y,Y,Y,,Y,Y,,,,
2026,TPG,3000406,-37.81703,144.9556,,Y,Y,Y,,,,,,,,
2026,TPG,3000407,-37.81043,144.96301,,Y,Y,Y,Y,,Y,Y,,,,
2026,TPG,3000498,-37.813603,144.965837,,,Y,,,,Y,,,,,
2026,TPG,3000526,-37.81414,144.95151,,Y,Y,Y,Y,,Y,,,,,
2026,TPG,3000538,-37.81483,144.96193,,Y,Y,Y,Y,,Y,,,,,
2026,TPG,3000592,-37.809334,144.962911,,Y,Y,Y,Y,,Y,,,,,
2026,TPG,3001001,-37.815018,144.970815,,Y,Y,Y,Y,,Y,Y,,,,
2026,TPG,3002001,-37.81814,144.9803,,Y,Y,Y,Y,,Y,Y,,,,
2026,TPG,3002004,-37.80897,144.97619,,Y,Y,Y,Y,,Y,Y,,,,
2026,TPG,3002005,-37.82111,144.98348,,Y,Y,Y,Y,,Y,Y,Y,,,
2026,TPG,3002005,-37.820812,144.984147,,Y,Y,Y,Y,,Y,,,,,
2026,TPG,3002006,-37.80836,144.97351,,Y,Y,Y,Y,,Y,Y,,,,
2026,TPG,3002017,-37.80937,144.98247,,Y,Y,Y,Y,,Y,Y,,,,
2026,TPG,3002024,-37.8096,144.9788,,Y,Y,Y,,,,,,,,
2026,TPG,3002029,-37.815809,144.983386,,,Y,Y,,,Y,,,,,
2026,TPG,3002031,-37.8119,144.98463,,Y,Y,Y,Y,,Y,Y,,,,
2026,TPG,3002039,-37.81618,144.98587,,Y,Y,Y,Y,,Y,Y,,,,
2026,TPG,3002044,-37.82431,144.98216,,Y,Y,Y,Y,,Y,Y,,,,
2026,TPG,3003002,-37.81217,144.95036,,Y,Y,Y,Y,,Y,Y,,,,
2026,TPG,3003009,-37.8095,144.94931,,Y,Y,Y,Y,,Y,Y,,,,
2026,TPG,3003014,-37.81244,144.92255,,Y,Y,Y,Y,,Y,Y,,,,
2026,TPG,3003015,-37.80288,144.93172,,Y,Y,Y,Y,,Y,Y,,,,
2026,TPG,3003019,-37.80623,144.94259,,Y,Y,Y,Y,,Y,Y,,,,
2026,TPG,3004014,-37.85125,144.98168,,Y,Y,Y,Y,,Y,Y,,,,
2026,TPG,3004038,-37.84655,144.97856,,Y,Y,Y,Y,,Y,Y,,,,
2026,TPG,3004042,-37.813622,144.965926,,Y,Y,Y,Y,,Y,,,,,
2026,TPG,3004093,-37.833013,144.97228,,Y,Y,Y,Y,,Y,,,,,
2026,TPG,3006002,-37.82915,144.97083,,Y,Y,Y,Y,,Y,Y,,,,
2026,TPG,3006003,-37.8246,144.96076,,Y,Y,Y,,,,,,,,
2026,TPG,3006006,-37.8218599,144.960657,,Y,Y,Y,,,Y,,,,,
2026,TPG,3006007,-37.825415,144.954417,,Y,Y,Y,Y,,Y,,,,,
2026,TPG,3006015,-37.822108,144.960433,,Y,Y,Y,,,Y,,,,,
2026,TPG,3006020,-37.824504,144.952338,,Y,Y,Y,Y,,Y,,,,,
2026,TPG,3006023,-37.82445,144.96945,,Y,Y,Y,Y,,Y,Y,,,,
2026,TPG,3006024,-37.825285,144.949364,,Y,Y,Y,Y,,Y,,,,,
2026,TPG,3006024,-37.82445,144.94905,,Y,Y,Y,Y,,Y,Y,,,,
2026,TPG,3006025,-37.82584,144.95787,,Y,Y,Y,,,Y,,,,,
2026,TPG,3006027,-37.82281,144.96236,,Y,Y,Y,,,Y,,,,,
2026,TPG,3006034,-37.82268,144.96485,,Y,Y,Y,Y,,Y,Y,,,,
2026,TPG,3006035,-37.82504,144.951,,Y,Y,,Y,,,,,,,
2026,TPG,3006077,-37.820267,144.965883,,Y,Y,Y,,,Y,Y,,,,
2026,TPG,3008003,-37.819085,144.944648,,Y,Y,Y,,,Y,,,,,
2026,TPG,3008007,-37.81575,144.94555,,Y,Y,Y,Y,,Y,Y,,,,
2026,TPG,3008010,-37.81985,144.94873,,Y,Y,Y,Y,,Y,Y,,,,
2026,TPG,3008012,-37.819442,144.943908,,Y,Y,Y,,,Y,,,,,
2026,TPG,3008014,-37.81974,144.95276,,Y,Y,Y,,,,,,,,
2026,TPG,3008017,-37.82014,144.94338,,Y,Y,Y,Y,,Y,Y,,,,
2026,TPG,3008018,-37.819256,144.943931,,Y,Y,Y,,,Y,,,,,
2026,TPG,3008022,-37.81263,144.93783,,Y,Y,Y,Y,,Y,Y,,,,
2026,TPG,3008023,-37.818621,144.950139,,Y,Y,,Y,,Y,,,,,
2026,TPG,3008023,-37.81832,144.94986,,Y,Y,Y,Y,,Y,Y,,,,
2026,TPG,3008024,-37.82032,144.95073,,Y,Y,Y,,,Y,,,,,
2026,TPG,3008027,-37.821141,144.949729,,Y,Y,Y,Y,,Y,,,,,
2026,TPG,3008028,-37.8187272,144.94945,,Y,Y,Y,Y,,Y,,,,,
2026,TPG,3008031,-37.814026,144.951091,,Y,Y,Y,,,Y,,,,,
2026,TPG,3008034,-37.82111,144.94944,,Y,Y,Y,Y,,Y,,,,,
2026,TPG,3011001,-37.79239,144.88631,,Y,Y,Y,Y,,Y,Y,,,,
2026,TPG,3011002,-37.80282,144.92356,,Y,Y,Y,Y,,Y,Y,,,,
2026,TPG,3011003,-37.80754,144.91974,,Y,Y,Y,Y,,Y,Y,,,,
2026,TPG,3011004,-37.81054,144.90049,,Y,Y,Y,Y,,Y,Y,,,,
2026,TPG,3011005,-37.79976,144.90636,,Y,Y,Y,Y,,Y,Y,,,,
2026,TPG,3011007,-37.81185,144.87172,,Y,Y,Y,Y,,Y,Y,,,,
2026,TPG,3011012,-37.7874,144.88974,,Y,Y,Y,Y,,Y,Y,,,,
2026,TPG,3011013,-37.80517,144.89744,,Y,Y,Y,Y,,Y,Y,,,,
2026,TPG,3012005,-37.81157,144.86281,,Y,Y,Y,Y,,Y,Y,,,,
2026,TPG,3012006,-37.77919,144.86462,,Y,Y,Y,Y,,Y,Y,,,,
2026,TPG,3012012,-37.8168,144.83811,,Y,Y,Y,Y,,Y,Y,,,,
2026,TPG,3012015,-37.794,144.90007,,Y,Y,Y,Y,,Y,Y,,,,
2026,TPG,3012020,-37.77843,144.87793,,Y,Y,Y,Y,,Y,Y,,,,
2026,TPG,3012028,-37.80412,144.8818,,Y,Y,Y,Y,,Y,Y,,,,
2026,TPG,3013001,-37.82079,144.8974,,Y,Y,Y,Y,,Y,Y,,,,
2026,TPG,3013002,-37.81371,144.8889,,,,Y,,,,,,,,
2026,TPG,3013008,-37.82395,144.86743,,Y,Y,Y,,,,,,,,
2026,TPG,3015002,-37.84429,144.88173,,Y,Y,Y,Y,,Y,Y,,,,
2026,TPG,3015005,-37.841,144.87307,,Y,Y,Y,Y,,Y,Y,,,,
2026,TPG,3015006,-37.83719,144.89354,,Y,Y,Y,Y,,Y,Y,,,,
2026,TPG,3015020,-37.82811,144.88826,,Y,Y,Y,Y,,Y,Y,,,,
2026,TPG,3016002,-37.86948,144.90768,,Y,Y,Y,Y,,Y,Y,,,,
2026,TPG,3016003,-37.8581,144.889,,Y,Y,,,,,,,,,
2026,TPG,3016005,-37.86356,144.9077,,Y,Y,Y,Y,,Y,Y,,,,
2026,TPG,3016006,-37.85083,144.87804,,Y,Y,Y,Y,,Y,Y,,,,
2026,TPG,3016009,-37.85875,144.89892,,Y,Y,,,,,,,,,
2026,TPG,3016012,-37.86926,144.89515,,Y,Y,,,,,,,,,
2026,TPG,3016021,-37.85243,144.85801,,Y,Y,Y,Y,,Y,Y,,,,
2026,TPG,3018001,-37.86218,144.80151,,Y,Y,Y,Y,,Y,Y,,,,
2026,TPG,3018002,-37.86288,144.83199,,Y,Y,Y,Y,,Y,Y,,,,
2026,TPG,3018004,-37.8609,144.78018,,Y,Y,Y,Y,,Y,Y,,,,
2026,TPG,3018007,-37.8577,144.8119,,Y,Y,Y,Y,,Y,Y,,,,
2026,TPG,3018009,-37.86789,144.82985,,Y,Y,Y,Y,,Y,Y,,,,
2026,TPG,3019001,-37.77439,144.85008,,Y,Y,Y,Y,,Y,Y,,,,
2026,TPG,3019008,-37.78632,144.8553,,Y,Y,Y,Y,,Y,Y,,,,
2026,TPG,3019009,-37.79015,144.86211,,Y,Y,Y,Y,,Y,Y,,,,
2026,TPG,3020001,-37.78941,144.83264,,Y,Y,Y,,,,,,,,
2026,TPG,3020003,-37.78236,144.83273,,Y,Y,Y,Y,,Y,Y,,,,
2026,TPG,3020004,-37.78619,144.8029,,Y,Y,Y,Y,,Y,Y,,,,
2026,TPG,3020005,-37.76157,144.81948,,Y,Y,Y,Y,,Y,Y,,,,
2026,TPG,3020007,-37.79891,144.84151,,Y,Y,Y,Y,,Y,Y,,,,
2026,TPG,3020010,-37.80789,144.82471,,Y,Y,,,,,,,,,
2026,TPG,3020012,-37.77693,144.83379,,Y,Y,Y,Y,,Y,Y,,,,
2026,TPG,3020020,-37.7779,144.82432,,Y,Y,Y,Y,,Y,Y,,,,
2026,TPG,3020021,-37.79838,144.81797,,Y,Y,Y,Y,,Y,Y,,,,
2026,TPG,3020026,-37.7611,144.83769,,Y,Y,Y,Y,,Y,Y,,,,
2026,TPG,3021003,-37.74601,144.80063,,Y,Y,Y,Y,,Y,Y,,,,
2026,TPG,3021004,-37.7502,144.775,,Y,Y,Y,Y,,Y,Y,,,,
2026,TPG,3021005,-37.74897,144.83332,,Y,Y,Y,,,,,,,,
2026,TPG,3021007,-37.74077,144.82579,,Y,Y,Y,,,,,,,,
2026,TPG,3021008,-37.75978,144.81526,,Y,Y,Y,Y,,Y,Y,,,,
2026,TPG,3021011,-37.74891,144.79728,,Y,Y,Y,Y,,Y,,,,,
2026,TPG,3022005,-37.79398,144.7902,,Y,Y,Y,Y,,Y,Y,,,,
2026,TPG,3023001,-37.76988,144.77981,,Y,Y,Y,Y,,Y,Y,,,,
2026,TPG,3023002,-37.75925,144.73834,,Y,Y,Y,Y,,Y,Y,,,,
2026,TPG,3023004,-37.76691,144.75148,,Y,Y,Y,Y,,Y,Y,,,,
2026,TPG,3023008,-37.76247,144.75607,,Y,Y,Y,Y,,Y,,,,,
2026,TPG,3023016,-37.73727,144.75668,,Y,Y,Y,Y,,Y,Y,,,,
2026,TPG,3023017,-37.73058,144.74219,,Y,Y,Y,Y,,Y,Y,,,,
2026,TPG,3023018,-37.71163,144.74163,,Y,Y,Y,,,,,,,,
2026,TPG,3023022,-37.74441,144.73601,,Y,Y,Y,Y,,Y,Y,,,,
2026,TPG,3023030,-37.77957,144.74856,,Y,Y,Y,Y,,Y,Y,,Y,Peri-Urban Mobile Program (PUMP),1
2026,TPG,3024003,-37.89492,144.62223,,Y,Y,Y,Y,,Y,Y,,,,
2026,TPG,3024004,-37.87669,144.62004,,Y,Y,Y,Y,,Y,Y,,,,
2026,TPG,3024007,-37.88842,144.60845,,Y,Y,Y,Y,,Y,Y,,,,
2026,TPG,3024011,-37.79964,144.64326,,Y,Y,Y,Y,,Y,Y,,,,
2026,TPG,3024012,-37.82831,144.64132,,Y,Y,Y,Y,,Y,Y,,,,
2026,TPG,3024018,-37.76283,144.62174,,Y,Y,Y,Y,,Y,Y,,,,
2026,TPG,3024020,-37.85126,144.6078,,Y,Y,Y,Y,,Y,Y,,,,
2026,TPG,3024021,-37.86671,144.60717,,Y,Y,Y,Y,,Y,Y,,,,
2026,TPG,3024022,-37.89179,144.6311,,Y,Y,Y,Y,,Y,Y,,,,
2026,TPG,3025003,-37.82763,144.84731,,Y,Y,Y,,,,,,,,
2026,TPG,3025003,-37.827779,144.847656,,Y,Y,Y,Y,,Y,Y,,,,
2026,TPG,3025005,-37.84322,144.839,,Y,Y,Y,Y,,Y,Y,,,,
2026,TPG,3025006,-37.82236,144.85359,,Y,Y,Y,Y,,Y,Y,,,,
2026,TPG,3025007,-37.84045,144.82054,,Y,Y,,,,,,,,,
2026,TPG,3026001,-37.82578,144.78249,,Y,Y,Y,Y,,Y,Y,,,,
2026,TPG,3026003,-37.84128,144.78721,,Y,Y,Y,Y,,Y,Y,,,,
2026,TPG,3026008,-37.81866,144.78103,,Y,Y,Y,Y,,Y,Y,,,,
2026,TPG,3026011,-37.82541,144.8159,,Y,Y,Y,Y,,Y,Y,,,,
2026,TPG,3028001,-37.87381,144.78897,,Y,Y,Y,Y,,Y,Y,,,,
2026,TPG,3028003,-37.86773,144.75808,,Y,Y,Y,Y,,Y,Y,,,,
2026,TPG,3028004,-37.84941,144.70442,,Y,Y,Y,Y,,Y,Y,,,,
2026,TPG,3028006,-37.87247,144.77578,,Y,Y,Y,Y,,Y,Y,,,,
2026,TPG,3029003,-37.86102,144.64961,,Y,Y,Y,Y,,Y,Y,,,,
2026,TPG,3029006,-37.86971,144.73465,,Y,Y,Y,Y,,Y,Y,,,,
2026,TPG,3029010,-37.86293,144.68722,,Y,Y,Y,Y,,Y,Y,,,,
2026,TPG,3029018,-37.86006,144.6768,,Y,Y,Y,Y,,Y,Y,,,,
2026,TPG,3029020,-37.8307,144.68703,,Y,Y,Y,Y,,Y,Y,,,,
2026,TPG,3029024,-37.84062,144.71844,,Y,Y,Y,Y,,Y,Y,,,,
2026,TPG,3029033,-37.84708,144.75607,,Y,Y,Y,Y,,Y,Y,,,,
2026,TPG,3029034,-37.84045,144.62018,,Y,Y,Y,Y,,Y,Y,,,,
2026,TPG,3029046,-37.82609,144.74208,,Y,Y,Y,Y,,Y,Y,,,,
2026,TPG,3030001,-37.90171,144.66151,,Y,Y,Y,Y,,Y,Y,,,,
2026,TPG,3030002,-37.90268,144.64095,,Y,Y,Y,Y,,Y,Y,,,,
2026,TPG,3030004,-37.875344,144.6797,,Y,Y,Y,Y,,Y,Y,,,,
2026,TPG,3030004,-37.87612,144.68098,,Y,Y,Y,Y,,Y,Y,,,,
2026,TPG,3030005,-37.87789,144.71354,,Y,Y,Y,Y,,Y,Y,,,,
2026,TPG,3030006,-37.83911,144.66966,,Y,Y,Y,Y,,Y,Y,Y,,,
2026,TPG,3030007,-37.96549,144.68994,,Y,Y,Y,Y,,Y,Y,,,,
2026,TPG,3030012,-37.8084,144.80476,,Y,Y,Y,Y,,Y,Y,,,,
2026,TPG,3030014,-37.92635,144.64648,,Y,Y,Y,Y,,Y,Y,,,,
2026,TPG,3030016,-37.89044,144.76412,,Y,Y,Y,Y,,Y,Y,,,,
2026,TPG,3030017,-37.90373,144.70183,,Y,Y,Y,Y,,Y,Y,,,,
2026,TPG,3030019,-37.88865,144.66125,,Y,Y,Y,Y,,Y,Y,,,,
2026,TPG,3030020,-37.91537,144.66271,,Y,Y,Y,Y,,Y,Y,,,,
2026,TPG,3030023,-37.91536,144.73249,,Y,Y,Y,Y,,Y,Y,,,,
2026,TPG,3030025,-37.89352,144.67534,,Y,Y,Y,Y,,Y,Y,,,,
2026,TPG,3030026,-37.88621,144.6507,,Y,Y,Y,Y,,Y,Y,,,,
2026,TPG,3030027,-37.92759,144.70067,,Y,Y,Y,Y,,Y,Y,,,,
2026,TPG,3030028,-37.88302,144.73575,,Y,Y,Y,Y,,Y,Y,,,,
2026,TPG,3030032,-37.80103,144.75488,,Y,Y,Y,Y,,Y,Y,,,,
2026,TPG,3030038,-37.8897,144.69631,,Y,Y,Y,Y,,Y,Y,,,,
2026,TPG,3030044,-37.80739,144.77991,,Y,Y,Y,Y,,Y,Y,,,,
2026,TPG,3030045,-37.90869,144.75448,,Y,Y,Y,Y,,Y,Y,,,,
2026,TPG,3030046,-37.78691,144.77875,,Y,Y,Y,Y,,Y,Y,,,,
2026,TPG,3030047,-37.89935,144.73091,,Y,Y,Y,Y,,Y,Y,,,,
2026,TPG,3030069,-37.91547,144.68555,,Y,Y,Y,Y,,Y,Y,,,,
2026,TPG,3031001,-37.788531,144.908086,,Y,Y,Y,,,Y,,,,,
2026,TPG,3031001,-37.7888,144.9056,,Y,Y,Y,Y,,Y,Y,,,,
2026,TPG,3031002,-37.78672,144.92862,,Y,Y,Y,Y,,Y,Y,,,,
2026,TPG,3031004,-37.7905,144.91986,,Y,Y,Y,Y,,Y,Y,,,,
2026,TPG,3031005,-37.79784,144.93556,,Y,Y,Y,Y,,Y,Y,,,,
2026,TPG,3031013,-37.7837,144.91531,,Y,Y,Y,Y,,Y,Y,,,,
2026,TPG,3031015,-37.78996,144.9084,,Y,Y,Y,Y,,Y,Y,,,,
2026,TPG,3031017,-37.78514,144.91043,,Y,Y,Y,Y,,Y,Y,,,,
2026,TPG,3032002,-37.77606,144.9061,,Y,Y,Y,Y,,Y,Y,,,,
2026,TPG,3032004,-37.773917,144.888449,,Y,Y,Y,,,Y,Y,,,,
2026,TPG,3032004,-37.7759,144.88756,,Y,Y,Y,Y,,Y,Y,,,,
2026,TPG,3032006,-37.76709,144.89639,,Y,Y,Y,,,,,,,,
2026,TPG,3032033,-37.77573,144.92887,,Y,Y,Y,Y,,Y,Y,,,,
2026,TPG,3033001,-37.74766,144.87497,,Y,Y,Y,Y,,Y,,,,,
2026,TPG,3033003,-37.74999,144.8606,,Y,Y,Y,Y,,Y,Y,,,,
2026,TPG,3033004,-37.72429,144.84204,,Y,Y,Y,Y,,Y,Y,,,,
2026,TPG,3033006,-37.73065,144.85498,,Y,Y,Y,Y,,Y,Y,,,,
2026,TPG,3033011,-37.74093,144.86024,,Y,Y,Y,Y,,Y,,,,,
2026,TPG,3034001,-37.7597,144.86062,,Y,Y,Y,Y,,Y,Y,,,,
2026,TPG,3034002,-37.76768,144.86325,,Y,Y,Y,Y,,Y,Y,,,,
2026,TPG,3036002,-37.66403,144.75417,,Y,Y,Y,Y,,Y,Y,,,,
2026,TPG,3037001,-37.72346,144.74821,,Y,Y,Y,Y,,Y,Y,,,,
2026,TPG,3037003,-37.7271,144.79018,,Y,Y,Y,Y,,Y,Y,,,,
2026,TPG,3037004,-37.71732,144.7863,,Y,Y,Y,Y,,Y,Y,,,,
2026,TPG,3037005,-37.68045,144.73892,,Y,Y,Y,Y,,Y,Y,,,,
2026,TPG,3037007,-37.68832,144.72491,,Y,Y,Y,Y,,Y,Y,,,,
2026,TPG,3037014,-37.70111,144.75688,,Y,Y,Y,Y,,Y,Y,,,,
2026,TPG,3037017,-37.70603,144.75141,,Y,Y,Y,Y,,Y,Y,,,,
2026,TPG,3038001,-37.70257,144.79816,,Y,Y,Y,,,,,,,,
2026,TPG,3038002,-37.72687,144.80698,,Y,Y,Y,Y,,Y,Y,,,,
2026,TPG,3038003,-37.69616,144.77415,,Y,Y,Y,,,,,,,,
2026,TPG,3038005,-37.69998,144.77834,,Y,Y,Y,Y,,Y,Y,,,,
2026,TPG,3038006,-37.70566,144.80086,,Y,Y,Y,Y,,Y,,,,,
2026,TPG,3038007,-37.68864,144.77877,,Y,Y,Y,Y,,Y,,,,,
2026,TPG,3039001,-37.76647,144.92425,,Y,Y,Y,Y,,Y,Y,,,,
2026,TPG,3039003,-37.76443,144.93694,,Y,Y,Y,Y,,Y,Y,,,,
2026,TPG,3040003,-37.75551,144.90029,,Y,Y,Y,Y,,Y,Y,,,,
2026,TPG,3040004,-37.74506,144.92976,,Y,Y,Y,Y,,Y,Y,,,,
2026,TPG,3040005,-37.7513,144.90926,,Y,Y,Y,Y,,Y,Y,,,,
2026,TPG,3040006,-37.75189,144.88419,,Y,Y,Y,,,,,,,,
2026,TPG,3040012,-37.7443,144.9107,,Y,Y,Y,Y,,Y,Y,,,,
2026,TPG,3041004,-37.73387,144.90736,,Y,Y,Y,Y,,Y,Y,,,,
2026,TPG,3041010,-37.73599,144.91862,,Y,Y,Y,,,,,,,,
2026,TPG,3042002,-37.71635,144.89043,,Y,Y,Y,Y,,Y,Y,,,,
2026,TPG,3042003,-37.73224,144.87846,,Y,Y,Y,Y,,Y,Y,,,,
2026,TPG,3042004,-37.73852,144.89478,,Y,Y,Y,Y,,Y,Y,,,,
2026,TPG,3042006,-37.71465,144.887219,,Y,Y,Y,,,Y,,,,,
2026,TPG,3042007,-37.73401,144.88275,,Y,Y,,,,,,,,,
2026,TPG,3042011,-37.72272,144.88967,,Y,Y,Y,Y,,Y,Y,,,,
2026,TPG,3043001,-37.70805,144.85495,,Y,Y,Y,Y,,Y,Y,,,,
2026,TPG,3043002,-37.694,144.87186,,Y,Y,Y,Y,,Y,Y,,,,
2026,TPG,3043006,-37.71161,144.86413,,Y,Y,Y,Y,,Y,Y,,,,
2026,TPG,3043007,-37.7146,144.87375,,Y,Y,Y,Y,,Y,Y,,,,
2026,TPG,3043008,-37.70053,144.88758,,Y,Y,Y,Y,,Y,Y,,,,
2026,TPG,3043009,-37.68404,144.88095,,Y,Y,Y,Y,,Y,Y,,,,
2026,TPG,3043013,-37.68622,144.87786,,Y,Y,Y,Y,,Y,Y,,,,
2026,TPG,3043014,-37.71663,144.86784,,Y,Y,Y,Y,,Y,Y,,,,
2026,TPG,3043016,-37.69931,144.89792,,Y,Y,Y,Y,,Y,,,,,
2026,TPG,3044001,-37.73935,144.94517,,Y,Y,Y,Y,,Y,Y,,,,
2026,TPG,3044003,-37.72075,144.92692,,Y,Y,Y,Y,,Y,Y,,,,
2026,TPG,3044005,-37.7346,144.93804,,,,Y,,,,,,,,
2026,TPG,3044006,-37.74626,144.94476,,Y,Y,Y,Y,,Y,Y,,,,
2026,TPG,3044008,-37.72815,144.94886,,Y,Y,Y,Y,,Y,Y,,,,
2026,TPG,3045001,-37.6719,144.85329,,Y,Y,Y,Y,,Y,Y,,,,
2026,TPG,3045004,-37.67749,144.86344,,Y,Y,Y,Y,,Y,Y,,,,
2026,TPG,3045005,-37.669809,144.848923,,Y,Y,Y,Y,,Y,,,,,
2026,TPG,3045006,-37.66912,144.85473,,Y,Y,Y,Y,,Y,Y,,,,
2026,TPG,3045025,-37.65794,144.83131,,Y,Y,Y,Y,,Y,Y,,,,
2026,TPG,3046002,-37.6988,144.95818,,Y,Y,Y,Y,,Y,Y,,,,
2026,TPG,3046003,-37.7044,144.9184,,Y,Y,Y,Y,,Y,Y,,,,
2026,TPG,3046005,-37.69382,144.93606,,Y,Y,Y,,,,,,,,
2026,TPG,3046007,-37.70794,144.93865,,Y,Y,Y,Y,,Y,Y,,,,
2026,TPG,3047001,-37.67646,144.92998,,Y,Y,Y,Y,,Y,Y,,,,
2026,TPG,3047002,-37.66966,144.93139,,Y,Y,Y,Y,,Y,Y,,,,
2026,TPG,3047003,-37.68283,144.91943,,Y,Y,Y,Y,,Y,Y,,,,
2026,TPG,3047005,-37.68791,144.91719,,Y,Y,Y,Y,,Y,Y,,,,
2026,TPG,3047006,-37.68047,144.94779,,Y,Y,Y,Y,,Y,Y,,,,
2026,TPG,3047008,-37.68204,144.91883,,Y,Y,Y,,,Y,,,,,
2026,TPG,3048002,-37.65077,144.92243,,Y,Y,Y,Y,,Y,Y,,,,
2026,TPG,3048003,-37.66015,144.93928,,Y,Y,Y,Y,,Y,Y,,,,
2026,TPG,3049001,-37.66556,144.8841,,Y,Y,Y,Y,,Y,Y,,,,
2026,TPG,3049003,-37.67019,144.90508,,Y,Y,Y,Y,,Y,,,,,
2026,TPG,3051001,-37.8007,144.94108,,Y,Y,Y,,,,,,,,
2026,TPG,3051002,-37.80548,144.95479,,Y,Y,Y,Y,,Y,Y,,,,
2026,TPG,3051005,-37.79577,144.94923,,Y,Y,Y,Y,,Y,Y,,,,
2026,TPG,3051014,-37.80389,144.95278,,Y,Y,Y,Y,,Y,Y,,,,
2026,TPG,3051019,-37.80468,144.947,,Y,Y,Y,Y,,Y,Y,,,,
2026,TPG,3051023,-37.78892,144.93967,,Y,Y,Y,Y,,Y,Y,,,,
2026,TPG,3052001,-37.78377,144.95853,,Y,Y,Y,Y,,Y,Y,,,,
2026,TPG,3052004,-37.79889,144.9566,,Y,Y,Y,Y,,Y,Y,Y,,,
2026,TPG,3052007,-37.78368,144.94651,,Y,Y,Y,Y,,Y,Y,,,,
2026,TPG,3052020,-37.79798,144.96257,,Y,Y,Y,Y,,Y,Y,,,,
2026,TPG,3052021,-37.79977,144.96081,,Y,Y,Y,,,,,,,,
2026,TPG,3052023,-37.7977,144.9533,,Y,Y,Y,Y,,Y,Y,,,,
2026,TPG,3052024,-37.798994,144.955244,,Y,Y,Y,,,Y,,,,,
2026,TPG,3052026,-37.79293,144.94843,,Y,Y,Y,,,Y,,,,,
2026,TPG,3053001,-37.80346,144.96872,,Y,Y,Y,Y,,Y,Y,,,,
2026,TPG,3053002,-37.79806,144.96812,,Y,Y,Y,,,,,,,,
2026,TPG,3053021,-37.79281,144.96856,,Y,Y,Y,Y,,Y,Y,,,,
2026,TPG,3053045,-37.80391,144.967,,Y,Y,Y,Y,,Y,Y,,,,
2026,TPG,3053087,-37.815069,144.966568,,Y,Y,Y,Y,,,,,,,
2026,TPG,3054002,-37.77859,144.97088,,Y,Y,Y,Y,,Y,Y,,,,
2026,TPG,3054004,-37.7913,144.97556,,Y,Y,Y,Y,,Y,Y,,,,
2026,TPG,3055001,-37.7755,144.94862,,Y,Y,,,,,,,,,
2026,TPG,3055002,-37.75263,144.93503,,Y,Y,Y,Y,,Y,Y,,,,
2026,TPG,3055003,-37.7586,144.9457,,Y,Y,Y,Y,,Y,Y,,,,
2026,TPG,3056003,-37.76604,144.97237,,Y,Y,Y,Y,,Y,Y,,,,
2026,TPG,3056004,-37.76563,144.96003,,Y,Y,Y,Y,,Y,Y,,,,
2026,TPG,3056006,-37.76248,144.96323,,Y,Y,Y,Y,,Y,Y,,,,
2026,TPG,3056013,-37.77013,144.95673,,Y,Y,Y,,,,,,,,
2026,TPG,3056023,-37.775341,144.963004,,Y,Y,Y,Y,,Y,,,,,
2026,TPG,3056025,-37.77225,144.95829,,Y,Y,Y,,,Y,,,,,
2026,TPG,3057001,-37.76908,144.98393,,Y,Y,Y,Y,,Y,,,,,
2026,TPG,3058001,-37.74693,144.94899,,Y,Y,Y,Y,,Y,Y,,,,
2026,TPG,3058002,-37.73608,144.97708,,Y,Y,Y,Y,,Y,,,,,
2026,TPG,3058004,-37.74387,144.96748,,Y,Y,Y,Y,,Y,Y,,,,
2026,TPG,3058005,-37.72572,144.96201,,Y,Y,Y,Y,,Y,Y,,,,
2026,TPG,3058006,-37.75442,144.95834,,Y,Y,Y,Y,,Y,Y,,,,
2026,TPG,3058007,-37.7569,144.97871,,Y,Y,Y,Y,,Y,Y,,,,
2026,TPG,3058009,-37.7388,144.96784,,Y,Y,Y,Y,,Y,Y,,,,
2026,TPG,3058010,-37.72777,144.95525,,Y,Y,Y,Y,,Y,Y,,,,
2026,TPG,3058045,-37.73282,144.95649,,Y,Y,Y,Y,,Y,Y,,,,
2026,TPG,3059002,-37.65286,144.8743,,Y,Y,Y,Y,,Y,Y,,,,
2026,TPG,3059004,-37.63884,144.88135,,Y,Y,Y,Y,,Y,Y,,,,
2026,TPG,3059005,-37.61987,144.89074,,Y,Y,Y,Y,,Y,Y,,,,
2026,TPG,3060002,-37.71557,144.96079,,Y,Y,Y,Y,,Y,Y,,,,
2026,TPG,3060004,-37.70913,144.9763,,Y,Y,Y,Y,,Y,Y,,,,
2026,TPG,3061001,-37.65705,144.95493,,Y,Y,Y,Y,,Y,Y,,,,
2026,TPG,3061002,-37.67361,144.95895,,Y,Y,Y,Y,,Y,Y,,,,
2026,TPG,3061003,-37.6654,144.95739,,Y,Y,Y,Y,,Y,Y,,,,
2026,TPG,3061008,-37.64407,144.9452,,Y,Y,Y,Y,,Y,Y,,,,
2026,TPG,3061011,-37.64821,144.96347,,Y,Y,Y,Y,,Y,Y,,,,
2026,TPG,3061016,-37.68886,144.96577,,Y,Y,Y,Y,,Y,Y,,,,
2026,TPG,3062002,-37.6212,144.94964,,Y,Y,Y,Y,,Y,Y,,,,
2026,TPG,3064002,-37.52968,144.94617,,Y,Y,Y,Y,,Y,Y,,,,
2026,TPG,3064003,-37.64005,144.93069,,Y,Y,Y,Y,,Y,Y,,,,
2026,TPG,3064004,-37.60424,144.94384,,Y,Y,Y,Y,,Y,Y,,,,
2026,TPG,3064005,-37.57285,144.94787,,Y,Y,Y,Y,,Y,Y,,,,
2026,TPG,3064006,-37.59815,144.92173,,Y,Y,Y,Y,,Y,Y,,,,
2026,TPG,3064007,-37.61834,144.92023,,Y,Y,Y,Y,,Y,Y,,,,
2026,TPG,3064008,-37.63668,144.91098,,Y,Y,Y,Y,,Y,,,,,
2026,TPG,3064009,-37.5707,144.87658,,Y,Y,Y,Y,,Y,Y,,Y,Peri-Urban Mobile Program (PUMP),1
2026,TPG,3064012,-37.58628,144.88705,,Y,Y,Y,Y,,Y,Y,,,,
2026,TPG,3064015,-37.58443,144.94148,,Y,Y,Y,Y,,Y,Y,,Y,Peri-Urban Mobile Program (PUMP),1
2026,TPG,3064016,-37.60738,144.90489,,Y,Y,Y,Y,,Y,Y,,,,
2026,TPG,3064017,-37.57736,144.92468,,Y,Y,Y,Y,,Y,Y,,,,
2026,TPG,3064020,-37.593524,144.913522,,Y,Y,Y,Y,,Y,,,,,
2026,TPG,3064023,-37.55806,144.86984,,Y,Y,Y,,,,,,,,
2026,TPG,3064026,-37.53674,144.88388,,Y,Y,Y,Y,,Y,Y,,,,
2026,TPG,3064027,-37.54824,144.96982,,Y,Y,Y,Y,,Y,Y,,,,
2026,TPG,3065001,-37.79411,144.98306,,Y,Y,Y,Y,,Y,Y,,,,
2026,TPG,3065002,-37.8046,144.98292,,Y,Y,Y,Y,,Y,Y,,,,
2026,TPG,3065003,-37.79876,144.97781,,Y,Y,Y,,,,,,,,
2026,TPG,3066002,-37.80446,144.98615,,Y,Y,Y,Y,,Y,Y,,,,
2026,TPG,3067001,-37.81132,145.01171,,Y,Y,Y,,,,,,,,
2026,TPG,3067002,-37.79703,144.99465,,Y,Y,Y,Y,,Y,Y,,,,
2026,TPG,3067005,-37.80829,145.00214,,Y,Y,Y,Y,,Y,Y,,,,
2026,TPG,3067010,-37.80067,145.00365,,Y,Y,Y,,,Y,,,,,
2026,TPG,3068001,-37.78628,144.99503,,Y,Y,Y,,,,,,,,
2026,TPG,3068004,-37.77966,144.97951,,Y,Y,Y,Y,,Y,Y,,,,
2026,TPG,3068028,-37.78529,144.98083,,Y,Y,Y,Y,,Y,,,,,
2026,TPG,3070003,-37.76866,144.99884,,Y,Y,Y,Y,,Y,Y,,,,
2026,TPG,3070005,-37.76225,145.00062,,Y,Y,Y,Y,,Y,Y,,,,
2026,TPG,3071002,-37.7569,144.98343,,Y,Y,Y,Y,,Y,Y,,,,
2026,TPG,3071003,-37.7494,145.00261,,Y,,,,,,,,,,
2026,TPG,3071005,-37.76025,145.02817,,Y,Y,Y,Y,,Y,Y,,,,
2026,TPG,3072001,-37.73617,144.99009,,Y,Y,Y,Y,,Y,Y,,,,
2026,TPG,3072003,-37.74243,145.02902,,Y,Y,Y,Y,,Y,Y,,,,
2026,TPG,3072005,-37.738296,145.030166,,Y,Y,Y,Y,,Y,Y,,,,
2026,TPG,3072006,-37.75388,145.02165,,Y,Y,Y,Y,,Y,Y,,,,
2026,TPG,3072008,-37.74356,144.98941,,Y,Y,Y,Y,,Y,Y,,,,
2026,TPG,3072009,-37.73967,145.00341,,Y,Y,Y,Y,,Y,Y,,,,
2026,TPG,3072043,-37.74632,145.00805,,Y,Y,Y,Y,,Y,Y,,,,
2026,TPG,3073001,-37.72344,145.00688,,Y,Y,Y,Y,,Y,Y,,,,
2026,TPG,3073002,-37.71914,145.02148,,Y,Y,Y,Y,,Y,Y,,,,
2026,TPG,3073003,-37.72592,145.02836,,Y,Y,Y,Y,,Y,Y,,,,
2026,TPG,3073004,-37.72896,145.01708,,Y,Y,Y,Y,,Y,Y,,,,
2026,TPG,3073005,-37.71329,144.98565,,Y,Y,Y,Y,,Y,Y,,,,
2026,TPG,3073006,-37.7075,145.00965,,Y,Y,Y,,,,,,,,
2026,TPG,3073008,-37.70516,145.02844,,Y,Y,Y,Y,,Y,Y,,,,
2026,TPG,3073013,-37.71612,144.98376,,Y,Y,Y,Y,,Y,Y,,,,
2026,TPG,3073014,-37.70705,144.98241,,Y,Y,Y,Y,,Y,Y,,,,
2026,TPG,3073032,-37.71765,145.00775,,Y,Y,Y,Y,,Y,Y,,,,
2026,TPG,3074001,-37.6725,145.00159,,,,Y,,,,,,,,
2026,TPG,3074002,-37.69073,145.01338,,Y,Y,Y,Y,,Y,Y,,,,
2026,TPG,3074003,-37.69161,144.98821,,Y,Y,Y,Y,,Y,Y,,,,
2026,TPG,3074004,-37.69254,145.03723,,Y,Y,Y,Y,,Y,Y,,,,
2026,TPG,3074005,-37.69081,145.03017,,Y,Y,Y,Y,,Y,Y,,,,
2026,TPG,3074006,-37.69401,145.02488,,Y,Y,Y,Y,,Y,Y,,,,
2026,TPG,3074014,-37.68858,145.00819,,Y,Y,Y,Y,,Y,Y,,,,
2026,TPG,3075001,-37.67341,145.01651,,Y,Y,Y,Y,,Y,Y,,,,
2026,TPG,3075002,-37.66615,144.98277,,Y,Y,Y,Y,,Y,Y,,,,
2026,TPG,3076002,-37.64756,145.01733,,Y,Y,Y,Y,,Y,Y,,,,
2026,TPG,3076006,-37.65273,145.02031,,Y,Y,Y,Y,,Y,Y,,,,
2026,TPG,3076007,-37.6462,145.04038,,Y,Y,Y,Y,,Y,,,,,
2026,TPG,3076009,-37.62214,145.03017,,Y,Y,Y,Y,,Y,,,,,
2026,TPG,3076010,-37.63133,145.00726,,Y,Y,Y,Y,,Y,,,,,
2026,TPG,3076011,-37.65401,145.02967,,Y,Y,Y,Y,,Y,Y,,,,
2026,TPG,3076015,-37.65316,145.01416,,Y,Y,Y,Y,,Y,,,,,
2026,TPG,3076016,-37.6352,145.03801,,Y,Y,Y,Y,,Y,,,,,
2026,TPG,3076021,-37.6586,145.02192,,Y,Y,Y,Y,,Y,Y,,Y,Connecting Victoria Mobile Program (CVMP),2
2026,TPG,3078002,-37.78106,145.0318,,Y,Y,Y,Y,,Y,Y,,,,
2026,TPG,3078003,-37.76874,145.02447,,Y,Y,Y,Y,,Y,Y,,,,
2026,TPG,3078007,-37.77838,145.01838,,Y,Y,,,,,,,,,
2026,TPG,3079002,-37.76883,145.04141,,Y,Y,Y,Y,,Y,Y,,,,
2026,TPG,3081002,-37.74313,145.05558,,Y,Y,Y,Y,,Y,,,,,
2026,TPG,3081008,-37.74895,145.04345,,Y,Y,Y,Y,,Y,Y,,,,
2026,TPG,3081014,-37.73053,145.05403,,Y,Y,Y,Y,,Y,Y,,,,
2026,TPG,3081015,-37.72878,145.04132,,Y,Y,Y,Y,,Y,Y,,,,
2026,TPG,3082002,-37.66658,145.06153,,Y,Y,Y,Y,,Y,Y,,,,
2026,TPG,3082003,-37.65782,145.07615,,Y,Y,Y,Y,,Y,Y,,,,
2026,TPG,3082004,-37.66175,145.05243,,Y,Y,Y,Y,,Y,,,,,
2026,TPG,3082006,-37.66915,145.04232,,Y,Y,Y,Y,,Y,,,,,
2026,TPG,3082008,-37.651562,145.072024,,Y,Y,Y,Y,,Y,Y,,,,
2026,TPG,3082009,-37.67607,145.07403,,Y,Y,Y,,,Y,,,,,
2026,TPG,3083001,-37.70409,145.07337,,Y,Y,Y,Y,,Y,Y,,,,
2026,TPG,3083003,-37.71985,145.05538,,Y,Y,Y,Y,,Y,Y,,,,
2026,TPG,3083004,-37.72264,145.04148,,Y,Y,Y,Y,,Y,Y,,,,
2026,TPG,3083005,-37.70016,145.0576,,Y,Y,Y,Y,,Y,Y,,,,
2026,TPG,3083007,-37.67803,145.05661,,Y,Y,Y,Y,,Y,Y,,,,
2026,TPG,3083024,-37.68095,145.07106,,Y,Y,Y,Y,,Y,Y,,,,
2026,TPG,3083043,-37.70924,145.04955,,Y,Y,Y,Y,,Y,Y,,,,
2026,TPG,3084002,-37.75475,145.06099,,Y,Y,Y,Y,,Y,Y,,,,
2026,TPG,3084003,-37.74007,145.07468,,Y,Y,Y,Y,,Y,Y,,,,
2026,TPG,3084005,-37.76319,145.05485,,Y,Y,,,,,,,,,
2026,TPG,3084013,-37.73152,145.10832,,Y,Y,Y,Y,,Y,Y,,,,
2026,TPG,3085002,-37.72956,145.06866,,Y,Y,,,,,,,,,
2026,TPG,3085004,-37.72212,145.09909,,Y,Y,,,,,,,,,
2026,TPG,3086003,-37.720816,145.048393,,Y,Y,Y,Y,,Y,,,,,
2026,TPG,3087003,-37.70994,145.08512,,Y,Y,Y,Y,,Y,Y,,,,
2026,TPG,3087004,-37.7096496,145.0853508,,Y,Y,Y,Y,,Y,,,,,
2026,TPG,3088002,-37.702837,145.103286,,Y,Y,Y,,,Y,Y,,,,
2026,TPG,3088002,-37.7028,145.10341,,Y,Y,Y,Y,,Y,Y,,,,
2026,TPG,3088003,-37.7116,145.10313,,Y,Y,Y,Y,,Y,Y,,,,
2026,TPG,3088006,-37.70092,145.12177,,Y,Y,,,,,,,,,
2026,TPG,3088007,-37.68617,145.12259,,Y,Y,Y,Y,,Y,Y,,,,
2026,TPG,3088012,-37.69232,145.09358,,Y,Y,Y,Y,,Y,Y,,,,
2026,TPG,3089001,-37.68059,145.17351,,Y,Y,Y,Y,,Y,Y,,,,
2026,TPG,3089003,-37.68665,145.14738,,Y,Y,Y,Y,,Y,,,,,
2026,TPG,3089005,-37.67371,145.14976,,Y,Y,,,,,,,,,
2026,TPG,3089006,-37.68491,145.13616,,Y,Y,Y,Y,,Y,Y,,,,
2026,TPG,3090001,-37.67751,145.12241,,Y,Y,Y,Y,,Y,Y,,,,
2026,TPG,3090003,-37.67397,145.12573,,Y,Y,,,,,,,,,
2026,TPG,3091002,-37.62732,145.12517,,Y,Y,Y,Y,,Y,Y,,,,
2026,TPG,3093001,-37.72897,145.12305,,Y,Y,Y,Y,,Y,,,,,
2026,TPG,3093005,-37.75227,145.11616,,Y,Y,Y,Y,,Y,Y,,,,
2026,TPG,3094001,-37.71611,145.12351,,Y,Y,Y,Y,,Y,Y,,,,
2026,TPG,3095001,-37.68791,145.11323,,Y,Y,Y,Y,,Y,Y,,,,
2026,TPG,3095002,-37.71506,145.17562,,Y,Y,Y,Y,,Y,Y,,,,
2026,TPG,3095005,-37.71988,145.13804,,Y,Y,Y,Y,,Y,Y,,,,
2026,TPG,3095009,-37.71475,145.15016,,Y,Y,Y,Y,,Y,Y,,,,
2026,TPG,3095010,-37.69334,145.1577,,Y,Y,Y,Y,,Y,,,,,
2026,TPG,3095012,-37.70336,145.19897,,Y,Y,Y,Y,,Y,Y,,Y,Peri-Urban Mobile Program (PUMP),1
2026,TPG,3095014,-37.69992,145.17095,,Y,Y,Y,Y,,Y,,,,,
2026,TPG,3096001,-37.66701,145.17954,,Y,Y,,,,,,,,,
2026,TPG,3096002,-37.65469,145.15698,,Y,Y,Y,Y,,Y,Y,,,,
2026,TPG,3097003,-37.68895,145.22297,,Y,Y,,,,,,,,,
2026,TPG,3099001,-37.64799,145.19719,,Y,Y,Y,Y,,Y,Y,,,,
2026,TPG,3099003,-37.63929,145.19103,,Y,Y,Y,Y,,Y,Y,,,,
2026,TPG,3101005,-37.80709,145.02843,,Y,Y,Y,Y,,Y,Y,,,,
2026,TPG,3101006,-37.79061,145.02276,,Y,Y,Y,Y,,Y,Y,,,,
2026,TPG,3101008,-37.80817,145.03958,,Y,Y,Y,Y,,Y,Y,,,,
2026,TPG,3101009,-37.81088,145.05892,,Y,Y,Y,Y,,Y,Y,,,,
2026,TPG,3101015,-37.78323,145.06322,,Y,Y,,,,,,,,,
2026,TPG,3101016,-37.80415,145.01532,,Y,Y,Y,Y,,Y,,,,,
2026,TPG,3102002,-37.7991,145.05072,,Y,Y,Y,,,,,,,,
2026,TPG,3102003,-37.79144,145.04862,,Y,Y,Y,Y,,Y,Y,,,,
2026,TPG,3103001,-37.79301,145.07125,,Y,Y,Y,Y,,Y,Y,,,,
2026,TPG,3103002,-37.80377,145.10242,,Y,Y,Y,Y,,Y,Y,,,,
2026,TPG,3103005,-37.81238,145.07881,,Y,Y,Y,Y,,Y,Y,,,,
2026,TPG,3103009,-37.80329,145.08419,,Y,Y,Y,Y,,Y,Y,,,,
2026,TPG,3104001,-37.79467,145.08249,,Y,Y,Y,Y,,Y,Y,,,,
2026,TPG,3104003,-37.78801,145.1057,,Y,Y,Y,Y,,Y,Y,,,,
2026,TPG,3105001,-37.76099,145.0827,,Y,Y,Y,Y,,Y,Y,,,,
2026,TPG,3105003,-37.75509,145.09197,,Y,Y,,,,,,,,,
2026,TPG,3105004,-37.77481,145.09151,,Y,Y,,,,,,,,,
2026,TPG,3105007,-37.77868,145.0816,,Y,Y,Y,Y,,Y,Y,,,,
2026,TPG,3105008,-37.76532,145.09228,,Y,Y,Y,Y,,Y,Y,,,,
2026,TPG,3106001,-37.76925,145.14517,,Y,Y,Y,,,,,,,,
2026,TPG,3106004,-37.76569,145.17088,,Y,Y,Y,Y,,Y,Y,,,,
2026,TPG,3106007,-37.75788,145.12982,,Y,Y,Y,Y,,Y,Y,,,,
2026,TPG,3106009,-37.76383,145.15518,,Y,Y,Y,Y,,Y,,,,,
2026,TPG,3106010,-37.77563,145.14404,,Y,Y,Y,Y,,Y,,,,,
2026,TPG,3107002,-37.76734,145.10592,,Y,Y,Y,Y,,Y,Y,,,,
2026,TPG,3107005,-37.77462,145.12603,,Y,Y,,,,,,,,,
2026,TPG,3108001,-37.785016,145.126189,,Y,Y,Y,,,Y,Y,,,,
2026,TPG,3108001,-37.78515,145.12532,,Y,Y,Y,Y,,Y,Y,,,,
2026,TPG,3108002,-37.79636,145.12475,,Y,Y,Y,Y,,Y,Y,,,,
2026,TPG,3108005,-37.7736,145.11545,,Y,Y,Y,Y,,Y,Y,,,,
2026,TPG,3108006,-37.7867,145.13299,,Y,Y,Y,Y,,Y,Y,,,,
2026,TPG,3108007,-37.79407,145.11077,,Y,Y,,,,,,,,,
2026,TPG,3108010,-37.78706,145.14181,,Y,Y,,,,,,,,,
2026,TPG,3109001,-37.79062,145.17185,,Y,Y,Y,Y,,Y,Y,,,,
2026,TPG,3109002,-37.78274,145.16586,,Y,Y,Y,Y,,Y,Y,,,,
2026,TPG,3109004,-37.78928,145.16013,,Y,Y,Y,Y,,Y,Y,,,,
2026,TPG,3109005,-37.79993,145.15943,,Y,Y,Y,Y,,Y,Y,,,,
2026,TPG,3109006,-37.74795,145.17768,,Y,Y,Y,,,,,,,,
2026,TPG,3111001,-37.76632,145.1894,,Y,Y,Y,Y,,Y,,,,,
2026,TPG,3111002,-37.79716,145.17596,,Y,Y,Y,Y,,Y,Y,,,,
2026,TPG,3111005,-37.79403,145.21147,,Y,Y,Y,Y,,Y,,,,,
2026,TPG,3111007,-37.80124,145.19651,,Y,Y,Y,,,Y,,,,,
2026,TPG,3113005,-37.72822,145.22247,,Y,Y,Y,Y,,Y,Y,,,,
2026,TPG,3113006,-37.75989,145.19651,,Y,Y,,,,,,,,,
2026,TPG,3114003,-37.78069,145.19662,,Y,Y,,,,,,,,,
2026,TPG,3114004,-37.78866,145.20524,,Y,Y,,,,,,,,,
2026,TPG,3115002,-37.75336,145.27452,,Y,Y,Y,Y,,Y,Y,,,,
2026,TPG,3115003,-37.72362,145.27365,,Y,Y,,,,,,,,,
2026,TPG,3116002,-37.757053,145.312882,,Y,Y,Y,,,Y,,,,,
2026,TPG,3116002,-37.75643,145.31188,,Y,Y,Y,Y,,Y,Y,,,,
2026,TPG,3116009,-37.73535,145.31376,,Y,Y,Y,Y,,Y,Y,,,,
2026,TPG,3121001,-37.83052,145.01925,,Y,Y,Y,Y,,Y,Y,,,,
2026,TPG,3121002,-37.82339,144.99151,,Y,Y,Y,Y,,Y,,,,,
2026,TPG,3121004,-37.82595,145.00356,,Y,Y,Y,,,,,,,,
2026,TPG,3121006,-37.83272,144.99523,,Y,Y,Y,,,,,,,,
2026,TPG,3121011,-37.81029,144.99408,,Y,Y,Y,Y,,Y,Y,,,,
2026,TPG,3121013,-37.81076,145.00083,,Y,Y,Y,Y,,Y,Y,,,,
2026,TPG,3121014,-37.817675,144.99296,,Y,Y,Y,Y,,Y,,,,,
2026,TPG,3121017,-37.82,145.00951,,Y,Y,Y,,,,,,,,
2026,TPG,3121024,-37.81309,145.010877,,Y,Y,Y,,,Y,Y,,,,
2026,TPG,3121025,-37.81668,144.98984,,Y,Y,Y,Y,,Y,Y,,,,
2026,TPG,3121039,-37.81859,145.00168,,Y,Y,Y,Y,,Y,Y,Y,,,
2026,TPG,3121047,-37.82769,145.02039,,Y,Y,Y,Y,,Y,Y,,,,
2026,TPG,3122004,-37.82209,145.03943,,Y,Y,Y,Y,,Y,Y,,,,
2026,TPG,3122006,-37.82107,145.02782,,Y,Y,Y,Y,,Y,Y,,,,
2026,TPG,3122008,-37.82097,145.03597,,Y,Y,Y,Y,,Y,Y,,,,
2026,TPG,3122011,-37.82859,145.03397,,Y,Y,Y,Y,,Y,Y,,,,
2026,TPG,3122053,-37.84015,145.04042,,Y,Y,Y,Y,,Y,,,,,
2026,TPG,3123007,-37.84577,145.04467,,Y,Y,Y,Y,,Y,Y,,,,
2026,TPG,3124002,-37.84351,145.05415,,Y,Y,Y,Y,,Y,Y,,,,
2026,TPG,3124003,-37.84247,145.06905,,Y,Y,Y,Y,,Y,,,,,
2026,TPG,3124004,-37.83458,145.08329,,Y,Y,Y,Y,,Y,Y,,,,
2026,TPG,3124007,-37.83291,145.05611,,Y,Y,Y,Y,,Y,Y,,,,
2026,TPG,3124009,-37.84647,145.0623,,Y,Y,Y,Y,,Y,Y,,,,
2026,TPG,3124010,-37.82449,145.05773,,Y,Y,Y,Y,,Y,Y,,,,
2026,TPG,3124011,-37.8483,145.0792,,Y,Y,,,,,,,,,
2026,TPG,3124027,-37.829037,145.056407,,Y,Y,Y,,,Y,,,,,
2026,TPG,3125004,-37.84861,145.11604,,,Y,Y,,,,,,,,
2026,TPG,3125006,-37.85876,145.11186,,Y,Y,Y,Y,,Y,Y,,,,
2026,TPG,3125030,-37.85187,145.10223,,Y,Y,Y,Y,,Y,Y,,,,
2026,TPG,3126001,-37.82395,145.0841,,Y,Y,Y,Y,,Y,Y,,,,
2026,TPG,3127001,-37.82737,145.10653,,Y,Y,Y,Y,,Y,Y,,,,
2026,TPG,3127003,-37.82559,145.09793,,Y,Y,Y,Y,,Y,Y,,,,
2026,TPG,3127004,-37.81547,145.11492,,Y,Y,Y,Y,,Y,Y,,,,
2026,TPG,3127006,-37.81507,145.09869,,Y,Y,,,,,,,,,
2026,TPG,3127007,-37.8363,145.09787,,Y,Y,,,,,,,,,
2026,TPG,3128002,-37.82859,145.11221,,Y,Y,Y,Y,,Y,Y,,,,
2026,TPG,3128005,-37.82882,145.12082,,Y,Y,Y,Y,,Y,Y,,,,
2026,TPG,3128007,-37.83419,145.13438,,Y,Y,Y,Y,,Y,Y,,,,
2026,TPG,3128009,-37.819597,145.121695,,Y,Y,Y,,,Y,,,,,
2026,TPG,3128011,-37.81796,145.12603,,Y,Y,Y,Y,,Y,Y,,,,
2026,TPG,3128013,-37.83805,145.11805,,,Y,Y,,,Y,,,,,
2026,TPG,3128016,-37.82037,145.12133,,Y,Y,Y,,,,,,,,
2026,TPG,3128017,-37.813685,145.118811,,Y,Y,Y,Y,,Y,,,,,
2026,TPG,3128017,-37.8138,145.11864,,Y,Y,Y,Y,,Y,Y,,,,
2026,TPG,3129001,-37.81305,145.13858,,Y,Y,Y,Y,,Y,Y,,,,
2026,TPG,3129002,-37.80869,145.10838,,Y,Y,Y,Y,,Y,Y,,,,
2026,TPG,3129003,-37.80189,145.12645,,Y,Y,Y,Y,,Y,Y,,,,
2026,TPG,3130001,-37.82014,145.13863,,Y,Y,Y,Y,,Y,Y,,,,
2026,TPG,3130004,-37.83141,145.14637,,Y,,Y,,,,,,,,
2026,TPG,3130007,-37.79941,145.14408,,Y,Y,Y,Y,,Y,Y,,,,
2026,TPG,3130012,-37.81884,145.15703,,Y,Y,Y,Y,,Y,Y,,,,
2026,TPG,3131002,-37.83489,145.16531,,Y,Y,Y,Y,,Y,Y,,,,
2026,TPG,3131003,-37.84809,145.16729,,Y,Y,,,,,,,,,
2026,TPG,3131004,-37.81875,145.17251,,Y,Y,Y,Y,,Y,Y,,,,
2026,TPG,3131005,-37.80464,145.17741,,Y,Y,Y,Y,,Y,Y,,,,
2026,TPG,3131009,-37.82247,145.18335,,Y,Y,Y,Y,,Y,Y,,,,
2026,TPG,3131011,-37.81235,145.17145,,Y,Y,Y,Y,,Y,Y,,,,
2026,TPG,3132003,-37.80454,145.18939,,Y,Y,Y,Y,,Y,Y,,,,
2026,TPG,3132004,-37.82102,145.19251,,Y,Y,Y,Y,,Y,Y,,,,
2026,TPG,3132007,-37.81582,145.19546,,Y,Y,Y,Y,,Y,Y,,,,
2026,TPG,3133001,-37.86067,145.19794,,Y,Y,Y,Y,,Y,Y,,,,
2026,TPG,3133002,-37.83664,145.19542,,Y,Y,,,,,,,,,
2026,TPG,3133003,-37.83497,145.18763,,Y,Y,Y,Y,,Y,Y,,,,
2026,TPG,3133011,-37.85586551,145.1819869,,Y,Y,Y,Y,,Y,Y,,,,
2026,TPG,3133012,-37.84859,145.21226,,Y,Y,Y,Y,,Y,,,,,
2026,TPG,3134003,-37.81852,145.21536,,Y,Y,Y,Y,,Y,Y,,,,
2026,TPG,3134004,-37.80436,145.22169,,Y,Y,Y,Y,,Y,Y,,,,
2026,TPG,3134006,-37.83209,145.22039,,Y,Y,Y,Y,,Y,Y,,,,
2026,TPG,3134011,-37.81406,145.23682,,Y,Y,Y,Y,,Y,Y,,,,
2026,TPG,3134012,-37.79433,145.23601,,Y,Y,,,,,,,,,
2026,TPG,3134017,-37.81273,145.22904,,Y,Y,Y,Y,,Y,Y,,,,
2026,TPG,3134017,-37.81273,145.22904,,Y,Y,Y,Y,,Y,Y,,,,
2026,TPG,3134020,-37.80178,145.24746,,Y,Y,Y,Y,,Y,Y,,,,
2026,TPG,3134022,-37.81107,145.21505,,Y,Y,Y,Y,,Y,,,,,
2026,TPG,3134025,-37.76709,145.24082,,Y,Y,Y,Y,,Y,Y,,,,
2026,TPG,3135001,-37.82813,145.24716,,Y,Y,Y,Y,,Y,Y,,,,
2026,TPG,3135002,-37.82545,145.26919,,Y,Y,Y,Y,,Y,Y,,,,
2026,TPG,3135003,-37.80694,145.25497,,Y,Y,Y,Y,,Y,Y,,,,
2026,TPG,3136002,-37.78252,145.27701,,Y,Y,Y,Y,,Y,Y,,,,
2026,TPG,3136006,-37.8039,145.25994,,Y,Y,Y,,,,,,,,
2026,TPG,3136012,-37.78711,145.29145,,Y,Y,Y,Y,,Y,Y,,,,
2026,TPG,3136015,-37.79252,145.2606,,Y,Y,Y,Y,,Y,Y,,,,
2026,TPG,3136017,-37.77054,145.29487,,Y,Y,Y,Y,,Y,Y,,,,
2026,TPG,3136026,-37.80431,145.27911,,Y,Y,Y,Y,,Y,Y,,,,
2026,TPG,3137002,-37.80113,145.30401,,Y,Y,Y,Y,,Y,Y,,,,
2026,TPG,3137003,-37.81969,145.30255,,Y,Y,Y,Y,,Y,Y,,,,
2026,TPG,3137004,-37.8033,145.30944,,Y,Y,Y,Y,,Y,Y,,,,
2026,TPG,3137005,-37.83413,145.31796,,Y,Y,,,,,,,,,
2026,TPG,3137010,-37.82267,145.32614,,Y,Y,Y,Y,,Y,Y,,Y,Connecting Victoria Mobile Program (CVMP),2
2026,TPG,3138002,-37.76152,145.32613,,Y,Y,,,,,,,,,
2026,TPG,3138006,-37.78661,145.35283,,Y,Y,Y,Y,,Y,Y,,,,
2026,TPG,3138008,-37.78584,145.32028,,Y,Y,Y,Y,,Y,Y,,,,
2026,TPG,3138010,-37.78458,145.31145,,Y,Y,,,,,,,,,
2026,TPG,3139002,-37.78267,145.52933,,Y,Y,,,,,,,,,
2026,TPG,3139007,-37.79164,145.4238,,Y,Y,,,,,,,,,
2026,TPG,3139008,-37.78674,145.44949,,Y,Y,Y,Y,,Y,Y,,,,
2026,TPG,3139010,-37.75979,145.40738,,Y,Y,Y,Y,,Y,,,,,
2026,TPG,3139012,-37.78781,145.55828,,Y,Y,Y,Y,,Y,Y,,,,
2026,TPG,3139013,-37.77525,145.48643,,Y,Y,Y,Y,,Y,Y,,,,
2026,TPG,3140001,-37.75862,145.35263,,Y,Y,Y,Y,,Y,Y,,,,
2026,TPG,3140003,-37.75312,145.34933,,Y,Y,Y,Y,,Y,Y,,,,
2026,TPG,3140006,-37.75388,145.36317,,Y,Y,Y,Y,,Y,Y,,,,
2026,TPG,3140008,-37.77726,145.36165,,Y,Y,,,,,,,,,
2026,TPG,3140010,-37.77307,145.33064,,Y,Y,Y,Y,,Y,Y,,,,
2026,TPG,3141001,-37.83183,145.00499,,Y,Y,Y,Y,,Y,,,,,
2026,TPG,3141003,-37.83924,144.99601,,Y,Y,Y,Y,,Y,Y,Y,,,
2026,TPG,3141004,-37.83761,144.98634,,Y,Y,Y,Y,,Y,Y,,,,
2026,TPG,3141005,-37.84761,145.00103,,Y,Y,Y,Y,,Y,Y,,,,
2026,TPG,3142003,-37.8422,145.01553,,Y,Y,Y,,,,,,,,
2026,TPG,3142004,-37.8405,145.00795,,Y,Y,Y,Y,,Y,Y,,,,
2026,TPG,3142013,-37.84449,144.99972,,Y,Y,Y,Y,,Y,Y,,,,
2026,TPG,3142021,-37.83454,145.01965,,Y,Y,Y,Y,,Y,Y,,,,
2026,TPG,3143002,-37.85302,145.01192,,Y,Y,Y,Y,,Y,Y,,,,
2026,TPG,3143003,-37.85608,145.02902,,Y,Y,Y,Y,,Y,Y,,,,
2026,TPG,3144002,-37.85139,145.03037,,Y,Y,,,,,,,,,
2026,TPG,3144004,-37.84849,145.04119,,Y,Y,Y,Y,,Y,Y,,,,
2026,TPG,3144005,-37.83848,145.03337,,Y,Y,Y,Y,,Y,Y,,,,
2026,TPG,3144006,-37.85575,145.02082,,Y,Y,Y,Y,,Y,Y,,,,
2026,TPG,3145002,-37.87246,145.06758,,Y,Y,,,,,,,,,
2026,TPG,3145004,-37.87726,145.04339,,Y,Y,Y,Y,,Y,Y,,,,
2026,TPG,3145005,-37.87751,145.06942,,Y,Y,Y,Y,,Y,Y,,,,
2026,TPG,3145006,-37.886413,145.082992,,Y,Y,Y,Y,,Y,,,,,
2026,TPG,3145006,-37.88654,145.08338,,Y,Y,Y,,,,,,,,
2026,TPG,3146002,-37.86115,145.05451,,Y,Y,Y,Y,,Y,Y,,,,
2026,TPG,3146004,-37.86373,145.03996,,Y,Y,Y,Y,,Y,Y,,,,
2026,TPG,3146006,-37.86276,145.07063,,Y,Y,Y,Y,,Y,Y,,,,
2026,TPG,3146013,-37.85874,145.06032,,Y,Y,Y,Y,,Y,,,,,
2026,TPG,3147001,-37.86448,145.08098,,Y,Y,Y,Y,,Y,Y,,,,
2026,TPG,3147002,-37.86561,145.09311,,Y,Y,Y,Y,,Y,Y,,,,
2026,TPG,3147005,-37.86934,145.06552,,Y,Y,Y,Y,,Y,,,,,
2026,TPG,3148001,-37.88091,145.09003,,Y,Y,Y,Y,,Y,Y,,,,
2026,TPG,3148003,-37.8926,145.09537,,Y,Y,Y,Y,,Y,Y,,,,
2026,TPG,3148005,-37.87539,145.09051,,Y,Y,Y,Y,,Y,Y,,,,
2026,TPG,3149002,-37.87347,145.13807,,Y,Y,Y,Y,,Y,Y,,,,
2026,TPG,3149003,-37.892,145.14329,,Y,Y,Y,Y,,Y,Y,,,,
2026,TPG,3149007,-37.89651,145.13798,,Y,Y,Y,Y,,Y,Y,,,,
2026,TPG,3149009,-37.8874,145.11297,,Y,Y,Y,Y,,Y,,,,,
2026,TPG,3149010,-37.87258,145.11633,,Y,Y,Y,Y,,Y,Y,,,,
2026,TPG,3149011,-37.85783,145.13177,,Y,Y,Y,Y,,Y,Y,,,,
2026,TPG,3149032,-37.87726,145.12847,,Y,Y,Y,Y,,Y,Y,,,,
2026,TPG,3149035,-37.88981,145.12762,,Y,Y,Y,Y,,Y,,,,,
2026,TPG,3150001,-37.90583,145.1618,,Y,Y,Y,Y,,Y,Y,,,,
2026,TPG,3150003,-37.8714,145.18012,,Y,Y,Y,Y,,Y,Y,,,,
2026,TPG,3150005,-37.89766,145.17962,,Y,Y,Y,Y,,Y,,,,,
2026,TPG,3150006,-37.88142,145.16505,,Y,Y,Y,Y,,Y,Y,,,,
2026,TPG,3150007,-37.90933,145.18917,,Y,Y,Y,Y,,Y,Y,,,,
2026,TPG,3150008,-37.89903,145.19181,,Y,Y,,,,,,,,,
2026,TPG,3150009,-37.89682,145.17271,,Y,Y,Y,,,,,,,,
2026,TPG,3150016,-37.87681,145.165207,,Y,Y,Y,Y,,Y,Y,,,,
2026,TPG,3150019,-37.90507,145.20837,,Y,Y,Y,Y,,Y,,,,,
2026,TPG,3150022,-37.88788,145.15799,,Y,Y,Y,Y,,Y,Y,,,,
2026,TPG,3151001,-37.85062,145.13492,,Y,Y,Y,Y,,Y,Y,,,,
2026,TPG,3151002,-37.85829,145.16369,,Y,Y,Y,Y,,Y,Y,,,,
2026,TPG,3151003,-37.85298,145.15037,,Y,Y,Y,Y,,Y,Y,,,,
2026,TPG,3152004,-37.87724,145.19983,,Y,Y,Y,Y,,Y,Y,,,,
2026,TPG,3152005,-37.868772,145.238781,,Y,Y,Y,,,Y,,,,,
2026,TPG,3152005,-37.86883,145.23872,,Y,Y,Y,Y,,Y,Y,,,,
2026,TPG,3152006,-37.84651,145.2262,,Y,Y,Y,Y,,Y,Y,,,,
2026,TPG,3152009,-37.85173,145.22713,,Y,Y,Y,Y,,Y,Y,,,,
2026,TPG,3152013,-37.86026,145.22562,,Y,Y,Y,Y,,Y,Y,,,,
2026,TPG,3152015,-37.86143,145.25236,,Y,Y,Y,Y,,Y,Y,,,,
2026,TPG,3153001,-37.84528,145.27047,,Y,Y,Y,Y,,Y,Y,,,,
2026,TPG,3153002,-37.82384,145.28886,,Y,Y,Y,Y,,Y,Y,,,,
2026,TPG,3153003,-37.84065,145.26415,,Y,Y,Y,Y,,Y,Y,,,,
2026,TPG,3153006,-37.84589,145.24912,,Y,Y,Y,Y,,Y,Y,,,,
2026,TPG,3153011,-37.85091,145.28433,,Y,Y,,,,,,,,,
2026,TPG,3153012,-37.82661,145.27989,,Y,Y,Y,Y,,Y,Y,,,,
2026,TPG,3154001,-37.85245,145.31379,,Y,Y,Y,Y,,Y,Y,,,,
2026,TPG,3155001,-37.86203,145.28203,,Y,Y,Y,Y,,Y,Y,,,,
2026,TPG,3155002,-37.86113,145.28792,,Y,Y,Y,Y,,Y,Y,,,,
2026,TPG,3155006,-37.85998,145.26745,,Y,Y,,,,,,,,,
2026,TPG,3155008,-37.84402,145.29924,,Y,Y,Y,Y,,Y,Y,,,,
2026,TPG,3155009,-37.83793,145.29241,,Y,Y,Y,Y,,Y,Y,,,,
2026,TPG,3156004,-37.92974,145.28235,,Y,Y,Y,,,,,,,,
2026,TPG,3156006,-37.94431,145.31718,,Y,Y,Y,Y,,Y,,,,,
2026,TPG,3156008,-37.87958,145.26495,,Y,Y,Y,Y,,Y,Y,,,,
2026,TPG,3156009,-37.88151,145.29088,,Y,Y,Y,,,,,,,,
2026,TPG,3156011,-37.88412,145.27957,,Y,Y,Y,Y,,Y,Y,,,,
2026,TPG,3156014,-37.89214,145.29965,,Y,Y,Y,Y,,Y,Y,,,,
2026,TPG,3156020,-37.9575,145.26385,,Y,Y,Y,Y,,Y,,,,,
2026,TPG,3156025,-37.92603,145.25048,,Y,Y,Y,Y,,Y,Y,,,,
2026,TPG,3158001,-37.90389,145.31739,,Y,Y,,,,,,,,,
2026,TPG,3159001,-37.91979,145.36736,,Y,Y,,,,,,,,,
2026,TPG,3160001,-37.90223,145.35227,,Y,Y,Y,Y,,Y,Y,,,,
2026,TPG,3160002,-37.92679,145.35544,,Y,Y,,,,,,,,,
2026,TPG,3161003,-37.86247,145.0141,,Y,Y,Y,Y,,Y,Y,,,,
2026,TPG,3161004,-37.87234,145.02384,,Y,Y,,,,,,,,,
2026,TPG,3161005,-37.88786,145.03042,,Y,Y,,,,,,,,,
2026,TPG,3161006,-37.8677,145.01176,,Y,Y,Y,,,,,,,,
2026,TPG,3161009,-37.86668,145.0276,,Y,Y,Y,Y,,Y,Y,,,,
2026,TPG,3162005,-37.88038,145.02285,,Y,Y,Y,Y,,Y,Y,,,,
2026,TPG,3162008,-37.8943,145.02543,,Y,Y,Y,Y,,Y,Y,,,,
2026,TPG,3162009,-37.87795,145.03855,,Y,Y,Y,,,,,,,,
2026,TPG,3163002,-37.89073,145.06703,,Y,Y,Y,Y,,Y,Y,,,,
2026,TPG,3163003,-37.88428,145.05688,,Y,Y,Y,,,,,,,,
2026,TPG,3163004,-37.88962,145.04504,,Y,Y,Y,Y,,Y,Y,,,,
2026,TPG,3163009,-37.9013,145.05441,,Y,Y,Y,Y,,Y,Y,,,,
2026,TPG,3163010,-37.88957,145.03781,,Y,Y,Y,Y,,Y,Y,,,,
2026,TPG,3164001,-38.02415,145.22239,,Y,Y,Y,Y,,Y,Y,,,,
2026,TPG,3165002,-37.91065,145.06522,,Y,Y,Y,Y,,Y,Y,,,,
2026,TPG,3165008,-37.9078,145.06287,,Y,Y,Y,Y,,Y,Y,,,,
2026,TPG,3165014,-37.92118,145.06112,,Y,Y,Y,Y,,Y,Y,,,,
2026,TPG,3166002,-37.90798,145.07642,,Y,Y,Y,Y,,Y,Y,,,,
2026,TPG,3166003,-37.89885,145.08932,,Y,Y,Y,Y,,Y,Y,,,,
2026,TPG,3166004,-37.91108,145.11046,,Y,Y,Y,Y,,Y,Y,,,,
2026,TPG,3166007,-37.89967,145.07987,,Y,Y,,,,,,,,,
2026,TPG,3166009,-37.89784,145.11107,,Y,Y,,,,,,,,,
2026,TPG,3166014,-37.90361,145.09314,,Y,Y,Y,Y,,Y,Y,,,,
2026,TPG,3166015,-37.90951,145.10089,,Y,Y,Y,Y,,Y,Y,,,,
2026,TPG,3167002,-37.93225,145.0977,,Y,Y,Y,Y,,Y,Y,,,,
2026,TPG,3167003,-37.92186,145.08194,,Y,Y,Y,Y,,Y,Y,,,,
2026,TPG,3167007,-37.9098,145.0865,,Y,Y,Y,Y,,Y,Y,,,,
2026,TPG,3168001,-37.91241,145.13258,,Y,Y,Y,Y,,Y,Y,,,,
2026,TPG,3168005,-37.89936,145.1248,,Y,Y,,,,,,,,,
2026,TPG,3168009,-37.9133,145.1467,,Y,Y,Y,Y,,Y,Y,,,,
2026,TPG,3168014,-37.91164,145.12166,,Y,Y,Y,Y,,Y,Y,,,,
2026,TPG,3168022,-37.9243,145.11932,,Y,Y,Y,Y,,Y,Y,,,,
2026,TPG,3168030,-37.95336,145.13499,,Y,Y,Y,Y,,Y,Y,,,,
2026,TPG,3168034,-37.90484,145.13701,,Y,Y,Y,Y,,Y,Y,,,,
2026,TPG,3168036,-37.91667,145.148799,,Y,Y,Y,,,Y,,,,,
2026,TPG,3168038,-37.92103,145.13641,,Y,Y,Y,Y,,Y,Y,,,,
2026,TPG,3169001,-37.94777,145.12952,,Y,Y,Y,Y,,Y,Y,,,,
2026,TPG,3169004,-37.939,145.11766,,Y,Y,Y,Y,,Y,,,,,
2026,TPG,3169007,-37.9532,145.12096,,Y,Y,Y,Y,,Y,Y,,,,
2026,TPG,3170001,-37.92034,145.15909,,Y,Y,Y,Y,,Y,Y,,,,
2026,TPG,3170002,-37.92478,145.18772,,Y,Y,Y,Y,,Y,Y,,,,
2026,TPG,3170003,-37.93665,145.19114,,Y,Y,Y,Y,,Y,Y,,,,
2026,TPG,3170019,-37.92705,145.16804,,Y,Y,Y,Y,,Y,,,,,
2026,TPG,3170021,-37.92251,145.14645,,Y,Y,Y,Y,,Y,Y,,,,
2026,TPG,3171001,-37.94481,145.17121,,Y,Y,Y,Y,,Y,Y,,,,
2026,TPG,3171002,-37.95673,145.1589,,Y,Y,Y,Y,,Y,Y,,,,
2026,TPG,3171003,-37.94718,145.15084,,Y,Y,Y,Y,,Y,Y,,,,
2026,TPG,3171004,-37.94056,145.14116,,Y,Y,Y,Y,,Y,Y,,,,
2026,TPG,3171006,-37.93127,145.15123,,Y,Y,Y,Y,,Y,Y,,,,
2026,TPG,3171009,-37.932,145.14279,,Y,Y,Y,Y,,Y,Y,,,,
2026,TPG,3171010,-37.94017,145.1701,,Y,Y,Y,Y,,Y,Y,,,,
2026,TPG,3171011,-37.9443,145.14897,,Y,Y,Y,Y,,Y,Y,,,,
2026,TPG,3171013,-37.928283,145.143817,,Y,Y,Y,Y,,Y,,,,,
2026,TPG,3172002,-37.96291,145.14882,,Y,Y,Y,Y,,Y,Y,,,,
2026,TPG,3172003,-37.98382,145.13407,,Y,Y,Y,Y,,Y,Y,,,,
2026,TPG,3172006,-37.96802,145.14041,,Y,Y,Y,Y,,Y,Y,,,,
2026,TPG,3172007,-37.9645,145.1117,,Y,Y,Y,Y,,Y,Y,,,,
2026,TPG,3172010,-37.9717,145.14972,,Y,Y,,,,,,,,,
2026,TPG,3172012,-37.98143,145.1152,,Y,Y,Y,Y,,Y,Y,,,,
2026,TPG,3173003,-37.99518,145.17351,,Y,Y,Y,Y,,Y,Y,,,,
2026,TPG,3173004,-37.9854,145.14672,,Y,Y,Y,Y,,Y,Y,,,,
2026,TPG,3173008,-38.00502,145.13944,,Y,Y,Y,Y,,Y,Y,,,,
2026,TPG,3173009,-37.98631,145.18853,,Y,Y,Y,Y,,Y,Y,,,,
2026,TPG,3173010,-37.992676,145.173028,,Y,Y,Y,Y,,Y,,,,,
2026,TPG,3173014,-38.01376,145.16969,,Y,Y,Y,Y,,Y,Y,,,,
2026,TPG,3173015,-37.99833,145.19043,,Y,Y,Y,Y,,Y,Y,,,,
2026,TPG,3174004,-37.97808,145.16614,,Y,Y,Y,Y,,Y,,,,,
2026,TPG,3174005,-37.95956,145.18848,,Y,Y,Y,Y,,Y,Y,,,,
2026,TPG,3174007,-37.96831,145.17812,,Y,Y,Y,Y,,Y,Y,,,,
2026,TPG,3174008,-37.97006,145.16005,,Y,Y,Y,Y,,Y,Y,,,,
2026,TPG,3174018,-37.95112,145.18066,,Y,Y,Y,Y,,Y,Y,,,,
2026,TPG,3175002,-37.98587,145.21283,,Y,Y,Y,Y,,Y,Y,Y,,,
2026,TPG,3175006,-38.02561,145.13508,,Y,Y,Y,Y,,Y,Y,,,,
2026,TPG,3175007,-37.98843,145.21607,,Y,Y,Y,,,Y,Y,,,,
2026,TPG,3175008,-38.01674,145.22054,,Y,Y,Y,Y,,Y,Y,,,,
2026,TPG,3175009,-37.94769,145.20315,,Y,Y,Y,Y,,Y,Y,,,,
2026,TPG,3175010,-38.01225,145.20773,,Y,Y,Y,Y,,Y,Y,,,,
2026,TPG,3175011,-37.97507,145.21884,,Y,Y,Y,Y,,Y,Y,,,,
2026,TPG,3175013,-37.94984,145.2101,,Y,Y,Y,Y,,Y,Y,,,,
2026,TPG,3175015,-37.9877,145.20121,,Y,Y,Y,Y,,Y,Y,,,,
2026,TPG,3175017,-38.03775,145.20431,,Y,Y,Y,Y,,Y,Y,,,,
2026,TPG,3175021,-38.00896,145.23084,,Y,Y,Y,Y,,Y,Y,,,,
2026,TPG,3175025,-38.0517,145.15311,,Y,Y,Y,Y,,Y,,,,,
2026,TPG,3175032,-37.99857,145.2264,,Y,Y,Y,Y,,Y,Y,,,,
2026,TPG,3175038,-37.96377,145.22783,,Y,Y,Y,Y,,Y,Y,,,,
2026,TPG,3175039,-37.97124,145.20156,,Y,Y,Y,Y,,Y,Y,,,,
2026,TPG,3175040,-38.00756,145.20205,,Y,Y,Y,Y,,Y,Y,,,,
2026,TPG,3175052,-38.0489,145.18823,,Y,Y,Y,Y,,Y,Y,,,,
2026,TPG,3175057,-38.0659,145.23734,,Y,Y,Y,Y,,Y,Y,,,,
2026,TPG,3177003,-38.01175,145.24963,,Y,Y,Y,Y,,Y,Y,,,,
2026,TPG,3177005,-38.00011,145.23745,,Y,Y,Y,Y,,Y,Y,,,,
2026,TPG,3178001,-37.90454,145.2559,,Y,Y,Y,Y,,Y,Y,,,,
2026,TPG,3178003,-37.92095,145.2382,,Y,Y,Y,Y,,Y,Y,,,,
2026,TPG,3178007,-37.92854,145.23216,,Y,Y,Y,Y,,Y,Y,,,,
2026,TPG,3178009,-37.90472,145.24555,,Y,Y,Y,Y,,Y,Y,,,,
2026,TPG,3178010,-37.92588,145.21987,,Y,Y,Y,Y,,Y,Y,,,,
2026,TPG,3178014,-37.91923,145.21613,,Y,Y,,,,,,,,,
2026,TPG,3178015,-37.9387,145.23351,,Y,Y,Y,Y,,Y,Y,,,,
2026,TPG,3179002,-37.89794,145.23059,,Y,Y,Y,Y,,Y,Y,,,,
2026,TPG,3179003,-37.88765,145.23358,,Y,Y,Y,Y,,Y,Y,,,,
2026,TPG,3179007,-37.89734,145.21785,,Y,Y,Y,Y,,Y,Y,,,,
2026,TPG,3180001,-37.89605,145.2558,,Y,Y,Y,,,,,,,,
2026,TPG,3181001,-37.85895,145.00456,,Y,Y,Y,,,,,,,,
2026,TPG,3181003,-37.84622,144.9827,,Y,Y,Y,Y,,Y,Y,Y,,,
2026,TPG,3181004,-37.84703,144.99359,,Y,Y,Y,Y,,Y,Y,,,,
2026,TPG,3181006,-37.85164,144.99307,,Y,Y,Y,Y,,Y,Y,,,,
2026,TPG,3181007,-37.85731,144.9926,,Y,Y,Y,Y,,Y,Y,,,,
2026,TPG,3182001,-37.86609,144.97542,,Y,Y,Y,Y,,Y,Y,Y,,,
2026,TPG,3182003,-37.86474,144.98927,,Y,Y,Y,Y,,Y,Y,,,,
2026,TPG,3182005,-37.86429,144.97419,,Y,Y,Y,Y,,Y,Y,,,,
2026,TPG,3182006,-37.86671,144.98074,,Y,Y,Y,Y,,Y,Y,,,,
2026,TPG,3182007,-37.85926,144.97859,,Y,Y,Y,Y,,Y,Y,,,,
2026,TPG,3182060,-37.85676,144.98721,,Y,Y,Y,Y,,Y,Y,,,,
2026,TPG,3183001,-37.86661,144.99885,,Y,Y,Y,Y,,Y,Y,,,,
2026,TPG,3183002,-37.87035,144.99458,,Y,Y,Y,Y,,Y,Y,,,,
2026,TPG,3184002,-37.87843,144.97751,,,,Y,,,,,,,,
2026,TPG,3184003,-37.89095,144.9902,,Y,Y,Y,Y,,Y,,,,,
2026,TPG,3184006,-37.88615,144.98828,,Y,Y,Y,Y,,Y,Y,,,,
2026,TPG,3185001,-37.88514,145.00009,,Y,Y,Y,Y,,Y,Y,,,,
2026,TPG,3185005,-37.87756,144.99908,,Y,Y,Y,Y,,Y,Y,,,,
2026,TPG,3186001,-37.92849,144.99012,,Y,Y,Y,Y,,Y,Y,,,,
2026,TPG,3186002,-37.90574,145.00597,,Y,Y,Y,Y,,Y,Y,,,,
2026,TPG,3186004,-37.91583,144.99571,,Y,Y,Y,Y,,Y,Y,,,,
2026,TPG,3186005,-37.90928,144.98623,,Y,Y,Y,Y,,Y,Y,,,,
2026,TPG,3186009,-37.90459,144.99297,,Y,Y,Y,Y,,Y,Y,,,,
2026,TPG,3186012,-37.91559,144.98778,,Y,Y,Y,,,,,,,,
2026,TPG,3186018,-37.89829,144.99452,,Y,Y,Y,Y,,Y,Y,,,,
2026,TPG,3187002,-37.90885,145.01206,,Y,Y,Y,Y,,Y,Y,,,,
2026,TPG,3187003,-37.90785,145.02478,,Y,Y,,,,,,,,,
2026,TPG,3187006,-37.91938,145.00559,,Y,Y,Y,Y,,Y,Y,,,,
2026,TPG,3188001,-37.93834,145.00195,,Y,Y,,,,,,,,,
2026,TPG,3188002,-37.92965,145.00386,,Y,Y,,,,,,,,,
2026,TPG,3188005,-37.93978,145.01766,,Y,Y,Y,Y,,Y,Y,,,,
2026,TPG,3188007,-37.93224,145.02562,,Y,Y,Y,Y,,Y,Y,,,,
2026,TPG,3189002,-37.93576,145.03723,,Y,Y,Y,Y,,Y,Y,,,,
2026,TPG,3189003,-37.94562,145.06781,,Y,Y,Y,Y,,Y,Y,,,,
2026,TPG,3189009,-37.93892,145.06346,,Y,Y,Y,Y,,Y,Y,,,,
2026,TPG,3189015,-37.93699,145.05049,,Y,Y,Y,Y,,Y,Y,,,,
2026,TPG,3190001,-37.94716,145.04729,,Y,Y,Y,Y,,Y,Y,,,,
2026,TPG,3190002,-37.94656,145.02297,,,,Y,,,Y,,,,,
2026,TPG,3191001,-37.96105,145.01825,,Y,Y,Y,Y,,Y,Y,,,,
2026,TPG,3191002,-37.94555,145.00129,,Y,Y,Y,Y,,Y,Y,,,,
2026,TPG,3191006,-37.9522,145.00562,,Y,Y,Y,Y,,Y,Y,,,,
2026,TPG,3192002,-37.95738,145.03644,,Y,Y,Y,Y,,Y,Y,,,,
2026,TPG,3192004,-37.96621,145.05756,,Y,Y,Y,Y,,Y,Y,,,,
2026,TPG,3192005,-37.958412,145.054614,,Y,Y,Y,Y,,Y,Y,,,,
2026,TPG,3192007,-37.97289,145.06445,,Y,Y,Y,Y,,Y,Y,,,,
2026,TPG,3192008,-37.96042,145.05549,,Y,Y,Y,Y,,Y,Y,,,,
2026,TPG,3192009,-37.96621,145.04854,,Y,Y,Y,Y,,Y,Y,,,,
2026,TPG,3192010,-37.95996,145.07456,,Y,Y,Y,Y,,Y,Y,,,,
2026,TPG,3192016,-37.96577,145.08923,,Y,Y,Y,Y,,Y,Y,,,,
2026,TPG,3193002,-37.979051,145.045519,,Y,Y,Y,Y,,Y,Y,,,,
2026,TPG,3193004,-37.98417,145.02333,,Y,Y,Y,Y,,Y,Y,,,,
2026,TPG,3193008,-37.96697,145.02566,,Y,Y,Y,Y,,Y,Y,,,,
2026,TPG,3193009,-37.98289,145.0348,,Y,Y,Y,Y,,Y,Y,,,,
2026,TPG,3193012,-37.97518,145.01606,,Y,Y,,,,,,,,,
2026,TPG,3193013,-37.97586,145.03282,,Y,Y,Y,Y,,Y,Y,,,,
2026,TPG,3194005,-37.98515,145.06378,,Y,Y,Y,,,,,,,,
2026,TPG,3195004,-37.99027,145.10596,,Y,Y,Y,Y,,Y,Y,,,,
2026,TPG,3195005,-38.00591,145.08652,,Y,Y,Y,Y,,Y,Y,,,,
2026,TPG,3195006,-38.00788,145.11233,,Y,Y,Y,Y,,Y,Y,,,,
2026,TPG,3195007,-37.983,145.07685,,Y,Y,Y,Y,,Y,Y,,,,
2026,TPG,3195008,-38.03105,145.10882,,Y,Y,Y,Y,,Y,Y,,,,
2026,TPG,3195015,-37.97929,145.09091,,Y,Y,Y,Y,,Y,Y,,,,
2026,TPG,3195016,-37.99223,145.11969,,Y,Y,Y,Y,,Y,Y,,,,
2026,TPG,3196002,-38.05171,145.11635,,Y,Y,Y,Y,,Y,Y,,,,
2026,TPG,3196004,-38.03887,145.1386,,Y,Y,Y,Y,,Y,Y,,,,
2026,TPG,3196005,-38.06241,145.1193,,Y,Y,Y,Y,,Y,Y,,,,
2026,TPG,3197001,-38.07002,145.13554,,Y,Y,Y,Y,,Y,Y,,,,
2026,TPG,3197002,-38.06422,145.13158,,Y,Y,Y,Y,,Y,Y,,,,
2026,TPG,3197008,-38.07983,145.12379,,Y,Y,Y,Y,,Y,Y,,,,
2026,TPG,3198001,-38.09722,145.14729,,Y,Y,Y,Y,,Y,Y,,,,
2026,TPG,3198003,-38.1036,145.1261,,Y,Y,,,,,,,,,
2026,TPG,3198004,-38.11856,145.13386,,Y,Y,Y,Y,,Y,Y,,,,
2026,TPG,3198005,-38.11799,145.14501,,Y,Y,Y,Y,,Y,Y,,,,
2026,TPG,3198006,-38.08915,145.12865,,Y,Y,Y,Y,,Y,Y,,,,
2026,TPG,3199003,-38.15352,145.16207,,Y,Y,Y,Y,,Y,Y,,,,
2026,TPG,3199004,-38.14248,145.12179,,Y,Y,Y,Y,,Y,Y,,,,
2026,TPG,3199005,-38.14352,145.12173,,Y,Y,Y,Y,,Y,Y,,,,
2026,TPG,3199009,-38.16668,145.10847,,Y,Y,Y,Y,,Y,Y,,,,
2026,TPG,3199010,-38.16387,145.13764,,Y,Y,Y,Y,,Y,Y,,,,
2026,TPG,3199014,-38.13597,145.15527,,Y,Y,Y,Y,,Y,Y,,,,
2026,TPG,3199015,-38.16661,145.12429,,Y,Y,Y,Y,,Y,Y,,,,
2026,TPG,3199017,-38.15823,145.15836,,Y,Y,Y,Y,,Y,Y,,,,
2026,TPG,3199018,-38.15103,145.12837,,Y,Y,Y,,,,,,,,
2026,TPG,3199021,-38.17,145.10537,,Y,Y,Y,Y,,Y,Y,,,,
2026,TPG,3199022,-38.15118,145.14779,,Y,Y,Y,Y,,Y,Y,,,,
2026,TPG,3199023,-38.13043,145.1257,,Y,Y,Y,Y,,Y,Y,,,,
2026,TPG,3199031,-38.14715,145.11877,,Y,Y,Y,Y,,Y,Y,,,,
2026,TPG,3199056,-38.17707,145.15378,,Y,Y,Y,Y,,Y,Y,,,,
2026,TPG,3200001,-38.13775,145.17689,,Y,Y,Y,Y,,Y,Y,,,,
2026,TPG,3200002,-38.11268,145.15921,,Y,Y,Y,Y,,Y,Y,,,,
2026,TPG,3201001,-38.10428,145.16579,,Y,Y,Y,Y,,Y,Y,,,,
2026,TPG,3201002,-38.10222,145.18664,,Y,Y,Y,Y,,Y,Y,,,,
2026,TPG,3201005,-38.07566,145.15323,,Y,Y,Y,Y,,Y,Y,,,,
2026,TPG,3201009,-38.08892,145.18251,,Y,Y,Y,Y,,Y,Y,,,,
2026,TPG,3202001,-37.93694,145.08938,,Y,Y,Y,,,,,,,,
2026,TPG,3202006,-37.95253,145.07842,,Y,Y,Y,Y,,Y,Y,,,,
2026,TPG,3204001,-37.90348,145.03465,,Y,Y,Y,Y,,Y,Y,,,,
2026,TPG,3204003,-37.91909,145.0408,,Y,Y,Y,Y,,Y,Y,,,,
2026,TPG,3204004,-37.90524,145.05282,,Y,Y,Y,Y,,Y,Y,,,,
2026,TPG,3204005,-37.92181,145.02613,,Y,Y,Y,Y,,Y,Y,,,,
2026,TPG,3204006,-37.91164,145.03375,,Y,Y,Y,Y,,Y,Y,,,,
2026,TPG,3204009,-37.92062,145.02309,,Y,,,,,,,,,,
2026,TPG,3204010,-37.90463,145.04189,,,,Y,,,,,,,,
2026,TPG,3205001,-37.83278,144.95538,,Y,Y,Y,Y,,Y,Y,,,,
2026,TPG,3205003,-37.82948,144.94847,,Y,Y,Y,Y,,Y,Y,,,,
2026,TPG,3205004,-37.83816,144.97463,,Y,Y,Y,Y,,Y,Y,,,,
2026,TPG,3205009,-37.83699,144.97407,,Y,Y,Y,Y,,Y,Y,,,,
2026,TPG,3205010,-37.82955,144.95737,,Y,Y,Y,Y,,Y,Y,,,,
2026,TPG,3205012,-37.8311,144.96622,,Y,Y,Y,Y,,Y,Y,,,,
2026,TPG,3205015,-37.83357,144.9649,,Y,Y,Y,Y,,Y,Y,,,,
2026,TPG,3205025,-37.84041,144.97789,,Y,Y,Y,,,,,,,,
2026,TPG,3205027,-37.83674,144.96757,,Y,Y,Y,Y,,Y,Y,,,,
2026,TPG,3205032,-37.8299,145.00394,,Y,Y,Y,,,Y,,,,,
2026,TPG,3205038,-37.83575,144.96038,,Y,Y,Y,Y,,Y,Y,,,,
2026,TPG,3205044,-37.8333,144.97151,,Y,Y,Y,Y,,Y,Y,,,,
2026,TPG,3205051,-37.8327,144.96904,,Y,Y,Y,Y,,Y,Y,,,,
2026,TPG,3205076,-37.83131,144.96065,,Y,Y,Y,Y,,Y,Y,,,,
2026,TPG,3206002,-37.85652,144.96696,,Y,Y,Y,Y,,Y,Y,,,,
2026,TPG,3206006,-37.84539,144.96238,,Y,Y,Y,Y,,Y,Y,,,,
2026,TPG,3206011,-37.84108,144.9658,,Y,Y,Y,Y,,Y,Y,,,,
2026,TPG,3206017,-37.85021,144.95498,,Y,Y,Y,Y,,Y,Y,,,,
2026,TPG,3207007,-37.83027,144.91224,,Y,Y,Y,Y,,Y,Y,,,,
2026,TPG,3207008,-37.8387,144.93859,,Y,Y,Y,Y,,Y,Y,,,,
2026,TPG,3207009,-37.83204,144.93508,,Y,Y,Y,Y,,Y,Y,,,,
2026,TPG,3207012,-37.8171,144.93271,,Y,Y,,,,,,,,,
2026,TPG,3207013,-37.82126,144.9211,,Y,Y,,,,,,,,,
2026,TPG,3207017,-37.83418,144.92383,,Y,Y,Y,Y,,Y,Y,,,,
2026,TPG,3207019,-37.83414,144.94831,,Y,Y,Y,Y,,Y,Y,,,,
2026,TPG,3207027,-37.83822,144.94298,,Y,Y,,,,,,,,,
2026,TPG,3207028,-37.84386,144.94301,,Y,Y,Y,Y,,Y,Y,,,,
2026,TPG,3207041,-37.84099,144.91289,,Y,Y,Y,Y,,Y,Y,,,,
2026,TPG,3207043,-37.82616,144.93826,,Y,Y,Y,Y,,Y,Y,,,,
2026,TPG,3211002,-37.98653,144.51488,,Y,Y,Y,Y,,Y,Y,,,,
2026,TPG,3211004,-37.96823,144.56278,,Y,Y,Y,Y,,Y,,,,,
2026,TPG,3211006,-37.93273,144.57697,,Y,Y,Y,Y,,Y,Y,,,,
2026,TPG,3211008,-37.96206,144.50132,,Y,Y,Y,Y,,Y,Y,,,,
2026,TPG,3212001,-38.01933,144.41494,,Y,Y,Y,Y,,Y,Y,,,,
2026,TPG,3212002,-38.0286,144.3461,,Y,Y,Y,Y,,Y,Y,,,,
2026,TPG,3212003,-38.01837,144.48362,,Y,Y,Y,Y,,Y,Y,,,,
2026,TPG,3212007,-38.02744,144.43543,,Y,Y,Y,Y,,Y,Y,,,,
2026,TPG,3212008,-38.03923,144.39292,,Y,Y,Y,Y,,Y,Y,,,,
2026,TPG,3212012,-38.00492,144.49254,,Y,Y,Y,Y,,Y,Y,,,,
2026,TPG,3212017,-38.01643,144.37787,,Y,Y,Y,Y,,Y,Y,,,,
2026,TPG,3212018,-37.99895,144.44518,,Y,Y,Y,Y,,Y,Y,,,,
2026,TPG,3213002,-38.07674,144.26706,,Y,Y,Y,Y,,Y,,,,,
2026,TPG,3214001,-38.06113,144.37939,,Y,Y,Y,Y,,Y,Y,,,,
2026,TPG,3214002,-38.10059,144.35313,,Y,Y,Y,Y,,Y,Y,,,,
2026,TPG,3214006,-38.08629,144.34809,,,Y,Y,,,Y,,,,,
2026,TPG,3214010,-38.06771,144.36542,,Y,Y,Y,Y,,Y,Y,,,,
2026,TPG,3214012,-38.09101,144.36687,,Y,Y,Y,Y,,Y,Y,,,,
2026,TPG,3214014,-38.07533,144.35597,,Y,Y,Y,Y,,Y,Y,,,,
2026,TPG,3214017,-38.07878,144.33888,,Y,Y,Y,Y,,Y,,,,,
2026,TPG,3214020,-38.05417,144.35894,,Y,Y,Y,Y,,Y,Y,,,,
2026,TPG,3215005,-38.10175,144.33318,,Y,Y,Y,Y,,Y,Y,,,,
2026,TPG,3215006,-38.10659,144.35047,,Y,Y,Y,Y,,Y,Y,,,,
2026,TPG,3215010,-38.12372,144.34513,,Y,Y,Y,Y,,Y,,,,,
2026,TPG,3216001,-38.14808,144.32097,,Y,Y,,,,,,,,,
2026,TPG,3216002,-38.23916,144.31555,,Y,Y,Y,Y,,Y,Y,,,,
2026,TPG,3216003,-38.17366,144.29996,,Y,Y,Y,Y,,Y,Y,,,,
2026,TPG,3216006,-38.20372,144.3418,,Y,Y,Y,Y,,Y,Y,,,,
2026,TPG,3216008,-38.19527,144.31621,,Y,Y,,,,,,,,,
2026,TPG,3216009,-38.17625,144.34238,,Y,Y,Y,Y,,Y,Y,,,,
2026,TPG,3216013,-38.20779,144.32958,,Y,Y,Y,Y,,Y,Y,,,,
2026,TPG,3216014,-38.18959,144.32559,,,Y,Y,,,,,,,,
2026,TPG,3216015,-38.18326,144.35306,,Y,Y,Y,Y,,Y,Y,,,,
2026,TPG,3216017,-38.17279,144.32245,,Y,Y,,,,,,,,,
2026,TPG,3216018,-38.1572,144.31411,,Y,Y,Y,Y,,Y,Y,,,,
2026,TPG,3216021,-38.199574,144.319899,,Y,Y,Y,Y,,Y,,,,,
2026,TPG,3216026,-38.193764,144.30255,,Y,Y,Y,Y,,Y,,,,,
2026,TPG,3217001,-38.19407,144.29618,,Y,Y,Y,Y,,Y,Y,,,,
2026,TPG,3217003,-38.21567,144.31037,,Y,Y,Y,Y,,Y,Y,,,,
2026,TPG,3217007,-38.22087,144.37179,,Y,Y,Y,Y,,Y,Y,,,,
2026,TPG,3218001,-38.13671,144.31887,,Y,Y,,,,,,,,,
2026,TPG,3218002,-38.13432,144.35004,,Y,Y,Y,Y,,Y,Y,,,,
2026,TPG,3218004,-38.12968,144.32479,,Y,Y,,,,,,,,,
2026,TPG,3218005,-38.13303,144.33824,,Y,Y,Y,Y,,Y,Y,,,,
2026,TPG,3218006,-38.14209,144.34848,,Y,Y,Y,Y,,Y,Y,,,,
2026,TPG,3219001,-38.16709,144.38368,,Y,Y,Y,Y,,Y,Y,,,,
2026,TPG,3219002,-38.17529,144.40465,,Y,Y,Y,Y,,Y,Y,,,,
2026,TPG,3219004,-38.18433,144.37855,,Y,Y,Y,Y,,Y,Y,,,,
2026,TPG,3219007,-38.16011,144.36512,,Y,Y,Y,Y,,Y,Y,,,,
2026,TPG,3219008,-38.15599,144.38631,,Y,Y,Y,Y,,Y,Y,,,,
2026,TPG,3219009,-38.19895,144.39078,,Y,Y,Y,,,,,,,,
2026,TPG,3220002,-38.1512,144.35667,,Y,Y,Y,,,,,,,,
2026,TPG,3220006,-38.14743,144.36319,,Y,Y,Y,Y,,Y,Y,,,,
2026,TPG,3220008,-38.16321,144.35198,,Y,Y,Y,Y,,Y,Y,,,,
2026,TPG,3220009,-38.15318,144.3669,,Y,Y,Y,Y,,Y,Y,,,,
2026,TPG,3220013,-38.1534,144.34046,,Y,Y,Y,Y,,Y,Y,,,,
2026,TPG,3220014,-38.14643,144.3651,,Y,Y,Y,Y,,Y,Y,,,,
2026,TPG,3220026,-38.1513,144.3527,,Y,Y,Y,Y,,Y,,,,,
2026,TPG,3220072,-38.142504,144.358502,,Y,Y,Y,Y,,Y,Y,,,,
2026,TPG,3221009,-38.17148,144.4287,,Y,Y,,,,,,,,,
2026,TPG,3221013,-38.09273,144.32172,,Y,Y,Y,Y,,Y,Y,,,,
2026,TPG,3221014,-38.17827,144.60737,,Y,Y,Y,Y,,Y,Y,,Y,Connecting Victoria Mobile Program (CVMP),2
2026,TPG,3221023,-38.07978,144.32724,,Y,Y,,,,,,,,,
2026,TPG,3221026,-38.10643,144.31903,,Y,Y,Y,Y,,Y,Y,,,,
2026,TPG,3221031,-38.146,144.29388,,Y,Y,Y,Y,,Y,Y,,,,
2026,TPG,3222001,-38.18659,144.56238,,Y,Y,Y,Y,,Y,Y,,,,
2026,TPG,3222002,-38.17281,144.57411,,Y,Y,Y,Y,,Y,Y,,,,
2026,TPG,3222003,-38.15434,144.56402,,Y,Y,Y,Y,,Y,Y,,,,
2026,TPG,3222004,-38.16344,144.60382,,Y,Y,Y,Y,,Y,Y,,,,
2026,TPG,3222006,-38.24545,144.6057,,Y,Y,Y,Y,,Y,Y,,,,
2026,TPG,3223001,-38.12391,144.64201,,Y,Y,Y,Y,,Y,Y,,,,
2026,TPG,3223002,-38.16696,144.70245,,Y,Y,Y,Y,,Y,Y,,,,
2026,TPG,3223006,-38.1357,144.69191,,Y,Y,,,,,,,,,
2026,TPG,3224001,-38.19538,144.47687,,Y,Y,Y,Y,,Y,,,,,
2026,TPG,3224004,-38.17558,144.47113,,Y,Y,Y,Y,,Y,Y,,,,
2026,TPG,3225002,-38.28025,144.59904,,Y,Y,,,,,,,,,
2026,TPG,3225004,-38.27314,144.65657,,Y,Y,,,,,,,,,
2026,TPG,3226001,-38.25338,144.53839,,Y,Y,Y,Y,,Y,Y,,,,
2026,TPG,3226007,-38.26712,144.52426,,Y,Y,Y,,,Y,,,,,
2026,TPG,3227003,-38.27638,144.48771,,Y,Y,Y,Y,,Y,Y,,,,
2026,TPG,3227006,-38.28133,144.41508,,Y,Y,Y,Y,,Y,Y,,,,
2026,TPG,3228001,-38.33846,144.2906,,Y,Y,Y,Y,,Y,Y,,,,
2026,TPG,3228002,-38.37017,144.20579,,Y,Y,,,,,,,,,
2026,TPG,3228011,-38.32702,144.31374,,Y,Y,Y,Y,,Y,Y,,,,
2026,TPG,3230001,-38.39846,144.20107,,Y,Y,Y,Y,,Y,Y,,,,
2026,TPG,3230003,-38.4133,144.16337,,Y,Y,Y,Y,,Y,Y,,,,
2026,TPG,3231001,-38.468,144.10447,,Y,,,Y,,,,,,,
2026,TPG,3231002,-38.45844,144.0893,,Y,Y,,,,,,,,,
2026,TPG,3232001,-38.55099,143.97991,,Y,Y,Y,Y,,,Y,,,,
2026,TPG,3233001,-38.7808,143.65288,,Y,Y,Y,Y,,,Y,,,,
2026,TPG,3233003,-38.75649,143.66731,,Y,,,,,,,,,,
2026,TPG,3240001,-38.1991,144.1658,,Y,Y,Y,Y,,Y,Y,,,,
2026,TPG,3311001,-37.912,141.157,,Y,,,,,,,,,,
2026,TPG,3335001,-37.74418,144.69598,,Y,Y,Y,Y,,Y,Y,,,,
2026,TPG,3335002,-37.72583,144.65389,,Y,Y,Y,Y,,Y,Y,,,,
2026,TPG,3335012,-37.68127,144.66749,,Y,Y,Y,Y,,Y,Y,,,,
2026,TPG,3337001,-37.68512,144.56235,,Y,Y,Y,Y,,Y,,,,,
2026,TPG,3337002,-37.69075,144.59993,,Y,Y,Y,Y,,Y,Y,,,,
2026,TPG,3337011,-37.65152,144.57254,,Y,Y,Y,Y,,Y,Y,,,,
2026,TPG,3337015,-37.68487,144.5811,,Y,Y,Y,Y,,Y,Y,,,,
2026,TPG,3337016,-37.65279,144.5926,,Y,Y,Y,Y,,Y,Y,,,,
2026,TPG,3337019,-37.67658,144.57011,,Y,Y,Y,Y,,Y,Y,,,,
2026,TPG,3337020,-37.68662,144.53677,,Y,Y,Y,Y,,Y,Y,,,,
2026,TPG,3337021,-37.66127,144.53391,,Y,Y,Y,Y,,Y,Y,,,,
2026,TPG,3338002,-37.70576,144.56544,,Y,Y,Y,Y,,Y,Y,,,,
2026,TPG,3338004,-37.79939,144.56508,,Y,Y,,,,,,,,,
2026,TPG,3338007,-37.7425,144.5665,,Y,Y,Y,Y,,Y,Y,,,,
2026,TPG,3340002,-37.64419,144.41018,,Y,Y,Y,Y,,Y,Y,,,,
2026,TPG,3340003,-37.67501,144.43844,,Y,Y,Y,Y,,Y,Y,,,,
2026,TPG,3340006,-37.64954,144.44961,,Y,Y,Y,Y,,Y,Y,,,,
2026,TPG,3340007,-37.66078,144.37413,,Y,Y,Y,Y,,Y,Y,,,,
2026,TPG,3340010,-37.68916,144.50559,,Y,Y,Y,Y,,Y,Y,,,,
2026,TPG,3340029,-37.6898,144.42037,,Y,Y,Y,Y,,Y,Y,,,,
2026,TPG,3342001,-37.60066,144.22647,,Y,Y,Y,Y,,,Y,,,,
2026,TPG,3342003,-37.55724,144.36006,,Y,Y,Y,Y,,Y,Y,,,,
2026,TPG,3342009,-37.66673,144.33839,,Y,Y,Y,Y,,Y,Y,,,,
2026,TPG,3342010,-37.6339,144.27186,,Y,Y,Y,Y,,Y,Y,,,,
2026,TPG,3345001,-37.57043,144.09633,,Y,Y,Y,Y,,,Y,,,,
2026,TPG,3350001,-37.56319,143.85528,,Y,Y,Y,Y,,,Y,,,,
2026,TPG,3350002,-37.54498,143.87276,,Y,Y,Y,,,,,,,,
2026,TPG,3350004,-37.54737,143.89585,,Y,Y,Y,Y,,,Y,,,,
2026,TPG,3350005,-37.53029,143.86637,,Y,Y,Y,Y,,,Y,,,,
2026,TPG,3350006,-37.56326,143.80831,,Y,Y,Y,Y,,,Y,,,,
2026,TPG,3350017,-37.59977,143.86125,,Y,Y,Y,Y,,,Y,,,,
2026,TPG,3350024,-37.56895,143.8673,,Y,Y,Y,Y,,,,,,,
2026,TPG,3350030,-37.55365,143.8544,,Y,Y,Y,Y,,,Y,,,,
2026,TPG,3350040,-37.54905,143.7584,,Y,Y,Y,Y,,,Y,,,,
2026,TPG,3352002,-37.57661,143.95866,,Y,,,,,,,,,,
2026,TPG,3352007,-37.51698,143.84813,,Y,Y,Y,Y,,,Y,,,,
2026,TPG,3352015,-37.6288,144.10708,,Y,Y,Y,Y,,,,,,,
2026,TPG,3352026,-37.59135,144.06964,,Y,Y,Y,Y,,,Y,,,,
2026,TPG,3355001,-37.53389,143.8217,,Y,Y,Y,Y,,,Y,,,,
2026,TPG,3355005,-37.52836,143.84659,,Y,Y,Y,Y,,,Y,,,,
2026,TPG,3356001,-37.58853,143.82843,,Y,Y,Y,Y,,,Y,,,,
2026,TPG,3357001,-37.65491,143.92413,,Y,Y,Y,Y,,,Y,,,,
2026,TPG,3363002,-37.40314,143.9322,,Y,Y,Y,,,,,,,,
2026,TPG,3363005,-37.41099,143.88678,,Y,,,,,,,,,,
2026,TPG,3364002,-37.44019,143.81549,,Y,,,,,,,,,,
2026,TPG,3427001,-37.63069,144.72201,,Y,Y,Y,Y,,Y,Y,,,,
2026,TPG,3428003,-37.5859,144.76125,,Y,Y,Y,Y,,Y,Y,,,,
2026,TPG,3428004,-37.62171,144.8025,,Y,Y,Y,Y,,Y,Y,,,,
2026,TPG,3428007,-37.61133,144.77609,,Y,Y,Y,Y,,Y,Y,,,,
2026,TPG,3429001,-37.56524,144.67691,,Y,Y,Y,Y,,Y,Y,,,,
2026,TPG,3429003,-37.59812,144.72944,,Y,Y,Y,Y,,Y,Y,,,,
2026,TPG,3429006,-37.57851,144.73097,,Y,Y,Y,Y,,Y,Y,,,,
2026,TPG,3429009,-37.55767,144.73465,,Y,Y,Y,Y,,Y,Y,,,,
2026,TPG,3429018,-37.52417,144.75702,,Y,Y,Y,Y,,Y,Y,,,,
2026,TPG,3429019,-37.57485,144.77815,,Y,Y,Y,Y,,Y,Y,,Y,Connecting Victoria Mobile Program (CVMP),2
2026,TPG,3429026,-37.58874,144.68887,,Y,Y,Y,Y,,Y,Y,,,,
2026,TPG,3430001,-37.48312,144.74267,,Y,Y,Y,Y,,Y,Y,,,,
2026,TPG,3431003,-37.46418,144.68538,,Y,Y,Y,Y,,Y,Y,,,,
2026,TPG,3437001,-37.51818,144.58378,,Y,Y,Y,Y,,Y,Y,,,,
2026,TPG,3437004,-37.48665,144.58815,,Y,Y,Y,Y,,Y,Y,,,,
2026,TPG,3440002,-37.43274,144.55797,,Y,Y,Y,Y,,Y,Y,,,,
2026,TPG,3440004,-37.40132,144.5602,,Y,Y,Y,Y,,,Y,,,,
2026,TPG,3441005,-37.3834,144.57676,,Y,Y,Y,Y,,,Y,,,,
2026,TPG,3444001,-37.25667,144.46723,,Y,Y,Y,Y,,,Y,,,,
2026,TPG,3444015,-37.23825,144.41621,,Y,Y,Y,Y,,,Y,,,,
2026,TPG,3446001,-37.19087,144.39886,,Y,,,,,,,,,,
2026,TPG,3448004,-37.1109,144.33461,,Y,Y,Y,Y,,,Y,,,,
2026,TPG,3448006,-37.1068,144.3039,,Y,Y,Y,Y,,,,,,,
2026,TPG,3450004,-37.04944,144.19689,,Y,Y,Y,Y,,,Y,,,,
2026,TPG,3451006,-37.08632,144.2625,,Y,Y,Y,Y,,,Y,,,,
2026,TPG,3453003,-36.9906,144.3087,,Y,Y,Y,Y,,,Y,,,,
2026,TPG,3453004,-36.94135,144.22161,,Y,Y,Y,Y,,,Y,,,,
2026,TPG,3453009,-36.98669,144.25533,,Y,Y,Y,Y,,,Y,,,,
2026,TPG,3453012,-36.8516,144.23209,,Y,Y,Y,Y,,,,,,,
2026,TPG,3539001,-36.73465,144.31078,,Y,Y,Y,Y,,,Y,,,,
2026,TPG,3550002,-36.80321,144.30004,,Y,,Y,,,,,,,,
2026,TPG,3550003,-36.77851,144.27126,,Y,Y,Y,Y,,,Y,,,,
2026,TPG,3550016,-36.74151,144.26401,,Y,Y,Y,Y,,,Y,,,,
2026,TPG,3550017,-36.75125,144.30951,,Y,Y,Y,Y,,,Y,,,,
2026,TPG,3550032,-36.78496,144.30421,,,Y,Y,Y,,,,,,,
2026,TPG,3550033,-36.74905,144.28098,,Y,Y,Y,Y,,,,,,,
2026,TPG,3550037,-36.76307,144.27852,,Y,Y,Y,Y,,,Y,,,,
2026,TPG,3550041,-36.74881,144.28327,,Y,Y,Y,Y,,,Y,,,,
2026,TPG,3551007,-36.67949,144.30309,,Y,Y,Y,Y,,,,,,,
2026,TPG,3551013,-36.73634,144.21462,,Y,Y,Y,,,,,,,,
2026,TPG,3551014,-36.6486,144.3536,,Y,Y,Y,Y,,,Y,,,,
2026,TPG,3551015,-36.80866,144.36342,,Y,Y,Y,Y,,,Y,,,,
2026,TPG,3555007,-36.77168,144.2696,,Y,Y,Y,Y,,,Y,,,,
2026,TPG,3555008,-36.7951,144.22393,,Y,Y,Y,Y,,,Y,,,,
2026,TPG,3555010,-36.85148,144.22787,,Y,Y,Y,Y,,,Y,,,,
2026,TPG,3555016,-36.76624,144.24449,,Y,Y,Y,Y,,,Y,,Y,Connecting Victoria Mobile Program (CVMP),1
2026,TPG,3556001,-36.72366,144.24387,,Y,Y,Y,Y,,,Y,,,,
2026,TPG,3556002,-36.71221,144.27334,,Y,Y,Y,Y,,,Y,,,,
2026,TPG,3689001,-36.12302,146.88979,,Y,Y,Y,Y,,,Y,,,,
2026,TPG,3690002,-36.13129,146.92527,,Y,Y,Y,Y,,,Y,,,,
2026,TPG,3690004,-36.11306,146.84793,,Y,Y,Y,Y,,,Y,,,,
2026,TPG,3690013,-36.12719,146.85869,,Y,Y,Y,Y,,,Y,,,,
2026,TPG,3691009,-36.16808,146.88331,,Y,Y,Y,Y,,,Y,,,,
2026,TPG,3750004,-37.60734,145.01661,,Y,Y,Y,Y,,Y,,,,,
2026,TPG,3750006,-37.60695,144.97662,,Y,Y,Y,Y,,Y,Y,,,,
2026,TPG,3752001,-37.64806,145.07997,,Y,Y,Y,Y,,Y,Y,,,,
2026,TPG,3752002,-37.61176,145.07631,,Y,Y,Y,Y,,Y,Y,,,,
2026,TPG,3752005,-37.6317,145.09197,,Y,Y,Y,Y,,Y,,,,,
2026,TPG,3752006,-37.63993,145.06276,,Y,Y,Y,Y,,Y,,,,,
2026,TPG,3753004,-37.47109,144.99505,,Y,Y,Y,Y,,Y,Y,,,,
2026,TPG,3754003,-37.61729,145.13666,,Y,Y,Y,Y,,Y,Y,,,,
2026,TPG,3754005,-37.58688,145.12794,,Y,Y,Y,Y,,Y,Y,,,,
2026,TPG,3754006,-37.59255,145.14441,,Y,Y,Y,Y,,Y,Y,,,,
2026,TPG,3756001,-37.41372,145.03406,,Y,Y,Y,,,,,,,,
2026,TPG,3759001,-37.64208,145.23827,,Y,Y,Y,Y,,Y,Y,,,,
2026,TPG,3761001,-37.61301,145.26352,,Y,Y,Y,,,,,,,,
2026,TPG,3767001,-37.83746,145.34686,,Y,Y,Y,Y,,Y,Y,,,,
2026,TPG,3770002,-37.68006,145.48253,,Y,Y,Y,Y,,Y,Y,,,,
2026,TPG,3770003,-37.73097,145.47629,,Y,Y,Y,Y,,Y,Y,,,,
2026,TPG,3770004,-37.72269,145.39406,,Y,Y,Y,Y,,Y,,,,,
2026,TPG,3775001,-37.65377,145.38324,,Y,Y,Y,Y,,Y,,,,,
2026,TPG,3777003,-37.65364,145.51696,,Y,Y,,,,,,,,,
2026,TPG,3781001,-37.94293,145.47714,,Y,Y,,,,,,,,,
2026,TPG,3782001,-37.90208,145.49349,,Y,Y,,,,,,,,,
2026,TPG,3782002,-37.93236,145.44378,,Y,Y,Y,Y,,Y,Y,,,,
2026,TPG,3783001,-37.94724,145.53328,,Y,Y,,,,,,,,,
2026,TPG,3783007,-37.96751,145.52805,,Y,Y,Y,Y,,Y,Y,,,,
2026,TPG,3786002,-37.87822,145.33437,,Y,Y,Y,Y,,Y,Y,,,,
2026,TPG,3787004,-37.86393,145.35305,,Y,Y,,,,,,,,,
2026,TPG,3788003,-37.85657,145.36032,,Y,Y,,,,,,,,,
2026,TPG,3791002,-37.90312,145.40225,,Y,Y,,,,,,,,,
2026,TPG,3793001,-37.87207,145.42617,,Y,Y,Y,,,,,,,,
2026,TPG,3793002,-37.86288,145.40518,,Y,Y,Y,Y,,Y,Y,,,,
2026,TPG,3796001,-37.76524,145.38115,,Y,Y,,,,,,,,,
2026,TPG,3796002,-37.78596,145.38227,,Y,Y,,,,,,,,,
2026,TPG,3802001,-37.97741,145.26086,,Y,Y,Y,Y,,Y,Y,,,,
2026,TPG,3802002,-37.98645,145.2529,,Y,Y,Y,Y,,Y,,,,,
2026,TPG,3802005,-37.9808,145.24289,,Y,Y,Y,Y,,Y,Y,,,,
2026,TPG,3803009,-38.00585,145.25381,,Y,Y,Y,Y,,Y,Y,,,,
2026,TPG,3803011,-38.01008,145.28371,,Y,Y,Y,Y,,Y,,,,,
2026,TPG,3803012,-38.00911,145.26876,,Y,Y,Y,Y,,Y,Y,,,,
2026,TPG,3804001,-37.99661,145.28633,,Y,Y,Y,Y,,Y,,,,,
2026,TPG,3804002,-37.96946,145.28212,,Y,Y,Y,,,,,,,,
2026,TPG,3804006,-37.96242,145.36111,,Y,Y,,,,,,,,,
2026,TPG,3804007,-37.98236,145.30279,,Y,Y,Y,,,,,,,,
2026,TPG,3805001,-37.99869,145.32625,,Y,Y,Y,,,,,,,,
2026,TPG,3805003,-38.05281,145.30139,,,Y,,,,,,,,,
2026,TPG,3805004,-38.03208,145.30468,,Y,Y,Y,Y,,Y,Y,,,,
2026,TPG,3805009,-38.0211,145.3038,,Y,Y,Y,Y,,Y,,,,,
2026,TPG,3805011,-38.018193,145.304401,,Y,Y,Y,Y,,Y,Y,,,,
2026,TPG,3805012,-38.0268,145.31338,,Y,Y,,,,,,,,,
2026,TPG,3805013,-38.06623,145.30081,,Y,Y,Y,Y,,Y,Y,,,,
2026,TPG,3805018,-38.07102,145.31548,,Y,Y,Y,Y,,Y,,,,,
2026,TPG,3806001,-38.01391,145.34786,,Y,Y,Y,Y,,Y,Y,,,,
2026,TPG,3806003,-38.04069,145.34006,,Y,Y,Y,Y,,Y,Y,,,,
2026,TPG,3806004,-38.01414,145.32192,,Y,Y,Y,Y,,Y,,,,,
2026,TPG,3806008,-38.02972,145.34664,,Y,Y,,,,,,,,,
2026,TPG,3806011,-38.07427,145.33789,,Y,Y,Y,Y,,Y,,,,,
2026,TPG,3806012,-38.06275,145.33952,,Y,Y,Y,Y,,Y,Y,,,,
2026,TPG,3807001,-38.05252,145.37007,,Y,Y,Y,Y,,Y,,,,,
2026,TPG,3808002,-37.98216,145.41838,,Y,Y,Y,Y,,Y,Y,,,,
2026,TPG,3809003,-38.04321,145.39248,,Y,Y,Y,,,,,,,,
2026,TPG,3809005,-38.06117,145.41679,,Y,Y,Y,Y,,Y,Y,,,,
2026,TPG,3809008,-38.07435,145.38853,,Y,Y,Y,Y,,Y,Y,,,,
2026,TPG,3809013,-38.07631,145.43424,,Y,Y,Y,Y,,Y,Y,,,,
2026,TPG,3810002,-38.00346,145.49977,,Y,Y,,,,,,,,,
2026,TPG,3810009,-38.05347,145.48351,,Y,Y,Y,Y,,Y,Y,,,,
2026,TPG,3810010,-38.08535,145.47142,,Y,Y,Y,Y,,Y,,,,,
2026,TPG,3810011,-38.08352,145.48862,,Y,Y,Y,Y,,Y,Y,,,,
2026,TPG,3810016,-38.05398,145.51109,,Y,Y,Y,Y,,Y,,,,,
2026,TPG,3810020,-38.08818,145.5038,,Y,Y,Y,Y,,Y,Y,,Y,Connecting Victoria Mobile Program (CVMP),2
2026,TPG,3810022,-38.09943,145.48022,,Y,Y,Y,Y,,Y,Y,,,,
2026,TPG,3810023,-38.06208,145.46155,,Y,Y,Y,Y,,Y,Y,,,,
2026,TPG,3810026,-38.04975,145.45102,,Y,Y,Y,Y,,Y,Y,,,,
2026,TPG,3840003,-38.23136,146.41487,,Y,Y,Y,Y,,,Y,,,,
2026,TPG,3840013,-38.23722,146.43326,,Y,Y,Y,Y,,,Y,,,,
2026,TPG,3842001,-38.31371,146.42274,,Y,Y,Y,Y,,,Y,,,,
2026,TPG,3844001,-38.19412,146.53598,,Y,Y,Y,Y,,,Y,,,,
2026,TPG,3844002,-38.19258,146.558,,Y,Y,Y,Y,,,Y,,,,
2026,TPG,3844006,-38.21344,146.52102,,Y,Y,Y,Y,,,Y,,,,
2026,TPG,3910002,-38.14944,145.19072,,Y,Y,Y,Y,,Y,Y,,,,
2026,TPG,3910005,-38.17074,145.18202,,Y,Y,Y,Y,,Y,,,,,
2026,TPG,3910007,-38.13203,145.22656,,Y,Y,Y,Y,,Y,,,,,
2026,TPG,3910009,-38.14224,145.20833,,Y,Y,Y,Y,,Y,Y,,,,
2026,TPG,3911003,-38.19521,145.14076,,Y,Y,Y,Y,,Y,Y,,,,
2026,TPG,3912002,-38.18426,145.20865,,Y,Y,Y,Y,,Y,,,,,
2026,TPG,3912003,-38.23061,145.16406,,Y,Y,Y,Y,,Y,Y,,,,
2026,TPG,3912020,-38.2123,145.1817,,Y,Y,Y,Y,,Y,Y,,,,
2026,TPG,3913002,-38.25979,145.18338,,Y,Y,Y,Y,,Y,Y,,,,
2026,TPG,3915001,-38.31441,145.18163,,Y,Y,Y,Y,,Y,Y,,,,
2026,TPG,3915002,-38.2864,145.18451,,Y,Y,Y,Y,,Y,Y,,,,
2026,TPG,3915006,-38.30031,145.21331,,Y,Y,Y,Y,,Y,Y,,,,
2026,TPG,3915015,-38.30683,145.1312,,Y,Y,Y,Y,,Y,Y,,Y,Peri-Urban Mobile Program (PUMP),1
2026,TPG,3916002,-38.40319,145.0734,,Y,Y,Y,Y,,Y,Y,,,,
2026,TPG,3916003,-38.42079,145.0435,,Y,Y,Y,Y,,Y,Y,,,,
2026,TPG,3919001,-38.35256,145.18401,,Y,Y,Y,Y,,Y,Y,,,,
2026,TPG,3922002,-38.46611,145.18394,,Y,Y,,,,,,,,,
2026,TPG,3922004,-38.45495,145.23781,,Y,Y,Y,Y,,Y,Y,,,,
2026,TPG,3922005,-38.52014,145.32718,,Y,Y,Y,Y,,Y,Y,,,,
2026,TPG,3922006,-38.50322,145.23161,,Y,Y,Y,Y,,Y,Y,,,,
2026,TPG,3922010,-38.4661,145.24379,,Y,Y,Y,Y,,Y,,,,,
2026,TPG,3922011,-38.50598,145.14902,,Y,Y,,,,,,,,,
2026,TPG,3923002,-38.46319,145.29791,,Y,Y,,,,,,,,,
2026,TPG,3925002,-38.51345,145.35055,,Y,Y,,,,,,,,,
2026,TPG,3926004,-38.37254,145.12769,,Y,Y,Y,Y,,Y,Y,,,,
2026,TPG,3926006,-38.34005,145.08106,,Y,Y,Y,Y,,Y,Y,,Y,Peri-Urban Mobile Program (PUMP),1
2026,TPG,3927001,-38.39,145.18082,,Y,Y,Y,Y,,Y,Y,,,,
2026,TPG,3929002,-38.43115,144.97055,,Y,Y,Y,Y,,Y,Y,,Y,Peri-Urban Mobile Program (PUMP),1
2026,TPG,3929003,-38.46821,145.01477,,Y,Y,Y,Y,,Y,Y,,,,
2026,TPG,3930001,-38.19577,145.12163,,Y,Y,Y,Y,,Y,Y,,,,
2026,TPG,3930003,-38.20892,145.07186,,Y,Y,Y,Y,,Y,Y,,,,
2026,TPG,3930005,-38.19707,145.08848,,Y,Y,Y,Y,,Y,Y,,,,
2026,TPG,3930007,-38.18356,145.09055,,Y,Y,Y,Y,,Y,Y,,,,
2026,TPG,3930010,-38.20523,145.09794,,Y,Y,Y,Y,,Y,Y,,,,
2026,TPG,3931003,-38.23276,145.04987,,Y,Y,Y,Y,,Y,Y,,,,
2026,TPG,3931005,-38.21766,145.06258,,Y,Y,Y,Y,,Y,Y,,,,
2026,TPG,3931006,-38.21734,145.03636,,Y,Y,,,,,,,,,
2026,TPG,3931007,-38.22528,145.03966,,Y,Y,Y,Y,,Y,Y,,,,
2026,TPG,3931011,-38.23719,145.07168,,Y,Y,Y,Y,,Y,Y,,,,
2026,TPG,3933003,-38.21493,145.11467,,Y,Y,,,,,,,,,
2026,TPG,3933004,-38.27251,145.07676,,Y,Y,,,,,,,,,
2026,TPG,3933006,-38.25398,145.11983,,Y,Y,Y,Y,,Y,Y,,,,
2026,TPG,3933009,-38.22727,145.13082,,Y,Y,Y,,,,,,,,
2026,TPG,3934001,-38.26723,145.01343,,Y,Y,Y,Y,,Y,Y,,,,
2026,TPG,3934002,-38.26187,145.03331,,Y,Y,Y,Y,,Y,Y,,,,
2026,TPG,3934005,-38.29254,145.00983,,Y,Y,Y,Y,,Y,,,,,
2026,TPG,3934014,-38.24556,145.03753,,Y,Y,Y,Y,,Y,Y,,,,
2026,TPG,3934017,-38.28571,145.03151,,Y,Y,Y,Y,,Y,Y,,,,
2026,TPG,3936001,-38.32,145.00723,,Y,Y,Y,Y,,Y,Y,,,,
2026,TPG,3936002,-38.33439,144.96372,,Y,Y,Y,Y,,Y,Y,,,,
2026,TPG,3936003,-38.35509,144.95148,,Y,Y,Y,Y,,Y,Y,,,,
2026,TPG,3936009,-38.33033,144.98593,,Y,Y,Y,Y,,Y,Y,,,,
2026,TPG,3937001,-38.36894,145.01397,,Y,Y,Y,Y,,Y,Y,,,,
2026,TPG,3938001,-38.34866,144.93726,,Y,Y,Y,Y,,Y,,,,,
2026,TPG,3938003,-38.35091,144.92291,,Y,Y,,,,,,,,,
2026,TPG,3939002,-38.35929,144.8955,,Y,Y,Y,Y,,Y,Y,,,,
2026,TPG,3939003,-38.37079,144.89202,,Y,Y,Y,Y,,Y,Y,,,,
2026,TPG,3939005,-38.36879,144.9205,,Y,Y,Y,Y,,Y,Y,,,,
2026,TPG,3939007,-38.37876,144.86041,,Y,Y,Y,Y,,Y,Y,,,,
2026,TPG,3939010,-38.45254,144.90998,,Y,Y,,,,,,,,,
2026,TPG,3939013,-38.40335,144.86431,,Y,Y,Y,Y,,Y,Y,,Y,Connecting Victoria Mobile Program (CVMP),2
2026,TPG,3939021,-38.38457,144.915,,Y,Y,Y,Y,,Y,Y,,,,
2026,TPG,3940001,-38.38275,144.88392,,Y,Y,Y,Y,,Y,Y,,,,
2026,TPG,3941001,-38.39381,144.82893,,Y,Y,Y,Y,,Y,Y,,,,
2026,TPG,3941002,-38.37556,144.8066,,Y,Y,Y,Y,,Y,Y,,,,
2026,TPG,3941005,-38.37114,144.8251,,Y,Y,Y,Y,,Y,Y,,,,
2026,TPG,3942003,-38.3687,144.77097,,Y,Y,,,,,,,,,
2026,TPG,3942005,-38.3578,144.75733,,Y,Y,,,,,,,,,
2026,TPG,3942006,-38.3771,144.78123,,Y,Y,,,,,,,,,
2026,TPG,3942007,-38.36113,144.78062,,Y,Y,,,,,,,,,
2026,TPG,3943003,-38.3457,144.73227,,Y,Y,Y,Y,,Y,Y,,,,
2026,TPG,3943006,-38.33929,144.74161,,Y,Y,,,,,,,,,
2026,TPG,3943010,-38.33445,144.7289,,Y,Y,Y,Y,,Y,Y,,Y,Peri-Urban Mobile Program (PUMP),1
2026,TPG,3944003,-38.3262,144.70392,,Y,Y,Y,Y,,Y,Y,,,,
2026,TPG,3975001,-38.03945,145.24749,,Y,Y,Y,Y,,Y,Y,,,,
2026,TPG,3975003,-38.05945,145.22373,,Y,Y,Y,Y,,Y,,,,,
2026,TPG,3975006,-38.06966,145.19892,,Y,Y,Y,Y,,Y,Y,,,,
2026,TPG,3975008,-38.04775,145.24337,,Y,Y,Y,Y,,Y,Y,,,,
2026,TPG,3976001,-38.05269,145.26609,,Y,Y,Y,Y,,Y,Y,,,,
2026,TPG,3976002,-38.0306,145.2447,,Y,Y,Y,Y,,Y,Y,,,,
2026,TPG,3976003,-38.03596,145.26645,,Y,Y,Y,Y,,Y,Y,,,,
2026,TPG,3976006,-38.05063,145.28183,,Y,Y,Y,Y,,Y,,,,,
2026,TPG,3976007,-38.03107,145.28569,,Y,Y,Y,,,,,,,,
2026,TPG,3977003,-38.1174,145.27257,,Y,Y,Y,Y,,Y,Y,,,,
2026,TPG,3977004,-38.15792,145.22495,,Y,Y,,,,,,,,,
2026,TPG,3977008,-38.1684,145.33478,,Y,Y,Y,Y,,Y,Y,,,,
2026,TPG,3977009,-38.06811,145.28042,,Y,Y,Y,Y,,Y,Y,,,,
2026,TPG,3977010,-38.07937,145.26328,,,,Y,,,,,,,,
2026,TPG,3977012,-38.109422,145.282354,,Y,Y,Y,,,Y,,,,,
2026,TPG,3977012,-38.10882,145.28315,,Y,Y,Y,Y,,Y,Y,,,,
2026,TPG,3977013,-38.09027,145.29391,,Y,Y,Y,Y,,Y,Y,,,,
2026,TPG,3977015,-38.1167,145.19442,,Y,Y,Y,Y,,Y,Y,,,,
2026,TPG,3977019,-38.11803,145.21172,,Y,Y,Y,Y,,Y,Y,,,,
2026,TPG,3977020,-38.09811,145.27955,,Y,Y,Y,Y,,Y,,,,,
2026,TPG,3977021,-38.10382,145.26326,,Y,Y,Y,Y,,Y,,,,,
2026,TPG,3977022,-38.08912,145.21107,,Y,Y,Y,Y,,Y,Y,,,,
2026,TPG,3977024,-38.08463,145.27939,,Y,Y,Y,Y,,Y,Y,,,,
2026,TPG,3977028,-38.08752,145.31068,,Y,Y,Y,Y,,Y,Y,,,,
2026,TPG,3977030,-38.14404,145.24581,,Y,Y,Y,Y,,Y,Y,,,,
2026,TPG,3977031,-38.11879,145.25018,,Y,Y,Y,Y,,Y,Y,,,,
2026,TPG,3977035,-38.14542,145.31159,,Y,Y,Y,Y,,Y,Y,,Y,Peri-Urban Mobile Program (PUMP),1
2026,TPG,3977039,-38.15208,145.27884,,Y,Y,Y,Y,,Y,Y,,,,
2026,TPG,3977040,-38.12227,145.30947,,Y,Y,Y,Y,,Y,Y,,,,
2026,TPG,3978005,-38.0918,145.3388,,Y,Y,Y,Y,,Y,Y,,,,
2026,TPG,3978013,-38.1085,145.36616,,Y,Y,Y,Y,,Y,Y,,Y,Connecting Victoria Mobile Program (CVMP),1
2026,TPG,3980003,-38.21842,145.3283,,Y,Y,,,,,,,,,
2026,TPG,3980004,-38.21725,145.39755,,Y,Y,,,,,,,,,
2026,TPG,3995006,-38.52464,145.45922,,Y,Y,Y,Y,,,Y,,,,
2026,TPG,4000002,-27.4645,153.01348,,Y,Y,Y,Y,Y,,Y,Y,,,
2026,TPG,4000003,-27.46717,153.02786,,Y,Y,Y,Y,Y,,Y,,,,
2026,TPG,4000004,-27.47622,153.02833,,Y,Y,Y,Y,Y,,Y,,,,
2026,TPG,4000005,-27.46032,153.02788,,Y,Y,Y,Y,Y,,Y,,,,
2026,TPG,4000006,-27.47738,153.02975,,Y,Y,Y,Y,Y,,Y,,,,
2026,TPG,4000009,-27.469389,153.027202,,Y,Y,Y,,Y,,,,,,
2026,TPG,4000010,-27.46301,153.02403,,Y,Y,Y,Y,Y,,Y,,,,
2026,TPG,4000011,-27.46949,153.02524,,Y,Y,Y,,Y,,Y,,,,
2026,TPG,4000012,-27.47084,153.03014,,Y,Y,Y,Y,Y,,Y,,,,
2026,TPG,4000013,-27.46613,153.02507,,Y,Y,Y,Y,Y,,Y,,,,
2026,TPG,4000014,-27.46933,153.02276,,Y,Y,Y,Y,Y,,Y,,,,
2026,TPG,4000015,-27.471709,153.023656,,Y,Y,Y,,Y,,,,,,
2026,TPG,4000017,-27.47208,153.02343,,Y,Y,Y,Y,Y,,,,,,
2026,TPG,4000020,-27.46755,153.026,,Y,Y,Y,Y,Y,,Y,,,,
2026,TPG,4000024,-27.4698,153.02111,,Y,Y,Y,,,,,,,,
2026,TPG,4000029,-27.46624,153.03005,,Y,Y,Y,Y,Y,,Y,,,,
2026,TPG,4000031,-27.46072,153.01881,,Y,Y,,,,,,,,,
2026,TPG,4000034,-27.46311,153.02826,,Y,Y,Y,Y,Y,,Y,,,,
2026,TPG,4000037,-27.46002,153.01448,,Y,Y,,,,,,,,,
2026,TPG,4000044,-27.4779,153.02747,,Y,Y,Y,Y,Y,,Y,,,,
2026,TPG,4000046,-27.46909,153.02825,,Y,Y,Y,Y,Y,,Y,,,,
2026,TPG,4000050,-27.4684,153.023,,Y,Y,Y,,,,,,,,
2026,TPG,4000054,-27.46224,153.0309,,Y,Y,Y,Y,Y,,Y,,,,
2026,TPG,4000058,-27.45462,153.02638,,Y,Y,Y,Y,Y,,Y,,,,
2026,TPG,4000062,-27.4683099,153.0295211,,Y,Y,Y,,Y,,,,,,
2026,TPG,4000066,-27.46745,153.02863,,Y,Y,Y,Y,Y,,Y,,,,
2026,TPG,4000067,-27.47241,153.0283,,Y,Y,Y,,,,,,,,
2026,TPG,4000071,-27.46092,153.02399,,Y,Y,Y,Y,Y,,Y,,,,
2026,TPG,4000082,-27.46979,153.02281,,Y,Y,Y,,Y,,,,,,
2026,TPG,4000112,-27.4657,153.0278,,Y,Y,Y,Y,Y,,Y,,,,
2026,TPG,4000116,-27.4641,153.02128,,Y,Y,Y,Y,Y,,Y,,,,
2026,TPG,4000119,-27.470676,153.026828,,Y,Y,Y,,Y,,,,,,
2026,TPG,4000120,-27.46395,153.03124,,Y,Y,Y,,,,,,,,
2026,TPG,4000122,-27.46535,153.02966,,Y,Y,Y,,,,,,,,
2026,TPG,4000124,-27.46718,153.01862,,Y,Y,Y,Y,Y,,Y,,,,
2026,TPG,4000131,-27.464616,153.031093,,Y,Y,Y,,Y,,,,,,
2026,TPG,4000134,-27.4749679,153.0258607,,Y,Y,Y,Y,Y,,,,,,
2026,TPG,4000213,-27.4690512,153.0257394,,Y,Y,Y,,Y,,,,,,
2026,TPG,4005001,-27.46389,153.04167,,Y,Y,Y,,,,,,,,
2026,TPG,4005003,-27.46654,153.04071,,Y,Y,Y,Y,Y,,Y,,,,
2026,TPG,4005007,-27.46923,153.05412,,Y,Y,Y,Y,Y,,Y,,,,
2026,TPG,4005009,-27.47435,153.04303,,Y,Y,Y,Y,Y,,Y,,,,
2026,TPG,4005014,-27.46655,153.04643,,Y,Y,Y,Y,Y,,Y,,,,
2026,TPG,4006001,-27.44909,153.0285,,Y,Y,Y,Y,Y,,Y,,,,
2026,TPG,4006002,-27.4443,153.04392,,Y,Y,Y,Y,Y,,Y,,,,
2026,TPG,4006004,-27.4573,153.03533,,Y,Y,Y,Y,Y,,Y,,,,
2026,TPG,4006005,-27.45088,153.03244,,Y,Y,Y,Y,Y,,Y,,,,
2026,TPG,4006010,-27.45171,153.04721,,Y,Y,Y,,,,,,,,
2026,TPG,4006011,-27.45701,153.0311,,Y,Y,Y,Y,Y,,Y,,,,
2026,TPG,4006012,-27.46054,153.03575,,Y,Y,Y,,,,,,,,
2026,TPG,4006013,-27.44904,153.04326,,Y,Y,Y,Y,Y,,Y,,,,
2026,TPG,4006015,-27.44947,153.03624,,Y,Y,Y,Y,Y,,Y,,,,
2026,TPG,4006016,-27.44287,153.04021,,Y,Y,Y,,,,,,,,
2026,TPG,4006019,-27.45089,153.02876,,Y,Y,Y,,Y,,,,,,
2026,TPG,4006027,-27.44211,153.01857,,Y,Y,Y,Y,Y,,Y,,,,
2026,TPG,4006035,-27.463916,153.035197,,Y,,Y,,,,,,,,
2026,TPG,4006036,-27.45327,153.03492,,Y,Y,Y,,,,,,,,
2026,TPG,4006039,-27.45726,153.03361,,Y,Y,Y,Y,Y,,Y,,,,
2026,TPG,4006050,-27.44798,153.0317,,Y,Y,Y,,Y,,,,,,
2026,TPG,4006053,-27.45746,153.03952,,Y,Y,Y,Y,Y,,Y,,,,
2026,TPG,4006095,-27.45342,153.03976,,Y,Y,Y,Y,Y,,Y,,,,
2026,TPG,4006101,-27.4493,153.02642,,Y,Y,Y,Y,Y,,,,,,
2026,TPG,4007001,-27.43205,153.05247,,Y,Y,Y,Y,Y,,Y,,,,
2026,TPG,4007006,-27.40342,153.10966,,Y,Y,Y,Y,Y,,,,,,
2026,TPG,4007006,-27.40309,153.11007,,Y,Y,Y,,,,,,,,
2026,TPG,4007007,-27.41621,153.09056,,Y,Y,Y,Y,Y,,Y,,,,
2026,TPG,4007010,-27.42907,153.06398,,Y,Y,Y,,,,,,,,
2026,TPG,4007012,-27.38425,153.11786,,Y,Y,Y,,,,,,,,
2026,TPG,4007015,-27.42822,153.07468,,Y,Y,Y,,,,,,,,
2026,TPG,4007017,-27.39219,153.11628,,,Y,Y,,,,,,,,
2026,TPG,4007018,-27.43721,153.06226,,Y,Y,Y,Y,Y,,Y,,,,
2026,TPG,4008001,-27.41653,153.13629,,Y,Y,Y,Y,Y,,Y,,,,
2026,TPG,4008002,-27.39154,153.13399,,Y,Y,Y,Y,Y,,Y,,,,
2026,TPG,4008005,-27.4295,153.11054,,Y,Y,Y,Y,Y,,Y,,,,
2026,TPG,4008006,-27.42679,153.11958,,Y,Y,Y,Y,Y,,Y,,,,
2026,TPG,4009001,-27.43928,153.07267,,Y,Y,Y,Y,Y,,Y,,,,
2026,TPG,4009002,-27.43106,153.08493,,Y,Y,Y,Y,Y,,Y,,,,
2026,TPG,4009007,-27.42906,153.09448,,Y,Y,Y,Y,Y,,Y,,,,
2026,TPG,4009009,-27.43669,153.08564,,Y,Y,Y,Y,Y,,Y,,,,
2026,TPG,4010001,-27.43126,153.03951,,Y,Y,Y,Y,Y,,Y,,,,
2026,TPG,4010003,-27.44,153.04579,,Y,Y,Y,Y,Y,,Y,,,,
2026,TPG,4011001,-27.41969,153.05449,,Y,Y,Y,Y,Y,,Y,,,,
2026,TPG,4011002,-27.4182,153.07325,,Y,Y,Y,Y,Y,,Y,,,,
2026,TPG,4011006,-27.42621,153.05097,,Y,Y,Y,Y,Y,,Y,,,,
2026,TPG,4012001,-27.40967,153.05998,,Y,Y,Y,Y,Y,,Y,,,,
2026,TPG,4012004,-27.39608,153.05007,,Y,Y,Y,Y,Y,,Y,,,,
2026,TPG,4012005,-27.40292,153.06158,,Y,Y,Y,Y,Y,,Y,,,,
2026,TPG,4013001,-27.3915,153.06294,,Y,Y,Y,Y,Y,,Y,,,,
2026,TPG,4013003,-27.39748,153.07566,,Y,Y,Y,Y,Y,,Y,,,,
2026,TPG,4014001,-27.37116,153.05718,,Y,Y,Y,Y,Y,,Y,,,,
2026,TPG,4014002,-27.39042,153.08747,,Y,Y,Y,Y,Y,,,,,,
2026,TPG,4014003,-27.36716,153.07995,,Y,Y,Y,Y,Y,,Y,,,,
2026,TPG,4014009,-27.36133,153.10055,,Y,Y,,,,,,,,,
2026,TPG,4014011,-27.37771,153.06224,,Y,Y,Y,Y,Y,,Y,,,,
2026,TPG,4014012,-27.3852,153.06868,,Y,Y,Y,,,,,,,,
2026,TPG,4014015,-27.38516,153.09121,,Y,Y,Y,Y,Y,,Y,,,,
2026,TPG,4014016,-27.37466,153.07747,,Y,Y,Y,Y,Y,,Y,,,,
2026,TPG,4017001,-27.32111,153.07362,,Y,Y,Y,,,,,,,,
2026,TPG,4017002,-27.32091,153.03264,,Y,Y,Y,Y,Y,,Y,,,,
2026,TPG,4017003,-27.30385,153.05982,,Y,Y,Y,Y,Y,,Y,,,,
2026,TPG,4017008,-27.33097,153.04996,,Y,Y,Y,Y,Y,,Y,,,,
2026,TPG,4017011,-27.32103,153.05677,,Y,Y,Y,Y,Y,,Y,,,,
2026,TPG,4017015,-27.32019,153.0252,,Y,Y,Y,Y,Y,,Y,,,,
2026,TPG,4017017,-27.28943,153.05477,,Y,Y,Y,Y,Y,,Y,,,,
2026,TPG,4018001,-27.3508,153.04644,,Y,Y,Y,Y,Y,,Y,,,,
2026,TPG,4018002,-27.33497,153.044,,Y,Y,Y,Y,Y,,Y,,,,
2026,TPG,4019001,-27.24136,153.08084,,Y,Y,Y,Y,Y,,Y,,,,
2026,TPG,4019009,-27.243,153.1008,,Y,Y,Y,Y,Y,,Y,,,,
2026,TPG,4020004,-27.20279,153.11008,,Y,Y,Y,Y,Y,,Y,,,,
2026,TPG,4020005,-27.22786,153.10871,,Y,Y,Y,Y,Y,,Y,,,,
2026,TPG,4021001,-27.22412,153.08697,,Y,Y,Y,Y,Y,,Y,,,,
2026,TPG,4022002,-27.22131,153.04717,,Y,Y,Y,Y,Y,,Y,,,,
2026,TPG,4022003,-27.21822,153.06317,,Y,Y,Y,Y,Y,,Y,,,,
2026,TPG,4025002,-27.17673,153.37383,,Y,Y,Y,,,,,,,,
2026,TPG,4030001,-27.42236,153.03557,,Y,Y,Y,Y,Y,,Y,,,,
2026,TPG,4030002,-27.43681,153.0268,,Y,Y,Y,Y,Y,,Y,,,,
2026,TPG,4030010,-27.44104,153.03012,,Y,Y,Y,,,,,,,,
2026,TPG,4031002,-27.4004,153.03183,,Y,Y,Y,Y,Y,,Y,,,,
2026,TPG,4031004,-27.41478,153.03861,,Y,Y,Y,Y,Y,,Y,,,,
2026,TPG,4031005,-27.39526,153.0232,,Y,Y,Y,Y,Y,,Y,,,,
2026,TPG,4031008,-27.440996,153.03149,,Y,Y,Y,,,,,,,,
2026,TPG,4032002,-27.38102,153.00592,,Y,Y,Y,Y,Y,,Y,,,,
2026,TPG,4032003,-27.38111,153.03044,,Y,Y,Y,Y,Y,,Y,,,,
2026,TPG,4032004,-27.39033,153.02351,,Y,Y,Y,Y,Y,,Y,,,,
2026,TPG,4032007,-27.38698,153.03929,,Y,Y,Y,,,,,,,,
2026,TPG,4032009,-27.3847,153.03201,,Y,Y,Y,,Y,,Y,,,,
2026,TPG,4032009,-27.38457,153.03201,,Y,Y,Y,Y,Y,,Y,,,,
2026,TPG,4034001,-27.34727,153.01164,,Y,Y,Y,Y,Y,,Y,,,,
2026,TPG,4034003,-27.36065,153.01267,,Y,Y,Y,Y,Y,,Y,,,,
2026,TPG,4034004,-27.35678,153.03412,,Y,Y,Y,Y,Y,,Y,,,,
2026,TPG,4034015,-27.34329,153.07044,,Y,Y,Y,Y,Y,,Y,,,,
2026,TPG,4034016,-27.35314,153.06032,,Y,Y,Y,Y,Y,,Y,,,,
2026,TPG,4034019,-27.36916,153.0492,,Y,Y,Y,Y,Y,,Y,,,,
2026,TPG,4034022,-27.3646,153.02437,,Y,Y,Y,Y,Y,,Y,,,,
2026,TPG,4034028,-27.35157,153.02519,,Y,Y,Y,Y,Y,,Y,,,,
2026,TPG,4035001,-27.34521,152.9806,,Y,Y,Y,Y,Y,,Y,,,,
2026,TPG,4035002,-27.34793,152.99166,,Y,Y,Y,Y,Y,,Y,,,,
2026,TPG,4035003,-27.36421,152.97357,,Y,Y,Y,Y,Y,,Y,,,,
2026,TPG,4036002,-27.33315,153.01074,,Y,Y,Y,Y,Y,,Y,,,,
2026,TPG,4036003,-27.32577,153.00991,,Y,Y,Y,Y,Y,,Y,,,,
2026,TPG,4036004,-27.30163,153.01499,,Y,Y,Y,Y,Y,,Y,,,,
2026,TPG,4037001,-27.33997,152.95681,,Y,Y,Y,Y,Y,,Y,,,,
2026,TPG,4051001,-27.43744,153.00783,,Y,Y,Y,Y,Y,,Y,,,,
2026,TPG,4051009,-27.42942,152.98967,,Y,Y,Y,Y,Y,,,,,,
2026,TPG,4051010,-27.42049,152.9932,,Y,Y,Y,Y,Y,,Y,,,,
2026,TPG,4051011,-27.43114,153.02511,,Y,Y,Y,Y,Y,,Y,,,,
2026,TPG,4051014,-27.42557,153.01402,,Y,Y,Y,Y,Y,,Y,,,,
2026,TPG,4051018,-27.4262,153.00135,,Y,Y,Y,Y,Y,,Y,,,,
2026,TPG,4053001,-27.409489,152.979504,,Y,Y,,Y,Y,,,,,,
2026,TPG,4053001,-27.40978,152.97905,,Y,Y,Y,Y,Y,,Y,,,,
2026,TPG,4053002,-27.4114,153.00108,,Y,Y,Y,Y,Y,,Y,,,,
2026,TPG,4053004,-27.38719,152.98772,,Y,Y,Y,Y,Y,,Y,,,,
2026,TPG,4053005,-27.40151,152.97017,,Y,Y,Y,Y,Y,,Y,,,,
2026,TPG,4053009,-27.38016,152.98883,,Y,Y,Y,Y,Y,,Y,,,,
2026,TPG,4053010,-27.39499,152.99555,,Y,Y,Y,Y,Y,,Y,,,,
2026,TPG,4053011,-27.4161,153.017,,Y,Y,Y,Y,Y,,Y,,,,
2026,TPG,4053012,-27.38986,152.97646,,Y,Y,Y,Y,Y,,Y,,,,
2026,TPG,4053016,-27.39178,153.01117,,Y,Y,Y,Y,Y,,,,,,
2026,TPG,4053017,-27.41071,153.02068,,Y,Y,,,,,,,,,
2026,TPG,4054001,-27.4119,152.96143,,Y,Y,Y,Y,Y,,Y,,,,
2026,TPG,4054002,-27.38927,152.96184,,Y,Y,Y,Y,Y,,Y,,,,
2026,TPG,4054006,-27.41796,152.94846,,Y,Y,Y,Y,Y,,Y,,,,
2026,TPG,4055001,-27.4115,152.93462,,Y,Y,Y,,,,,,,,
2026,TPG,4055002,-27.3714,152.97211,,Y,Y,Y,Y,Y,,Y,,,,
2026,TPG,4055003,-27.36183,152.92887,,Y,Y,Y,Y,Y,,Y,,,,
2026,TPG,4055005,-27.3773,152.90711,,Y,Y,Y,Y,Y,,,,,,
2026,TPG,4055006,-27.38839,152.9343,,Y,Y,Y,Y,Y,,Y,,,,
2026,TPG,4055007,-27.39199,152.9447,,Y,Y,Y,Y,Y,,Y,,,,
2026,TPG,4059001,-27.45323,153.00459,,Y,Y,Y,Y,Y,,Y,,,,
2026,TPG,4059002,-27.45789,153.01264,,Y,Y,Y,Y,Y,,Y,,,,
2026,TPG,4059004,-27.45185,153.01675,,Y,Y,Y,Y,Y,,Y,,,,
2026,TPG,4059010,-27.44223,153.00945,,Y,Y,Y,Y,Y,,Y,,,,
2026,TPG,4059011,-27.453,153.01365,,Y,Y,Y,,,,,,,,
2026,TPG,4060001,-27.44922,152.97752,,Y,Y,Y,Y,Y,,Y,,,,
2026,TPG,4060004,-27.44539,152.99237,,Y,Y,,,,,,,,,
2026,TPG,4060006,-27.4392,152.98963,,Y,Y,Y,Y,Y,,Y,,,,
2026,TPG,4061001,-27.44758,152.95966,,Y,Y,Y,,Y,,,,,,
2026,TPG,4061002,-27.44781,152.93476,,Y,Y,Y,Y,Y,,Y,,,,
2026,TPG,4061003,-27.43041,152.94335,,Y,Y,,,,,,,,,
2026,TPG,4064001,-27.464771,153.009579,,Y,Y,Y,,Y,,,,,,
2026,TPG,4064001,-27.46435,153.01065,,Y,Y,Y,Y,Y,,Y,,,,
2026,TPG,4064001,-27.46536,153.00855,,Y,Y,Y,Y,Y,,Y,,,,
2026,TPG,4064003,-27.4589,152.98953,,Y,Y,Y,Y,Y,,Y,,,,
2026,TPG,4064004,-27.47374,153.00415,,Y,Y,Y,Y,Y,,Y,,,,
2026,TPG,4064008,-27.46885,153.00981,,Y,Y,Y,,,,,,,,
2026,TPG,4064013,-27.47112,153.00431,,Y,Y,Y,,,,,,,,
2026,TPG,4065002,-27.45986,152.96474,,Y,Y,Y,Y,Y,,Y,,,,
2026,TPG,4065005,-27.46517,152.98903,,Y,Y,Y,Y,Y,,Y,,,,
2026,TPG,4065007,-27.46421,152.97309,,Y,Y,Y,Y,Y,,Y,,,,
2026,TPG,4066002,-27.48505,152.99153,,Y,Y,Y,Y,Y,,Y,,,,
2026,TPG,4066003,-27.48069,152.97762,,Y,Y,Y,Y,Y,,Y,,,,
2026,TPG,4066006,-27.48528,152.99222,,Y,Y,Y,Y,Y,,,,,,
2026,TPG,4066008,-27.47242,152.99794,,Y,Y,Y,Y,Y,,Y,,,,
2026,TPG,4066009,-27.4784,152.98997,,Y,Y,Y,,,,,,,,
2026,TPG,4067001,-27.5033,152.99132,,Y,Y,Y,Y,Y,,Y,,,,
2026,TPG,4067005,-27.49423,152.99764,,Y,Y,Y,Y,Y,,Y,,,,
2026,TPG,4067008,-27.49645,153.01544,,Y,Y,,,,,,,,,
2026,TPG,4067009,-27.49758,153.01081,,Y,Y,Y,Y,Y,,Y,,,,
2026,TPG,4068001,-27.49912,152.97258,,Y,Y,Y,,Y,,,,,,
2026,TPG,4068001,-27.50074,152.97282,,Y,Y,Y,Y,Y,,Y,,,,
2026,TPG,4068007,-27.49248,152.96658,,Y,Y,,,,,,,,,
2026,TPG,4068008,-27.49296,152.98007,,Y,Y,Y,Y,Y,,Y,,,,
2026,TPG,4068013,-27.50263,152.96385,,Y,Y,Y,Y,Y,,Y,,,,
2026,TPG,4068014,-27.51334,152.97456,,Y,Y,Y,Y,Y,,Y,,,,
2026,TPG,4069002,-27.51624,152.95453,,Y,Y,Y,Y,Y,,Y,,,,
2026,TPG,4069003,-27.50447,152.93621,,Y,Y,Y,Y,Y,,Y,,,,
2026,TPG,4069004,-27.49368,152.90537,,Y,Y,Y,Y,Y,,Y,,,,
2026,TPG,4069005,-27.52675,152.91063,,Y,Y,Y,Y,Y,,Y,,,,
2026,TPG,4069006,-27.48644,152.94788,,Y,Y,Y,Y,Y,,Y,,,,
2026,TPG,4069008,-27.50831,152.94691,,Y,Y,Y,Y,Y,,Y,,,,
2026,TPG,4069012,-27.52012,152.9415,,Y,Y,Y,Y,Y,,Y,,,,
2026,TPG,4070001,-27.56478,152.89594,,Y,Y,Y,Y,Y,,Y,,,,
2026,TPG,4070003,-27.54727,152.87909,,Y,Y,Y,Y,Y,,,,,,
2026,TPG,4072002,-27.49961,153.01293,,Y,Y,Y,Y,Y,,Y,,,,
2026,TPG,4073005,-27.54107,152.95424,,Y,Y,Y,Y,Y,,Y,,,,
2026,TPG,4074001,-27.5445,152.92869,,Y,Y,Y,Y,Y,,Y,,,,
2026,TPG,4074002,-27.53472,152.94914,,Y,Y,Y,Y,Y,,Y,,,,
2026,TPG,4074005,-27.56032,152.93939,,Y,Y,Y,Y,Y,,Y,,,,
2026,TPG,4074006,-27.54958,152.93892,,Y,Y,Y,Y,Y,,Y,,,,
2026,TPG,4074006,-27.54966,152.93915,,Y,Y,Y,Y,Y,,Y,,,,
2026,TPG,4074008,-27.56183,152.9216,,Y,Y,Y,Y,Y,,Y,,,,
2026,TPG,4075001,-27.55449,152.9631,,Y,Y,Y,Y,Y,,Y,,,,
2026,TPG,4075002,-27.53159,152.98012,,Y,Y,Y,Y,Y,,Y,,,,
2026,TPG,4075004,-27.53897,152.98117,,Y,Y,Y,Y,Y,,Y,,,,
2026,TPG,4075007,-27.57191,152.96073,,Y,Y,Y,Y,Y,,Y,,,,
2026,TPG,4075009,-27.57026,152.97482,,Y,Y,Y,Y,Y,,Y,,,,
2026,TPG,4075012,-27.52475,152.98054,,Y,Y,Y,,,,,,,,
2026,TPG,4076001,-27.6004,152.91461,,Y,Y,Y,Y,Y,,Y,,,,
2026,TPG,4076002,-27.57779,152.94673,,Y,Y,Y,Y,Y,,Y,,,,
2026,TPG,4076008,-27.59398,152.93634,,Y,Y,Y,Y,Y,,Y,,,,
2026,TPG,4077002,-27.60089,152.95596,,Y,Y,Y,Y,Y,,Y,,,,
2026,TPG,4077003,-27.60153,152.97232,,Y,Y,Y,Y,Y,,Y,,,,
2026,TPG,4077004,-27.58385,152.98449,,,,Y,,,,,,,,
2026,TPG,4077012,-27.58518,152.95631,,Y,Y,Y,Y,Y,,Y,,,,
2026,TPG,4077014,-27.61231,152.98784,,Y,Y,Y,Y,Y,,Y,,,,
2026,TPG,4078001,-27.62419,152.96869,,Y,Y,Y,Y,Y,,Y,,,,
2026,TPG,4078003,-27.6326,152.95294,,Y,Y,Y,Y,Y,,Y,,,,
2026,TPG,4101007,-27.4769,153.0208,,Y,Y,Y,Y,Y,,Y,,,,
2026,TPG,4101008,-27.48526,153.02803,,Y,Y,Y,Y,Y,,Y,,,,
2026,TPG,4101009,-27.477443,153.018887,,Y,Y,Y,Y,Y,,,,,,
2026,TPG,4101009,-27.47673,153.01805,,Y,Y,Y,Y,Y,,Y,,,,
2026,TPG,4101011,-27.4829,153.0257,,Y,Y,Y,,Y,,,,,,
2026,TPG,4101012,-27.47282,153.01689,,Y,Y,Y,Y,Y,,Y,,,,
2026,TPG,4101013,-27.47972,153.0168,,Y,Y,Y,Y,Y,,Y,,,,
2026,TPG,4101014,-27.48467,153.02,,Y,Y,Y,Y,Y,,Y,,,,
2026,TPG,4101015,-27.48699,153.01235,,Y,Y,Y,Y,Y,,Y,,,,
2026,TPG,4101021,-27.49098,153.01884,,Y,Y,Y,Y,Y,,Y,,,,
2026,TPG,4101023,-27.48143,153.01238,,Y,Y,Y,Y,Y,,Y,,,,
2026,TPG,4101028,-27.48078,153.02268,,Y,Y,Y,Y,Y,,Y,,,,
2026,TPG,4101030,-27.47864,153.02261,,Y,Y,Y,Y,Y,,Y,,,,
2026,TPG,4101035,-27.484212,153.026447,,Y,Y,Y,,Y,,,,,,
2026,TPG,4101037,-27.47469,153.01104,,Y,Y,Y,Y,Y,,Y,,,,
2026,TPG,4101048,-27.4823661,153.0237714,,Y,Y,Y,Y,Y,,,,,,
2026,TPG,4102001,-27.49986,153.03619,,Y,Y,Y,Y,Y,,Y,,,,
2026,TPG,4102003,-27.48517,153.03709,,Y,Y,Y,,,,,,,,
2026,TPG,4102005,-27.49424,153.03293,,Y,Y,Y,Y,Y,,Y,,,,
2026,TPG,4102006,-27.49686,153.04204,,Y,Y,Y,Y,Y,,Y,,,,
2026,TPG,4102012,-27.48642,153.03131,,Y,Y,Y,Y,Y,,Y,,,,
2026,TPG,4102014,-27.49176,153.04046,,Y,Y,Y,Y,Y,,Y,,,,
2026,TPG,4103002,-27.50919,153.0254,,Y,Y,Y,Y,Y,,Y,,,,
2026,TPG,4103003,-27.50938,153.03376,,Y,Y,Y,Y,Y,,Y,,,,
2026,TPG,4103004,-27.5187,153.02962,,Y,Y,Y,Y,Y,,Y,,,,
2026,TPG,4104002,-27.50951,153.00946,,Y,Y,Y,Y,Y,,Y,,,,
2026,TPG,4104003,-27.51812,153.01593,,Y,Y,Y,Y,Y,,Y,,,,
2026,TPG,4105005,-27.53245,153.02507,,Y,Y,Y,Y,Y,,Y,,,,
2026,TPG,4105006,-27.52786,153.01395,,Y,Y,Y,,,,,,,,
2026,TPG,4105007,-27.54023,153.01372,,Y,Y,Y,Y,Y,,Y,,,,
2026,TPG,4105014,-27.53335,153.01403,,Y,Y,Y,Y,Y,,Y,,,,
2026,TPG,4106001,-27.56247,152.99457,,Y,Y,Y,Y,Y,,Y,,,,
2026,TPG,4106004,-27.56001,153.00897,,Y,Y,Y,Y,Y,,Y,,,,
2026,TPG,4106008,-27.53257,152.998,,Y,Y,Y,Y,Y,,Y,,,,
2026,TPG,4106009,-27.5482,153.00683,,Y,Y,Y,Y,Y,,Y,,,,
2026,TPG,4107001,-27.54485,153.03453,,Y,Y,Y,Y,Y,,Y,,,,
2026,TPG,4107004,-27.55608,153.03799,,Y,Y,Y,Y,Y,,Y,,,,
2026,TPG,4107007,-27.54431,153.03786,,Y,Y,Y,Y,Y,,Y,,,,
2026,TPG,4108002,-27.57185,153.02362,,Y,Y,Y,Y,Y,,Y,,,,
2026,TPG,4108003,-27.55899,153.04445,,Y,Y,Y,Y,Y,,Y,,,,
2026,TPG,4108005,-27.55944,153.0485,,Y,Y,Y,Y,Y,,Y,,,,
2026,TPG,4108006,-27.57131,153.03759,,Y,Y,Y,Y,Y,,Y,,,,
2026,TPG,4108007,-27.56001,153.02212,,Y,Y,Y,Y,Y,,Y,,,,
2026,TPG,4109001,-27.58686,153.05121,,Y,Y,Y,Y,Y,,Y,,,,
2026,TPG,4109002,-27.570138,153.062403,,Y,Y,Y,Y,Y,,Y,,,,
2026,TPG,4109002,-27.57102,153.06324,,Y,Y,Y,Y,Y,,Y,,,,
2026,TPG,4109013,-27.59105,153.06065,,Y,Y,Y,Y,Y,,Y,,,,
2026,TPG,4110002,-27.64328,153.01153,,Y,Y,Y,,,,,,,,
2026,TPG,4110003,-27.63194,152.98697,,Y,Y,Y,Y,Y,,Y,,,,
2026,TPG,4110004,-27.59808,153.03483,,Y,Y,Y,Y,Y,,Y,,,,
2026,TPG,4110005,-27.57858,153.00804,,Y,Y,Y,Y,Y,,Y,,,,
2026,TPG,4110007,-27.57821,153.03833,,Y,Y,Y,Y,Y,,Y,,,,
2026,TPG,4110016,-27.64167,152.9846,,Y,Y,Y,Y,Y,,Y,,,,
2026,TPG,4110022,-27.59947,153.01138,,Y,Y,Y,Y,Y,,Y,,,,
2026,TPG,4111001,-27.55824,153.0612,,Y,Y,Y,Y,Y,,Y,,,,
2026,TPG,4111003,-27.55447,153.05688,,Y,Y,Y,,,,,,,,
2026,TPG,4112003,-27.61002,153.07966,,Y,Y,Y,Y,Y,,Y,,,,
2026,TPG,4113001,-27.5791,153.09444,,Y,Y,Y,Y,Y,,Y,,,,
2026,TPG,4113002,-27.60025,153.0934,,Y,Y,Y,Y,Y,,,,,,
2026,TPG,4113006,-27.59004,153.10562,,Y,Y,Y,Y,Y,,Y,,,,
2026,TPG,4113010,-27.59012,153.08591,,Y,Y,Y,Y,Y,,Y,,,,
2026,TPG,4113014,-27.59019,153.06685,,Y,Y,Y,Y,Y,,Y,,,,
2026,TPG,4113016,-27.56576,153.09445,,Y,Y,Y,Y,Y,,Y,,,,
2026,TPG,4114002,-27.61772,153.09595,,Y,Y,Y,Y,Y,,Y,,,,
2026,TPG,4114003,-27.66108,153.10573,,Y,Y,Y,Y,Y,,Y,,,,
2026,TPG,4114004,-27.63931,153.10735,,Y,Y,Y,Y,Y,,Y,,,,
2026,TPG,4114008,-27.64923,153.12,,,Y,Y,,,,,,,,
2026,TPG,4114009,-27.62001,153.10573,,Y,Y,Y,Y,Y,,Y,,,,
2026,TPG,4114010,-27.62028,153.11089,,Y,Y,Y,Y,Y,,Y,,,,
2026,TPG,4114016,-27.65296,153.13425,,Y,Y,Y,Y,Y,,Y,,,,
2026,TPG,4115002,-27.64512,153.04272,,Y,Y,Y,Y,Y,,Y,,,,
2026,TPG,4115003,-27.62786,153.02862,,Y,Y,Y,Y,Y,,Y,,,,
2026,TPG,4116002,-27.65038,153.06037,,Y,Y,Y,Y,Y,,,,,,
2026,TPG,4116005,-27.62234,153.06775,,Y,Y,Y,Y,Y,,Y,,,,
2026,TPG,4116006,-27.63978,153.06161,,Y,Y,Y,Y,Y,,Y,,,,
2026,TPG,4116009,-27.6123,153.05274,,Y,Y,Y,Y,Y,,Y,,,,
2026,TPG,4116010,-27.62415,153.04908,,Y,Y,Y,Y,Y,,Y,,,,
2026,TPG,4117002,-27.65761,153.08028,,Y,Y,Y,Y,Y,,Y,,,,
2026,TPG,4118001,-27.66122,153.03544,,Y,Y,Y,Y,Y,,Y,,,,
2026,TPG,4118002,-27.67652,153.03062,,Y,Y,Y,Y,Y,,Y,,,,
2026,TPG,4118004,-27.6567,153.00711,,Y,Y,Y,Y,Y,,Y,,,,
2026,TPG,4118007,-27.67675,153.05995,,Y,Y,Y,Y,Y,,Y,,,,
2026,TPG,4118008,-27.662548,153.041137,,Y,Y,Y,Y,Y,,Y,,,,
2026,TPG,4119001,-27.61261,153.12258,,Y,Y,Y,Y,Y,,Y,,,,
2026,TPG,4119002,-27.60701,153.113,,Y,Y,Y,Y,Y,,Y,,,,
2026,TPG,4120003,-27.50227,153.04651,,Y,Y,Y,,,,,,,,
2026,TPG,4120004,-27.51331,153.04233,,Y,Y,Y,Y,Y,,Y,,,,
2026,TPG,4120005,-27.51268,153.05312,,Y,Y,Y,Y,Y,,Y,,,,
2026,TPG,4121002,-27.51922,153.06195,,Y,Y,Y,Y,Y,,Y,,,,
2026,TPG,4121005,-27.51432,153.07497,,Y,Y,Y,Y,Y,,Y,,,,
2026,TPG,4121007,-27.53588,153.05903,,Y,Y,Y,Y,Y,,Y,,,,
2026,TPG,4121011,-27.52754,153.05019,,Y,Y,Y,Y,Y,,Y,,,,
2026,TPG,4122003,-27.54237,153.11587,,Y,Y,Y,Y,Y,,Y,,,,
2026,TPG,4122004,-27.53951,153.08,,Y,Y,Y,Y,Y,,Y,,,,
2026,TPG,4122005,-27.5593,153.08203,,Y,Y,Y,Y,Y,,Y,,,,
2026,TPG,4122006,-27.54407,153.09285,,Y,Y,Y,,Y,,,,,,
2026,TPG,4122007,-27.56203,153.08143,,Y,Y,Y,Y,Y,,Y,,,,
2026,TPG,4122008,-27.52654,153.09179,,Y,Y,Y,Y,Y,,Y,,,,
2026,TPG,4122009,-27.55469,153.09998,,Y,Y,Y,Y,Y,,Y,,,,
2026,TPG,4122011,-27.55122,153.07922,,Y,Y,Y,,,,,,,,
2026,TPG,4122012,-27.56296,153.07954,,Y,Y,Y,Y,Y,,Y,,,,
2026,TPG,4122021,-27.53536,153.07656,,Y,Y,Y,Y,Y,,Y,,,,
2026,TPG,4123001,-27.60076,153.13189,,Y,Y,Y,Y,Y,,Y,,,,
2026,TPG,4123002,-27.55436,153.13126,,Y,Y,Y,,,,,,,,
2026,TPG,4123005,-27.56168,153.10932,,Y,Y,Y,Y,Y,,Y,,,,
2026,TPG,4124001,-27.72023,152.94081,,Y,Y,Y,Y,Y,,Y,,,,
2026,TPG,4124005,-27.68887,153.01019,,Y,Y,Y,Y,Y,,Y,,,,
2026,TPG,4124006,-27.70987,152.99973,,Y,Y,Y,,,,,,,,
2026,TPG,4124015,-27.73636,152.98356,,Y,Y,Y,Y,Y,,Y,,,,
2026,TPG,4125001,-27.70442,153.03907,,Y,Y,Y,Y,Y,,Y,,,,
2026,TPG,4125002,-27.73717,153.0266,,Y,Y,Y,Y,Y,,Y,,,,
2026,TPG,4127001,-27.62279,153.14724,,Y,Y,Y,Y,Y,,Y,,,,
2026,TPG,4127003,-27.64885,153.15397,,Y,Y,Y,Y,Y,,Y,,,,
2026,TPG,4127006,-27.6323,153.134,,Y,Y,Y,Y,Y,,Y,,,,
2026,TPG,4127007,-27.64524,153.14898,,Y,Y,Y,Y,Y,,Y,,,,
2026,TPG,4127008,-27.62129,153.12931,,Y,Y,Y,Y,Y,,Y,,,,
2026,TPG,4127009,-27.5997,153.15,,Y,Y,Y,Y,Y,,Y,,,,
2026,TPG,4127012,-27.62448,153.12048,,Y,Y,Y,Y,Y,,Y,,,,
2026,TPG,4128001,-27.67076,153.16704,,Y,Y,Y,Y,Y,,Y,,,,
2026,TPG,4128002,-27.66396,153.17162,,Y,Y,Y,Y,Y,,Y,,,,
2026,TPG,4128005,-27.66686,153.16252,,Y,Y,Y,Y,Y,,Y,,,,
2026,TPG,4128006,-27.65634,153.16421,,Y,Y,Y,Y,Y,,Y,,,,
2026,TPG,4128012,-27.64504,153.17519,,Y,Y,Y,Y,Y,,Y,,,,
2026,TPG,4129001,-27.68464,153.19006,,Y,Y,Y,Y,Y,,Y,,,,
2026,TPG,4129003,-27.658662,153.170958,,Y,Y,Y,,Y,,,,,,
2026,TPG,4129005,-27.68304,153.19442,,Y,Y,Y,Y,Y,,Y,,,,
2026,TPG,4129006,-27.6892,153.19232,,Y,Y,Y,Y,Y,,Y,,,,
2026,TPG,4130002,-27.66762,153.21185,,Y,Y,Y,Y,Y,,Y,,,,
2026,TPG,4130003,-27.67137,153.19331,,Y,Y,Y,Y,Y,,Y,,,,
2026,TPG,4130004,-27.67938,153.22613,,Y,Y,Y,Y,Y,,Y,,,,
2026,TPG,4131003,-27.66484,153.13882,,Y,Y,Y,Y,Y,,Y,,,,
2026,TPG,4131004,-27.6700261,153.1418031,,Y,Y,Y,Y,Y,,,,,,
2026,TPG,4132003,-27.67774,153.07711,,Y,Y,Y,Y,Y,,Y,,,,
2026,TPG,4132004,-27.67704,153.12003,,Y,Y,Y,Y,Y,,Y,,,,
2026,TPG,4132005,-27.68486,153.093,,Y,Y,Y,Y,Y,,Y,,,,
2026,TPG,4133001,-27.6986,153.10544,,Y,Y,Y,Y,Y,,Y,,,,
2026,TPG,4133002,-27.68894,153.13623,,Y,Y,Y,Y,Y,,Y,,,,
2026,TPG,4133006,-27.71013,153.16011,,Y,Y,Y,Y,Y,,Y,,,,
2026,TPG,4133009,-27.72759,153.10373,,Y,Y,Y,Y,Y,,Y,,,,
2026,TPG,4151001,-27.4882,153.05425,,Y,Y,Y,Y,Y,,Y,,,,
2026,TPG,4151002,-27.50724,153.06339,,Y,Y,Y,Y,Y,,Y,,,,
2026,TPG,4151005,-27.49187,153.06402,,Y,Y,,,,,,,,,
2026,TPG,4151023,-27.49464,153.05845,,Y,Y,Y,Y,Y,,Y,,,,
2026,TPG,4152002,-27.50382,153.1028,,Y,Y,Y,Y,Y,,,,,,
2026,TPG,4152002,-27.50367,153.10273,,Y,Y,Y,Y,Y,,Y,,,,
2026,TPG,4152003,-27.49201,153.08299,,Y,Y,Y,Y,Y,,Y,,,,
2026,TPG,4152005,-27.51706,153.09843,,Y,Y,Y,Y,Y,,Y,,,,
2026,TPG,4152006,-27.49411,153.12223,,Y,Y,Y,Y,,,,,,,
2026,TPG,4152007,-27.48961,153.10129,,Y,Y,Y,Y,Y,,Y,,,,
2026,TPG,4152008,-27.50087,153.07668,,Y,Y,Y,Y,Y,,Y,,,,
2026,TPG,4153002,-27.51737,153.1264,,Y,Y,Y,Y,Y,,Y,,,,
2026,TPG,4154007,-27.49283,153.16938,,Y,Y,Y,Y,Y,,Y,,,,
2026,TPG,4155002,-27.51147,153.14608,,Y,Y,Y,Y,Y,,Y,,,,
2026,TPG,4156002,-27.53465,153.14904,,Y,Y,Y,Y,Y,,Y,,,,
2026,TPG,4156003,-27.56539,153.17462,,Y,,,,,,,,,,
2026,TPG,4156005,-27.5358,153.12245,,Y,Y,Y,Y,Y,,Y,,Y,Peri-Urban Mobile Program (PUMP),1
2026,TPG,4157002,-27.5289,153.19675,,Y,Y,Y,Y,Y,,Y,,,,
2026,TPG,4157005,-27.53359,153.20412,,Y,Y,Y,Y,Y,,Y,,,,
2026,TPG,4157007,-27.56597,153.2208,,Y,Y,,,,,,,,,
2026,TPG,4157009,-27.5428,153.18933,,Y,Y,Y,Y,Y,,Y,,,,
2026,TPG,4157011,-27.51624,153.18365,,Y,Y,Y,Y,Y,,Y,,,,
2026,TPG,4157012,-27.524511,153.190956,,Y,Y,,Y,Y,,,,,,
2026,TPG,4158001,-27.48909,153.19763,,Y,Y,Y,Y,Y,,Y,,,,
2026,TPG,4159001,-27.49323,153.21573,,Y,Y,Y,Y,Y,,Y,,,,
2026,TPG,4159004,-27.50848,153.22857,,Y,Y,Y,Y,Y,,Y,,,,
2026,TPG,4160002,-27.51878,153.25594,,Y,Y,Y,Y,Y,,Y,,,,
2026,TPG,4160003,-27.49952,153.24677,,Y,Y,Y,Y,Y,,Y,,,,
2026,TPG,4160006,-27.48629,153.23892,,Y,Y,Y,Y,Y,,Y,,,,
2026,TPG,4161001,-27.54394,153.23153,,Y,,Y,,,,,,,,
2026,TPG,4161003,-27.52298,153.21717,,Y,Y,Y,Y,Y,,Y,,,,
2026,TPG,4161005,-27.52427,153.23616,,Y,Y,Y,Y,Y,,Y,,,,
2026,TPG,4163001,-27.52641,153.26687,,Y,Y,Y,Y,Y,,Y,,,,
2026,TPG,4163002,-27.54374,153.25473,,Y,Y,Y,Y,Y,,Y,,,,
2026,TPG,4163003,-27.52639,153.28187,,Y,Y,Y,Y,Y,,Y,,,,
2026,TPG,4164002,-27.56647,153.27373,,Y,Y,Y,Y,Y,,Y,,,,
2026,TPG,4164003,-27.56706,153.24845,,Y,Y,Y,Y,Y,,Y,,,,
2026,TPG,4165001,-27.65647,153.30284,,Y,Y,Y,Y,Y,,Y,,,,
2026,TPG,4165003,-27.6243,153.27323,,Y,Y,Y,Y,Y,,Y,,,,
2026,TPG,4165004,-27.59518,153.28487,,Y,Y,Y,Y,Y,,Y,,,,
2026,TPG,4165005,-27.63274,153.25232,,Y,Y,Y,Y,Y,,,,,,
2026,TPG,4165006,-27.6202,153.22059,,Y,Y,Y,Y,Y,,Y,,,,
2026,TPG,4165007,-27.58337,153.29406,,Y,Y,Y,Y,Y,,Y,,,,
2026,TPG,4165015,-27.6232,153.29947,,Y,Y,Y,Y,Y,,Y,,,,
2026,TPG,4165027,-27.59066,153.25961,,Y,Y,Y,Y,Y,,Y,,,,
2026,TPG,4169003,-27.47238,153.0349,,Y,Y,Y,Y,Y,,Y,,,,
2026,TPG,4169004,-27.47642,153.03917,,Y,Y,Y,Y,Y,,Y,,,,
2026,TPG,4169007,-27.4791,153.04157,,Y,Y,Y,,,,,,,,
2026,TPG,4169008,-27.48222,153.03605,,Y,Y,Y,Y,Y,,Y,,,,
2026,TPG,4169010,-27.46944,153.03648,,Y,Y,Y,Y,Y,,Y,,,,
2026,TPG,4169011,-27.47562,153.03544,,Y,Y,Y,Y,Y,,Y,,,,
2026,TPG,4169015,-27.48521,153.04461,,Y,Y,Y,Y,Y,,Y,,,,
2026,TPG,4170001,-27.46982,153.07226,,Y,Y,Y,Y,Y,,Y,,,,
2026,TPG,4170003,-27.48231,153.06262,,Y,Y,Y,Y,Y,,Y,,,,
2026,TPG,4170006,-27.47233,153.06037,,Y,Y,,,,,,,,,
2026,TPG,4170008,-27.45178,153.07318,,Y,Y,Y,Y,Y,,Y,,,,
2026,TPG,4170010,-27.45475,153.07936,,Y,Y,Y,Y,Y,,Y,,,,
2026,TPG,4170014,-27.46745,153.09069,,Y,Y,Y,Y,Y,,Y,,,,
2026,TPG,4170016,-27.47393,153.09678,,Y,Y,Y,Y,Y,,Y,,,,
2026,TPG,4171001,-27.45066,153.05886,,Y,Y,Y,Y,Y,,Y,,,,
2026,TPG,4171003,-27.46241,153.06057,,Y,Y,Y,Y,Y,,Y,,,,
2026,TPG,4172003,-27.45612,153.09533,,Y,Y,Y,Y,Y,,Y,,,,
2026,TPG,4172004,-27.46538,153.10837,,Y,Y,Y,,,,,,,,
2026,TPG,4172007,-27.45586,153.10575,,Y,Y,Y,Y,Y,,Y,,,,
2026,TPG,4173001,-27.47513,153.12724,,Y,Y,Y,Y,Y,,Y,,,,
2026,TPG,4174003,-27.43899,153.13514,,Y,Y,,,,,,,,,
2026,TPG,4174004,-27.44599,153.12314,,Y,Y,Y,Y,Y,,Y,,,,
2026,TPG,4178001,-27.42218,153.15069,,Y,Y,Y,Y,Y,,Y,,,,
2026,TPG,4178002,-27.37844,153.17241,,Y,Y,Y,Y,Y,,Y,,,,
2026,TPG,4178003,-27.44181,153.14351,,Y,Y,Y,Y,Y,,Y,,,,
2026,TPG,4178005,-27.45672,153.15754,,Y,Y,Y,Y,Y,,Y,,,,
2026,TPG,4178006,-27.46282,153.14654,,Y,Y,Y,Y,Y,,Y,,,,
2026,TPG,4178007,-27.43876,153.1671,,Y,Y,Y,Y,Y,,Y,,,,
2026,TPG,4178020,-27.44304,153.17332,,Y,Y,Y,Y,Y,,Y,,,,
2026,TPG,4179002,-27.47478,153.15717,,Y,Y,Y,Y,Y,,Y,,,,
2026,TPG,4179003,-27.45861,153.17493,,Y,Y,Y,Y,Y,,Y,,,,
2026,TPG,4179004,-27.4521,153.18971,,Y,Y,Y,Y,Y,,Y,,,,
2026,TPG,4179005,-27.4757,153.16533,,Y,Y,Y,Y,Y,,,,,,
2026,TPG,4183004,-27.49757,153.4132,,Y,Y,Y,,,,,,,,
2026,TPG,4183008,-27.43548,153.52118,,Y,Y,Y,Y,Y,,Y,,,,
2026,TPG,4184001,-27.65157,153.38084,,Y,Y,Y,Y,Y,,Y,,,,
2026,TPG,4184003,-27.60467,153.35517,,Y,Y,,,,,,,,,
2026,TPG,4205001,-27.68462,153.15666,,Y,Y,Y,Y,Y,,Y,,,,
2026,TPG,4207001,-27.72739,153.19859,,Y,Y,Y,Y,Y,,Y,,,,
2026,TPG,4207002,-27.71783,153.24075,,Y,Y,Y,Y,Y,,Y,,,,
2026,TPG,4207009,-27.70805,153.20172,,Y,Y,Y,Y,Y,,Y,,,,
2026,TPG,4207010,-27.76081,153.23796,,Y,Y,Y,Y,Y,,Y,,,,
2026,TPG,4207011,-27.75551,153.18653,,Y,Y,Y,Y,Y,,Y,,,,
2026,TPG,4207012,-27.69873,153.17108,,Y,Y,Y,Y,Y,,Y,,,,
2026,TPG,4207017,-27.79193,153.09994,,Y,Y,Y,Y,Y,,Y,,,,
2026,TPG,4207019,-27.70087,153.20914,,Y,Y,Y,Y,Y,,Y,,,,
2026,TPG,4207020,-27.73094,153.15514,,Y,Y,Y,Y,Y,,Y,,,,
2026,TPG,4207023,-27.74474,153.22165,,Y,Y,Y,,,,,,,,
2026,TPG,4207028,-27.81447,153.11996,,Y,Y,Y,Y,Y,,Y,,,,
2026,TPG,4207030,-27.73541,153.19495,,Y,Y,Y,Y,Y,,Y,,,,
2026,TPG,4207031,-27.71456,153.1836,,Y,Y,Y,Y,Y,,Y,,,,
2026,TPG,4208001,-27.7656,153.24871,,Y,Y,Y,Y,Y,,,,,,
2026,TPG,4208004,-27.77352,153.25641,,Y,Y,Y,,,,,,,,
2026,TPG,4208006,-27.77638,153.35057,,Y,Y,,,,,,,,,
2026,TPG,4208009,-27.79124,153.25779,,Y,Y,Y,Y,Y,,Y,,,,
2026,TPG,4209001,-27.8036,153.28195,,Y,Y,Y,Y,Y,,Y,,,,
2026,TPG,4209002,-27.85613,153.30964,,Y,Y,Y,Y,Y,,Y,,,,
2026,TPG,4209008,-27.83178,153.29032,,Y,Y,Y,Y,Y,,Y,,,,
2026,TPG,4209010,-27.86214,153.33416,,Y,Y,Y,Y,Y,,Y,,,,
2026,TPG,4209011,-27.83457,153.303,,Y,Y,Y,Y,Y,,Y,,,,
2026,TPG,4209012,-27.8088,153.26546,,Y,Y,Y,Y,Y,,Y,,,,
2026,TPG,4209018,-27.86476,153.31844,,Y,Y,Y,Y,Y,,Y,,,,
2026,TPG,4209020,-27.82591,153.3163,,Y,Y,Y,Y,Y,,Y,,,,
2026,TPG,4209023,-27.85613,153.2935,,Y,Y,Y,Y,Y,,Y,,,,
2026,TPG,4209025,-27.88875,153.27144,,Y,Y,Y,Y,Y,,Y,,,,
2026,TPG,4209027,-27.86946,153.30596,,Y,Y,Y,Y,Y,,Y,,,,
2026,TPG,4209033,-27.851353,153.31918,,Y,Y,Y,Y,Y,,,,,,
2026,TPG,4209035,-27.82841,153.34504,,Y,Y,Y,Y,Y,,Y,,,,
2026,TPG,4210001,-27.91329,153.2451,,Y,Y,Y,Y,Y,,,,,,
2026,TPG,4210002,-27.9117,153.32259,,Y,Y,Y,Y,Y,,Y,,,,
2026,TPG,4210003,-27.88064,153.33102,,Y,Y,Y,Y,Y,,Y,,,,
2026,TPG,4210004,-27.86726,153.2905,,Y,Y,Y,Y,Y,,Y,,,,
2026,TPG,4210005,-27.89615,153.20891,,Y,Y,,,,,,,,,
2026,TPG,4210006,-27.91048,153.29646,,Y,Y,Y,Y,Y,,Y,,,,
2026,TPG,4210007,-27.88995,153.31293,,Y,Y,Y,Y,Y,,Y,,,,
2026,TPG,4210008,-27.93128,153.29258,,Y,Y,Y,Y,Y,,Y,,,,
2026,TPG,4211001,-28.02948,153.38728,,Y,Y,Y,Y,Y,,Y,,,,
2026,TPG,4211002,-27.9353,153.33587,,Y,Y,Y,Y,Y,,Y,,,,
2026,TPG,4211003,-27.98674,153.33231,,Y,Y,Y,Y,Y,,Y,,,,
2026,TPG,4211004,-27.99446,153.34367,,Y,Y,Y,Y,Y,,,,,,
2026,TPG,4211006,-28.0053,153.36686,,Y,Y,Y,Y,Y,,,,,,
2026,TPG,4211006,-28.00563,153.36812,,Y,Y,Y,Y,Y,,Y,,,,
2026,TPG,4211006,-28.00708,153.36609,,Y,Y,Y,Y,Y,,Y,,,,
2026,TPG,4211007,-27.9525,153.33975,,Y,Y,Y,Y,Y,,Y,,,,
2026,TPG,4211008,-28.00937,153.34521,,Y,Y,Y,Y,Y,,Y,,,,
2026,TPG,4211010,-27.97803,153.35159,,Y,Y,Y,Y,Y,,Y,,,,
2026,TPG,4211011,-28.04041,153.29478,,Y,Y,Y,,,,,,,,
2026,TPG,4211013,-28.00328,153.31643,,Y,Y,Y,Y,Y,,Y,,,,
2026,TPG,4211023,-27.99647,153.33873,,Y,Y,Y,Y,Y,,Y,,,,
2026,TPG,4211033,-27.94515,153.32408,,Y,Y,Y,Y,Y,,Y,,,,
2026,TPG,4211034,-28.01898,153.36731,,Y,Y,Y,,,,,,,,
2026,TPG,4211042,-28.03398,153.35281,,Y,Y,Y,Y,Y,,Y,,,,
2026,TPG,4211044,-28.00891,153.29533,,Y,Y,Y,Y,Y,,Y,,,,
2026,TPG,4212001,-27.87033,153.3688,,Y,Y,Y,Y,Y,,Y,,,,
2026,TPG,4212005,-27.90569,153.34157,,Y,Y,Y,Y,Y,,Y,,,,
2026,TPG,4212010,-27.8761,153.341,,Y,Y,Y,Y,Y,,Y,,,,
2026,TPG,4212012,-27.90492,153.3174,,Y,Y,Y,Y,Y,,Y,,,,
2026,TPG,4212015,-27.926448,153.335876,,Y,Y,Y,Y,Y,,Y,,,,
2026,TPG,4213001,-28.14371,153.35293,,Y,Y,Y,Y,Y,,Y,,,,
2026,TPG,4213002,-28.07543,153.34139,,Y,Y,Y,Y,Y,,,,,,
2026,TPG,4213004,-28.06258,153.36051,,Y,Y,Y,Y,Y,,,,,,
2026,TPG,4213005,-28.09246,153.36618,,Y,Y,Y,Y,Y,,,,,,
2026,TPG,4213006,-28.05927,153.33147,,Y,Y,Y,Y,Y,,Y,,,,
2026,TPG,4213014,-28.089,153.38628,,Y,Y,Y,Y,Y,,Y,,,,
2026,TPG,4213015,-28.05317,153.35609,,Y,Y,Y,Y,Y,,Y,,,,
2026,TPG,4213017,-28.07749,153.36544,,Y,Y,Y,Y,Y,,Y,,,,
2026,TPG,4214001,-27.99437,153.38927,,Y,Y,Y,Y,Y,,Y,,,,
2026,TPG,4214002,-27.92703,153.36077,,Y,Y,Y,Y,Y,,Y,,,,
2026,TPG,4214003,-27.95187,153.3598,,Y,Y,Y,Y,Y,,Y,,,,
2026,TPG,4214005,-27.97734,153.38857,,Y,Y,Y,Y,Y,,Y,,,,
2026,TPG,4214006,-27.9875,153.38266,,Y,Y,Y,Y,Y,,Y,,,,
2026,TPG,4214007,-27.98411,153.36395,,Y,Y,Y,Y,Y,,Y,,,,
2026,TPG,4214010,-27.96398,153.36717,,Y,Y,Y,,,,,,,,
2026,TPG,4214014,-27.98001,153.377,,Y,Y,Y,Y,Y,,Y,,,,
2026,TPG,4214015,-27.94247,153.37489,,Y,Y,Y,Y,Y,,Y,,,,
2026,TPG,4215002,-27.98622,153.41103,,Y,Y,Y,Y,Y,,Y,,,,
2026,TPG,4215003,-27.96669,153.4143,,Y,Y,Y,Y,Y,,Y,,,,
2026,TPG,4215004,-27.95606,153.40981,,Y,Y,Y,Y,Y,,Y,,,,
2026,TPG,4215005,-27.95682,153.38401,,Y,Y,Y,Y,Y,,Y,,,,
2026,TPG,4215006,-27.96793,153.41624,,Y,Y,Y,,Y,,Y,,,,
2026,TPG,4215006,-27.96793,153.41624,,Y,Y,Y,Y,Y,,Y,,,,
2026,TPG,4215008,-27.96352,153.38477,,Y,Y,Y,,,,,,,,
2026,TPG,4215009,-27.95355,153.39146,,Y,Y,Y,Y,Y,,Y,,,,
2026,TPG,4215017,-27.93571,153.37977,,Y,Y,Y,Y,Y,,Y,,,,
2026,TPG,4215019,-27.97046,153.40799,,Y,Y,Y,Y,Y,,Y,,,,
2026,TPG,4215021,-27.97534,153.42008,,Y,Y,Y,Y,Y,,Y,,,,
2026,TPG,4215027,-27.95994,153.38137,,Y,Y,Y,Y,,,,,,,
2026,TPG,4215029,-27.9758,153.40042,,Y,Y,Y,Y,Y,,Y,,,,
2026,TPG,4215030,-27.94396,153.40857,,Y,Y,Y,Y,Y,,Y,,,,
2026,TPG,4215031,-27.96936,153.39553,,Y,Y,Y,Y,Y,,Y,,,,
2026,TPG,4215042,-27.93581,153.3918,,Y,Y,Y,Y,Y,,,,,,
2026,TPG,4216001,-27.913993,153.401189,,Y,Y,Y,Y,Y,,,,,,
2026,TPG,4216001,-27.9154,153.39851,,Y,Y,Y,Y,Y,,Y,,,,
2026,TPG,4216002,-27.88733,153.38881,,Y,Y,Y,Y,Y,,Y,,,,
2026,TPG,4216003,-27.92872,153.36989,,Y,Y,Y,Y,Y,,Y,,,,
2026,TPG,4216006,-27.90047,153.38586,,Y,Y,Y,Y,Y,,Y,,,,
2026,TPG,4216008,-27.93301,153.40035,,Y,Y,Y,,,,,,,,
2026,TPG,4216009,-27.89871,153.40223,,Y,Y,Y,Y,Y,,Y,,,,
2026,TPG,4216012,-27.92766,153.40565,,Y,Y,Y,Y,Y,,Y,,,,
2026,TPG,4216013,-27.91045,153.38866,,Y,Y,Y,Y,Y,,Y,,,,
2026,TPG,4216016,-27.93256,153.38697,,Y,Y,Y,Y,Y,,Y,,,,
2026,TPG,4217001,-28.00089,153.41368,,Y,Y,Y,Y,Y,,Y,,,,
2026,TPG,4217004,-28.000516,153.429043,,Y,Y,Y,Y,Y,,Y,,,,
2026,TPG,4217004,-28.00075,153.42942,,,Y,Y,,,,,,,,
2026,TPG,4217005,-28.00181,153.3836,,Y,Y,Y,Y,Y,,Y,,,,
2026,TPG,4217006,-27.97885,153.42219,,Y,Y,Y,Y,Y,,,,,,
2026,TPG,4217011,-28.001885,153.42832,,,Y,Y,,,,,,,,
2026,TPG,4217014,-27.99119,153.43023,,,Y,Y,,,,,,,,
2026,TPG,4217018,-28.0098,153.39196,,Y,Y,Y,Y,Y,,Y,,,,
2026,TPG,4217019,-27.95225,153.42482,,Y,Y,Y,Y,Y,,Y,,,,
2026,TPG,4217020,-28.00602,153.40314,,Y,Y,Y,Y,Y,,Y,,,,
2026,TPG,4217023,-28.01439,153.43053,,Y,Y,Y,Y,Y,,Y,,,,
2026,TPG,4217032,-28.00313,153.43099,,Y,Y,Y,Y,Y,,Y,,,,
2026,TPG,4217033,-27.9909,153.42717,,Y,Y,Y,Y,Y,,Y,,,,
2026,TPG,4217041,-27.97937,153.42512,,Y,Y,Y,Y,Y,,Y,,,,
2026,TPG,4217052,-28.00505,153.42815,,Y,Y,Y,Y,Y,,Y,Y,,,
2026,TPG,4217054,-27.99361,153.42981,,Y,Y,Y,,,,,,,,
2026,TPG,4217062,-27.99756,153.42708,,Y,Y,Y,Y,Y,,Y,,,,
2026,TPG,4217077,-28.00824,153.40949,,Y,Y,Y,Y,Y,,Y,,,,
2026,TPG,4217079,-28.002197,153.431004,,,Y,Y,,,,,,,,
2026,TPG,4218002,-28.01781,153.42987,,Y,Y,Y,Y,Y,,Y,,,,
2026,TPG,4218003,-28.02839,153.42876,,Y,Y,Y,Y,Y,,,,,,
2026,TPG,4218004,-28.036376,153.428112,,Y,Y,Y,,Y,,Y,,,,
2026,TPG,4218004,-28.03553,153.42938,,Y,Y,Y,Y,Y,,Y,,,,
2026,TPG,4218005,-28.06156,153.42451,,Y,Y,Y,Y,Y,,Y,,,,
2026,TPG,4218006,-28.05026,153.4358,,Y,Y,Y,Y,Y,,Y,,,,
2026,TPG,4218007,-28.031645,153.428879,,Y,Y,Y,,Y,,,,,,
2026,TPG,4218008,-28.02552,153.41722,,,,Y,,,,,,,,
2026,TPG,4218014,-28.04896,153.42674,,Y,Y,Y,Y,Y,,Y,,,,
2026,TPG,4218015,-28.02175,153.43226,,Y,Y,Y,Y,Y,,Y,,,,
2026,TPG,4218016,-28.02884,153.43213,,Y,Y,Y,,,,,,,,
2026,TPG,4218017,-28.02247,153.40804,,Y,Y,Y,Y,Y,,Y,,,,
2026,TPG,4218024,-28.03422,153.42885,,Y,Y,Y,Y,Y,,Y,,,,
2026,TPG,4218025,-28.04203,153.43361,,Y,Y,Y,Y,Y,,Y,,,,
2026,TPG,4220001,-28.09401,153.44859,,Y,Y,Y,Y,Y,,Y,,,,
2026,TPG,4220002,-28.07776,153.44414,,Y,Y,Y,Y,Y,,Y,,,,
2026,TPG,4220004,-28.09747,153.44025,,Y,Y,Y,,,,,,,,
2026,TPG,4220007,-28.09013,153.45128,,Y,Y,Y,Y,Y,,Y,,,,
2026,TPG,4220012,-28.1019,153.42335,,Y,Y,Y,Y,Y,,Y,,,,
2026,TPG,4220016,-28.06305,153.4374,,Y,Y,Y,Y,Y,,,,,,
2026,TPG,4220018,-28.10877,153.42147,,Y,Y,Y,Y,Y,,,,,,
2026,TPG,4220021,-28.07083,153.42805,,Y,Y,Y,Y,Y,,Y,,,,
2026,TPG,4220022,-28.1024,153.43492,,Y,Y,Y,Y,Y,,Y,,,,
2026,TPG,4220023,-28.10521,153.40849,,Y,Y,Y,Y,Y,,Y,,,,
2026,TPG,4221001,-28.13512,153.46877,,Y,Y,Y,Y,Y,,Y,,,,
2026,TPG,4221002,-28.13384,153.45444,,Y,Y,Y,,,,,,,,
2026,TPG,4221003,-28.11544,153.44328,,Y,Y,Y,Y,Y,,Y,,,,
2026,TPG,4221004,-28.11076,153.45619,,Y,Y,Y,Y,Y,,Y,,,,
2026,TPG,4221005,-28.11935,153.47201,,Y,Y,Y,Y,Y,,Y,,,,
2026,TPG,4221007,-28.10142,153.46276,,Y,Y,Y,,,,,,,,
2026,TPG,4221009,-28.16091,153.43838,,Y,Y,Y,,,,,,,,
2026,TPG,4223001,-28.15874,153.45943,,Y,Y,Y,Y,Y,,Y,,,,
2026,TPG,4223008,-28.14419,153.45938,,Y,Y,Y,Y,Y,,Y,,,,
2026,TPG,4224001,-28.15391,153.48785,,Y,Y,Y,Y,Y,,Y,,,,
2026,TPG,4224002,-28.13989,153.49079,,Y,Y,Y,Y,Y,,Y,,,,
2026,TPG,4224005,-28.179479,153.523585,,Y,Y,Y,,Y,,,,,,
2026,TPG,4225001,-28.17533,153.53111,,Y,Y,Y,Y,Y,,Y,,,,
2026,TPG,4225005,-28.16632,153.5158,,Y,Y,Y,,,,,,,,
2026,TPG,4225006,-28.16879,153.53853,,Y,Y,Y,Y,Y,,Y,,,,
2026,TPG,4225010,-28.16548,153.54888,,Y,Y,Y,Y,Y,,Y,,,,
2026,TPG,4226002,-28.07663,153.38392,,Y,Y,Y,Y,Y,,Y,,,,
2026,TPG,4226002,-28.07659,153.38384,,Y,Y,Y,,,,,,,,
2026,TPG,4226003,-28.07819,153.40619,,Y,Y,Y,Y,Y,,Y,,,,
2026,TPG,4226004,-28.04489,153.40841,,Y,Y,Y,Y,Y,,Y,,,,
2026,TPG,4226005,-28.05573,153.39365,,Y,Y,Y,,,,,,,,
2026,TPG,4226008,-28.06401,153.40508,,,Y,Y,,,,,,,,
2026,TPG,4226009,-28.03584,153.40695,,Y,Y,Y,Y,Y,,Y,,,,
2026,TPG,4226011,-28.07381,153.39846,,Y,Y,Y,Y,Y,,Y,,,,
2026,TPG,4226012,-28.08557,153.42523,,Y,Y,Y,Y,Y,,Y,,,,
2026,TPG,4226015,-28.06725,153.37785,,Y,Y,Y,Y,Y,,Y,,,,
2026,TPG,4226018,-28.04558,153.36694,,Y,Y,Y,Y,Y,,Y,,,,
2026,TPG,4227003,-28.11503,153.39678,,Y,Y,Y,Y,Y,,Y,,,,
2026,TPG,4227005,-28.09453,153.39828,,Y,Y,Y,Y,Y,,Y,,,,
2026,TPG,4228001,-28.13901,153.42843,,Y,Y,Y,Y,Y,,Y,,,,
2026,TPG,4228002,-28.15939,153.40573,,Y,Y,Y,Y,Y,,Y,,,,
2026,TPG,4228003,-28.12468,153.42401,,Y,Y,Y,Y,Y,,Y,,,,
2026,TPG,4229001,-28.07381,153.41871,,Y,Y,Y,Y,Y,,Y,,,,
2026,TPG,4270001,-27.84791,153.07454,,Y,Y,Y,Y,Y,,Y,,,,
2026,TPG,4272001,-27.92603,153.19995,,Y,Y,,,,,,,,,
2026,TPG,4272002,-27.92886,153.18353,,Y,Y,Y,Y,Y,,Y,,,,
2026,TPG,4272004,-27.96963,153.21329,,Y,Y,Y,Y,Y,,Y,,,,
2026,TPG,4272005,-27.99726,153.18246,,Y,Y,,,,,,,,,
2026,TPG,4280004,-27.79276,153.01629,,Y,Y,Y,Y,Y,,Y,,,,
2026,TPG,4280015,-27.80865,152.94813,,Y,Y,Y,Y,Y,,Y,,,,
2026,TPG,4285001,-27.99633,153.02685,,Y,Y,Y,Y,Y,,Y,,,,
2026,TPG,4285009,-27.95399,152.88736,,Y,Y,,,,,,,,,
2026,TPG,4285012,-27.85426,152.99266,,Y,Y,Y,Y,Y,,Y,,,,
2026,TPG,4285013,-27.98463,152.99351,,Y,Y,Y,Y,Y,,Y,,,,
2026,TPG,4285015,-27.89231,153.00267,,Y,Y,Y,Y,Y,,Y,,,,
2026,TPG,4285036,-27.95228,153.0009,,Y,Y,Y,Y,Y,,Y,,,,
2026,TPG,4300001,-27.63474,152.93216,,Y,Y,Y,Y,Y,,Y,,,,
2026,TPG,4300003,-27.65828,152.90786,,Y,Y,Y,Y,Y,,Y,,,,
2026,TPG,4300005,-27.67297,152.92304,,Y,Y,Y,Y,Y,,Y,,,,
2026,TPG,4300012,-27.6125,152.93037,,Y,Y,Y,Y,Y,,Y,,,,
2026,TPG,4300013,-27.62553,152.93622,,Y,Y,Y,Y,Y,,Y,,,,
2026,TPG,4300016,-27.68232,152.89908,,Y,Y,Y,,,,,,,,
2026,TPG,4300022,-27.65319,152.92071,,Y,Y,Y,Y,Y,,Y,,,,
2026,TPG,4300024,-27.677129,152.903002,,Y,Y,Y,Y,Y,,,,,,
2026,TPG,4300029,-27.6651,152.89058,,Y,Y,Y,Y,Y,,Y,,,,
2026,TPG,4300032,-27.62059,152.90021,,Y,Y,Y,Y,Y,,Y,,,,
2026,TPG,4300033,-27.64344,152.87977,,Y,Y,Y,Y,Y,,Y,,,,
2026,TPG,4300034,-27.61303,152.88667,,Y,Y,Y,Y,Y,,Y,,,,
2026,TPG,4301001,-27.60467,152.86645,,Y,Y,Y,Y,Y,,Y,,,,
2026,TPG,4301003,-27.61825,152.85438,,Y,Y,Y,Y,Y,,,,,,
2026,TPG,4301004,-27.65161,152.86263,,Y,Y,Y,Y,Y,,Y,,,,
2026,TPG,4301005,-27.65986,152.87094,,Y,Y,Y,Y,Y,,Y,,,,
2026,TPG,4301006,-27.605647,152.868293,,Y,Y,Y,Y,Y,,,,,,
2026,TPG,4301010,-27.64154,152.83617,,Y,Y,Y,Y,Y,,Y,,,,
2026,TPG,4301012,-27.62463,152.87329,,Y,Y,Y,Y,,,,,,,
2026,TPG,4303002,-27.60276,152.84197,,Y,Y,Y,Y,Y,,Y,,,,
2026,TPG,4303004,-27.59616,152.84487,,Y,Y,Y,Y,Y,,Y,,,,
2026,TPG,4304002,-27.61337,152.82011,,Y,Y,Y,Y,Y,,Y,,,,
2026,TPG,4304005,-27.60878,152.80656,,Y,Y,Y,Y,Y,,Y,,,,
2026,TPG,4304006,-27.61703,152.78924,,Y,Y,Y,Y,Y,,Y,,,,
2026,TPG,4304008,-27.60012,152.80367,,Y,Y,,,,,,,,,
2026,TPG,4305001,-27.65994,152.74255,,Y,Y,Y,Y,Y,,Y,,,,
2026,TPG,4305003,-27.59347,152.73255,,Y,Y,Y,Y,Y,,Y,,,,
2026,TPG,4305006,-27.6133,152.76139,,Y,Y,Y,Y,Y,,Y,,,,
2026,TPG,4305010,-27.58737,152.77011,,Y,Y,Y,Y,Y,,Y,,,,
2026,TPG,4305011,-27.6217,152.77006,,Y,Y,Y,Y,Y,,Y,,,,
2026,TPG,4305015,-27.61934,152.75469,,Y,Y,Y,Y,Y,,Y,,,,
2026,TPG,4305017,-27.61766,152.7255,,Y,Y,Y,Y,Y,,,,,,
2026,TPG,4305018,-27.62955,152.7852,,Y,Y,Y,Y,Y,,Y,,,,
2026,TPG,4305019,-27.65187,152.76454,,Y,Y,Y,Y,Y,,Y,,,,
2026,TPG,4305020,-27.63922,152.74796,,Y,Y,Y,Y,Y,,Y,,,,
2026,TPG,4305022,-27.59923,152.75964,,Y,Y,Y,Y,Y,,Y,,,,
2026,TPG,4305027,-27.645,152.79407,,Y,Y,Y,Y,Y,,Y,,,,
2026,TPG,4305029,-27.57645,152.78367,,Y,Y,Y,Y,Y,,Y,,,,
2026,TPG,4305033,-27.5814,152.75528,,Y,Y,Y,Y,Y,,Y,,,,
2026,TPG,4306001,-27.56775,152.81938,,Y,Y,,,,,,,,,
2026,TPG,4306002,-27.56487,152.68838,,Y,Y,Y,Y,Y,,Y,,,,
2026,TPG,4306007,-27.65697,152.78108,,Y,Y,Y,Y,Y,,Y,,,,
2026,TPG,4306008,-27.70103,152.82138,,Y,Y,,,,,,,,,
2026,TPG,4306012,-27.70264,152.70746,,Y,Y,Y,Y,Y,,Y,,,,
2026,TPG,4306013,-27.50227,152.59153,,Y,Y,Y,Y,Y,,Y,,,,
2026,TPG,4306019,-27.53023,152.83237,,Y,Y,Y,Y,Y,,Y,,,,
2026,TPG,4306026,-27.69736,152.77782,,Y,Y,Y,Y,Y,,Y,,Y,Peri-Urban Mobile Program (PUMP),1
2026,TPG,4306030,-27.68382,152.67944,,Y,Y,Y,Y,Y,,Y,,,,
2026,TPG,4306031,-27.45274,152.66629,,Y,Y,Y,Y,Y,,Y,,,,
2026,TPG,4306067,-27.69431,152.65573,,Y,Y,Y,Y,Y,,Y,,,,
2026,TPG,4306079,-27.5742092,152.7231601,,Y,Y,Y,Y,Y,,Y,,,,
2026,TPG,4306081,-27.56355,152.81559,,Y,Y,Y,Y,Y,,Y,,,,
2026,TPG,4306086,-27.59557,152.69236,,Y,Y,Y,Y,Y,,Y,,Y,Peri-Urban Mobile Program (PUMP),1
2026,TPG,4340001,-27.78776,152.5577,,Y,,,,,,,,,,
2026,TPG,4340009,-27.6241,152.58759,,Y,Y,Y,,,,,,,,
2026,TPG,4341002,-27.56397,152.43438,,Y,Y,Y,Y,,,,,,,
2026,TPG,4341004,-27.65051,152.42525,,Y,,,,,,,,,,
2026,TPG,4343001,-27.57656,152.28134,,Y,Y,Y,Y,,,Y,,,,
2026,TPG,4347001,-27.55867,152.19153,,Y,Y,Y,Y,,,,,,,
2026,TPG,4350001,-27.56206,151.92218,,Y,Y,Y,Y,,,Y,,,,
2026,TPG,4350003,-27.50969,151.8801,,Y,Y,Y,Y,,,Y,,,,
2026,TPG,4350005,-27.54319,151.97048,,Y,Y,Y,Y,,,Y,,,,
2026,TPG,4350006,-27.61217,151.9552,,Y,Y,Y,Y,,,Y,,,,
2026,TPG,4350007,-27.61046,151.92419,,Y,,Y,,,,,,,,
2026,TPG,4350014,-27.54251,151.92496,,Y,Y,Y,,,,,,,,
2026,TPG,4350015,-27.5708,151.89416,,Y,,Y,,,,,,,,
2026,TPG,4350021,-27.58231,151.95328,,Y,Y,Y,Y,,,Y,,,,
2026,TPG,4350023,-27.56,151.95384,,Y,Y,Y,Y,,,Y,,,,
2026,TPG,4350029,-27.60431,151.97243,,Y,,Y,,,,,,,,
2026,TPG,4350030,-27.53565,151.94048,,Y,Y,Y,Y,,,Y,,,,
2026,TPG,4350031,-27.58623,151.92322,,Y,,Y,,,,,,,,
2026,TPG,4350033,-27.58004,151.98773,,Y,,Y,,,,,,,,
2026,TPG,4350035,-27.5422,151.90614,,Y,,Y,,,,,,,,
2026,TPG,4350036,-27.56616,151.97169,,Y,Y,Y,Y,,,,,,,
2026,TPG,4350039,-27.59934,151.89076,,Y,Y,Y,,,,,,,,
2026,TPG,4350042,-27.50511,151.9567,,Y,Y,Y,Y,,,Y,,,,
2026,TPG,4350047,-27.561295,151.948755,,Y,Y,Y,Y,,,,,,,
2026,TPG,4350057,-27.55177,151.87789,,Y,Y,Y,Y,,,Y,,,,
2026,TPG,4352001,-27.55414,152.04015,,Y,Y,Y,Y,,,,,,,
2026,TPG,4352003,-27.44408,151.97141,,Y,Y,Y,Y,,,Y,,,,
2026,TPG,4352012,-27.63056,151.94168,,Y,Y,Y,,,,,,,,
2026,TPG,4358002,-27.67961,151.86868,,Y,Y,Y,,,,,,,,
2026,TPG,4380001,-27.56665,152.51979,,Y,Y,Y,Y,Y,,Y,,,,
2026,TPG,4387001,-28.55462,150.94983,,Y,,,,,,,,,,
2026,TPG,4390001,-28.50169,150.51388,,Y,,,,,,,,,,
2026,TPG,4400001,-27.46643,151.81895,,Y,Y,Y,Y,,,Y,,,,
2026,TPG,4401001,-27.4531,151.72036,,Y,Y,Y,Y,,,,,,,
2026,TPG,4402001,-26.99474,151.80846,,Y,,,,,,,,Y,Federal Mobile Black Spot Program (MBSP),1
2026,TPG,4500001,-27.31535,152.98388,,Y,Y,Y,Y,Y,,Y,,,,
2026,TPG,4500004,-27.28853,152.96927,,Y,Y,Y,Y,Y,,Y,,,,
2026,TPG,4500006,-27.30458,152.93617,,Y,Y,Y,Y,Y,,Y,,,,
2026,TPG,4500007,-27.31427,152.95784,,Y,Y,Y,Y,Y,,Y,,,,
2026,TPG,4500008,-27.306684,152.990014,,Y,Y,Y,,Y,,,,,,
2026,TPG,4500008,-27.30658,152.9913,,Y,Y,Y,,,,,,,,
2026,TPG,4500010,-27.30877,152.96679,,Y,Y,Y,Y,Y,,,,,,
2026,TPG,4500011,-27.29126,152.94528,,Y,Y,Y,Y,Y,,,,,,
2026,TPG,4500012,-27.26801,152.94793,,Y,Y,Y,Y,Y,,Y,,,,
2026,TPG,4500023,-27.32853,152.9154,,Y,Y,Y,Y,Y,,Y,,,,
2026,TPG,4501001,-27.28438,152.98912,,Y,Y,Y,Y,Y,,Y,,,,
2026,TPG,4502001,-27.26496,152.96811,,Y,Y,Y,Y,Y,,Y,,,,
2026,TPG,4502003,-27.24917,152.97013,,Y,Y,Y,Y,Y,,Y,,,,
2026,TPG,4502005,-27.27031,152.98018,,Y,Y,Y,Y,Y,,Y,,,,
2026,TPG,4503001,-27.25515,153.02115,,Y,Y,Y,Y,Y,,Y,,,,
2026,TPG,4503002,-27.24513,152.91981,,Y,Y,Y,Y,Y,,Y,,,,
2026,TPG,4503003,-27.23862,152.99396,,Y,Y,Y,Y,Y,,Y,,,,
2026,TPG,4503004,-27.26416,153.01018,,Y,Y,Y,Y,Y,,Y,,,,
2026,TPG,4503008,-27.25486,152.98108,,Y,Y,Y,Y,Y,,Y,,,,
2026,TPG,4503013,-27.27356,153.01818,,,,Y,,,,,,,,
2026,TPG,4503014,-27.25003,153.00005,,Y,Y,Y,Y,Y,,Y,,,,
2026,TPG,4503019,-27.22654,152.97082,,Y,Y,Y,Y,Y,,Y,,,,
2026,TPG,4504001,-27.20063,152.98652,,Y,Y,Y,Y,Y,,Y,,,,
2026,TPG,4504003,-27.19557,152.95077,,Y,Y,Y,Y,Y,,Y,,,,
2026,TPG,4504007,-27.18245,152.92852,,Y,Y,Y,Y,Y,,Y,,,,
2026,TPG,4505001,-27.14278,153.02093,,Y,Y,Y,Y,Y,,Y,,,,
2026,TPG,4505002,-27.13711,152.98003,,Y,Y,Y,Y,Y,,Y,,,,
2026,TPG,4505006,-27.18489,152.9837,,Y,Y,Y,Y,Y,,Y,,,,
2026,TPG,4505007,-27.16016,152.98007,,Y,Y,Y,Y,Y,,Y,,,,
2026,TPG,4505008,-27.15711,152.94776,,Y,Y,Y,Y,Y,,Y,,,,
2026,TPG,4505009,-27.12934,152.99654,,Y,Y,Y,,,,,,,,
2026,TPG,4505014,-27.17715,152.9555,,Y,Y,Y,Y,Y,,Y,,,,
2026,TPG,4506001,-27.10398,152.95143,,Y,Y,Y,Y,Y,,Y,,,,
2026,TPG,4506003,-27.12169,152.97777,,Y,Y,Y,,,,,,,,
2026,TPG,4506006,-27.12338,152.9601,,Y,Y,Y,Y,Y,,Y,,,,
2026,TPG,4506008,-27.103071,152.950524,,Y,Y,Y,Y,Y,,Y,,,,
2026,TPG,4506013,-27.14135,152.93062,,Y,Y,Y,Y,Y,,Y,,,,
2026,TPG,4506014,-27.10192,152.96691,,Y,Y,Y,Y,Y,,Y,,,,
2026,TPG,4507001,-27.06138,153.1548,,Y,Y,Y,Y,Y,,Y,,,,
2026,TPG,4507002,-27.06948,153.20313,,Y,Y,,,,,,,,,
2026,TPG,4507007,-27.03192,153.15064,,Y,Y,Y,Y,Y,,Y,,,,
2026,TPG,4507008,-27.07809,153.17649,,Y,Y,Y,Y,Y,,Y,,,,
2026,TPG,4508001,-27.1846,153.02786,,Y,Y,Y,Y,Y,,Y,,,,
2026,TPG,4508002,-27.18634,153.00519,,Y,Y,Y,Y,Y,,Y,,,,
2026,TPG,4508004,-27.19384,153.02832,,Y,Y,Y,Y,Y,,Y,,,,
2026,TPG,4508005,-27.17185,153.01599,,Y,Y,Y,,,,,,,,
2026,TPG,4509001,-27.24212,153.0174,,Y,Y,Y,Y,Y,,Y,,,,
2026,TPG,4509001,-27.24079,153.01693,,Y,Y,Y,Y,Y,,Y,,,,
2026,TPG,4509001,-27.24312,153.015228,,Y,Y,Y,Y,Y,,,,,,
2026,TPG,4509002,-27.23094,153.03221,,Y,Y,Y,Y,Y,,Y,,,,
2026,TPG,4509006,-27.24639,153.04337,,Y,Y,Y,Y,Y,,Y,,,,
2026,TPG,4509007,-27.22639,153.00129,,Y,Y,Y,Y,Y,,Y,,,,
2026,TPG,4510001,-27.08426,152.9464,,Y,Y,Y,Y,Y,,Y,,,,
2026,TPG,4510004,-27.12926,153.0525,,Y,Y,Y,Y,Y,,Y,,,,
2026,TPG,4510012,-27.08362,152.98652,,Y,Y,Y,Y,Y,,Y,,,,
2026,TPG,4510015,-27.07403,152.91772,,Y,Y,Y,Y,Y,,Y,,,,
2026,TPG,4510018,-27.08066,152.9633,,Y,Y,Y,,,,,,,,
2026,TPG,4510018,-27.08066,152.9633,,Y,Y,Y,Y,Y,,,,,,
2026,TPG,4510029,-27.04038,152.9807,,Y,Y,Y,Y,Y,,Y,,,,
2026,TPG,4510041,-27.05675,152.90295,,Y,Y,Y,Y,Y,,Y,,,,
2026,TPG,4511001,-27.07161,153.13492,,Y,Y,Y,Y,Y,,Y,,,,
2026,TPG,4511002,-27.07706,153.03947,,Y,Y,Y,Y,Y,,Y,,,,
2026,TPG,4511003,-27.06748,153.06077,,Y,Y,Y,,,,,,,,
2026,TPG,4511006,-27.06645,153.09867,,Y,Y,Y,Y,Y,,,,,,
2026,TPG,4512001,-27.04008,152.86733,,Y,Y,Y,Y,Y,,Y,,,,
2026,TPG,4517001,-26.9752,152.96599,,Y,Y,Y,Y,Y,,,,,,
2026,TPG,4517002,-26.9551,152.99149,,Y,Y,Y,Y,Y,,Y,,,,
2026,TPG,4517004,-26.9279,152.99596,,Y,Y,Y,,,,,,,,
2026,TPG,4519001,-26.87044,153.00827,,Y,Y,Y,Y,Y,,Y,,,,
2026,TPG,4519002,-26.87794,152.96109,,Y,Y,Y,Y,Y,,Y,,,,
2026,TPG,4519004,-26.86243,152.94211,,Y,Y,,,,,,,,,
2026,TPG,4520001,-27.31888,152.84872,,Y,Y,Y,Y,Y,,Y,,,,
2026,TPG,4520002,-27.37604,152.88792,,Y,Y,Y,Y,Y,,Y,,,,
2026,TPG,4520015,-27.37669,152.8373,,Y,Y,Y,Y,Y,,Y,,,,
2026,TPG,4521002,-27.20356,152.8458,,Y,Y,Y,Y,Y,,Y,,,,
2026,TPG,4521004,-27.13672,152.81496,,Y,Y,Y,,,,,,,,
2026,TPG,4521005,-27.19879,152.82038,,Y,Y,Y,,,,,,,,
2026,TPG,4550003,-26.80694,152.96888,,Y,,,,,,,,,,
2026,TPG,4551001,-26.7985,153.13942,,Y,Y,Y,Y,,,Y,,,,
2026,TPG,4551003,-26.7853,153.0961,,Y,Y,Y,Y,,,Y,,,,
2026,TPG,4551004,-26.76602,153.12156,,Y,Y,Y,Y,,,Y,,,,
2026,TPG,4551008,-26.80551,153.13235,,Y,Y,Y,Y,,,Y,,,,
2026,TPG,4551009,-26.77551,153.12458,,Y,Y,Y,Y,,,Y,,,,
2026,TPG,4551010,-26.82241,153.11417,,Y,Y,Y,Y,,,Y,,,,
2026,TPG,4551014,-26.83696,153.09142,,,,Y,,,,,,,,
2026,TPG,4551016,-26.79135,153.13379,,Y,Y,Y,Y,,,Y,,,,
2026,TPG,4551017,-26.79685,153.1191,,Y,Y,Y,Y,,,Y,,,,
2026,TPG,4551019,-26.78589,153.07042,,Y,Y,Y,,,,,,,,
2026,TPG,4551020,-26.76595,153.10076,,Y,Y,Y,Y,,,Y,,,,
2026,TPG,4551031,-26.81415,153.06961,,Y,Y,Y,Y,,,Y,,,,
2026,TPG,4552002,-26.77821,152.91251,,Y,Y,Y,Y,,,Y,,,,
2026,TPG,4553001,-26.79012,153.034,,Y,Y,Y,Y,,,Y,,,,
2026,TPG,4553003,-26.76962,152.97288,,Y,Y,Y,Y,,,Y,,,,
2026,TPG,4556002,-26.6853,153.08066,,Y,,Y,,,,,,,,
2026,TPG,4556003,-26.72332,153.02998,,Y,Y,Y,Y,,,Y,,,,
2026,TPG,4556004,-26.69412,153.03824,,Y,Y,Y,Y,,,Y,,,,
2026,TPG,4556005,-26.66653,153.03292,,Y,Y,Y,Y,,,Y,,,,
2026,TPG,4556009,-26.74872,153.04405,,Y,Y,Y,,,,,,,,
2026,TPG,4556016,-26.71815,153.06242,,Y,Y,Y,Y,,,Y,,,,
2026,TPG,4556023,-26.70354,153.06665,,Y,Y,Y,,,,,,,,
2026,TPG,4556032,-26.71673,153.04931,,Y,Y,Y,Y,,,Y,,,,
2026,TPG,4557001,-26.69225,153.11142,,Y,Y,Y,,,,,,,,
2026,TPG,4557003,-26.71558,153.1048,,Y,Y,Y,Y,,,Y,,,,
2026,TPG,4557004,-26.68241,153.12105,,Y,Y,Y,Y,,,Y,,,,
2026,TPG,4558002,-26.65389,153.06077,,Y,Y,Y,Y,,,Y,,,,
2026,TPG,4558003,-26.6518,153.09201,,Y,Y,Y,,,,,,,,
2026,TPG,4558004,-26.65479,153.08918,,Y,Y,Y,Y,,,Y,,,,
2026,TPG,4558007,-26.64746,153.08826,,Y,Y,Y,Y,,,Y,,,,
2026,TPG,4558012,-26.66231,153.10444,,Y,Y,Y,Y,,,Y,,,,
2026,TPG,4559001,-26.67848,153.00075,,Y,Y,Y,Y,,,Y,,,,
2026,TPG,4560001,-26.69256,152.89456,,Y,Y,Y,Y,,,Y,,,,
2026,TPG,4560002,-26.62447,152.86622,,Y,,Y,,,,,,,,
2026,TPG,4560003,-26.60537,152.98927,,Y,Y,Y,Y,,,Y,,,,
2026,TPG,4560005,-26.61044,153.02503,,Y,Y,Y,Y,,,Y,,,,
2026,TPG,4560006,-26.6388,152.96438,,Y,Y,Y,Y,,,Y,,,,
2026,TPG,4560007,-26.62201,152.95235,,Y,Y,Y,Y,,,Y,,,,
2026,TPG,4560009,-26.62771,153.06933,,Y,Y,Y,,,,,,,,
2026,TPG,4560012,-26.61795,152.93067,,Y,Y,Y,,,,,,,,
2026,TPG,4561002,-26.55353,152.95605,,Y,,Y,,,,,,,,
2026,TPG,4562001,-26.46906,153.04735,,Y,Y,Y,,,,,,,,
2026,TPG,4562002,-26.47729,152.94193,,Y,Y,Y,Y,,,Y,,,,
2026,TPG,4562004,-26.45632,152.97942,,Y,Y,Y,Y,,,Y,,,,
2026,TPG,4563002,-26.42312,152.85405,,Y,Y,Y,Y,,,Y,,,,
2026,TPG,4563012,-26.41232,152.90562,,Y,Y,Y,Y,,,Y,,,,
2026,TPG,4564001,-26.60653,153.08647,,Y,Y,Y,Y,,,Y,,,,
2026,TPG,4564002,-26.63435,153.09422,,Y,,Y,,,,,,,,
2026,TPG,4564005,-26.60893,153.08366,,Y,Y,Y,Y,,,Y,,,,
2026,TPG,4565001,-26.3922,153.0176,,Y,Y,Y,Y,,,Y,,,,
2026,TPG,4565003,-26.41667,153.00224,,Y,Y,Y,,,,,,,,
2026,TPG,4565004,-26.3921,153.03878,,Y,Y,Y,,,,,,,,
2026,TPG,4565005,-26.37798,153.03266,,Y,Y,Y,Y,,,Y,,,,
2026,TPG,4566001,-26.41299,153.0417,,Y,Y,Y,Y,,,Y,,,,
2026,TPG,4566003,-26.40094,153.06316,,Y,Y,Y,Y,,,Y,,,,
2026,TPG,4567002,-26.38712,153.08845,,Y,,,,,,,,,,
2026,TPG,4567002,-26.38712,153.08845,,,,Y,,,,,,,,
2026,TPG,4567003,-26.39522,153.09445,,Y,Y,Y,Y,,,Y,,,,
2026,TPG,4567005,-26.42841,153.10642,,Y,,Y,,,,,,,,
2026,TPG,4567006,-26.40568,153.10974,,Y,,Y,,,,,,,,
2026,TPG,4567008,-26.41039,153.08545,,Y,Y,Y,Y,,,Y,,,,
2026,TPG,4569001,-26.31644,152.82949,,Y,Y,Y,Y,,,Y,,,,
2026,TPG,4572001,-26.67263,153.10009,,Y,Y,Y,Y,,,Y,,,,
2026,TPG,4573001,-26.47002,153.09562,,Y,Y,Y,Y,,,Y,,,,
2026,TPG,4573002,-26.57357,153.08613,,Y,Y,Y,Y,,,Y,,,,
2026,TPG,4573003,-26.51704,153.08684,,Y,Y,Y,Y,,,Y,,,,
2026,TPG,4573004,-26.54697,153.0988,,Y,Y,Y,Y,,,Y,,,,
2026,TPG,4573006,-26.52698,153.07139,,Y,Y,Y,Y,,,Y,,,,
2026,TPG,4573007,-26.50331,153.07035,,Y,Y,Y,Y,,,Y,,,,
2026,TPG,4573009,-26.56553,153.0709,,Y,Y,Y,Y,,,Y,,,,
2026,TPG,4573013,-26.5386,153.0792,,Y,Y,Y,Y,,,Y,,,,
2026,TPG,4575001,-26.70082,153.12911,,Y,,Y,,,,,,,,
2026,TPG,4575006,-26.72826,153.12504,,Y,Y,Y,Y,,,Y,,,,
2026,TPG,4575007,-26.70332,153.13094,,Y,Y,Y,Y,,,Y,,,,
2026,TPG,4575008,-26.74431,153.114569,,Y,Y,,,,Y,,,,,
2026,TPG,4575010,-26.74559,153.12642,,Y,Y,Y,Y,,,Y,,,,
2026,TPG,4575013,-26.747699,153.111945,,,Y,Y,Y,,,,,,,
2026,TPG,4580002,-25.95127,152.98039,,Y,,,,,,,,,,
2026,TPG,4581002,-25.91063,153.09568,,Y,Y,Y,Y,,,Y,,,,
2026,TPG,4610014,-26.68836,151.64837,,Y,,,,,,,,Y,Federal Mobile Black Spot Program (MBSP),1
2026,TPG,4610016,-26.72344,151.53223,,Y,,,,,,,,Y,Federal Mobile Black Spot Program (MBSP),1
2026,TPG,4700001,-23.33734,150.57699,,Y,Y,Y,Y,,,Y,,,,
2026,TPG,4700002,-23.37392,150.50962,,Y,Y,Y,Y,,,Y,,,,
2026,TPG,4700011,-23.37969,150.49461,,Y,Y,Y,Y,,,Y,,,,
2026,TPG,4700015,-23.37405,150.53325,,Y,,Y,,,,,,,,
2026,TPG,4700018,-23.40456,150.506,,Y,Y,Y,Y,,,Y,,,,
2026,TPG,4701001,-23.34662,150.55088,,Y,Y,Y,Y,,,Y,,,,
2026,TPG,4701004,-23.32019,150.51491,,Y,Y,Y,Y,,,Y,,,,
2026,TPG,4701008,-23.353698,150.522945,,Y,Y,Y,Y,,,,,,,
2026,TPG,4701008,-23.35506,150.52315,,Y,Y,Y,Y,,,Y,,,,
2026,TPG,4701011,-23.34639,150.50819,,Y,Y,Y,Y,,,Y,,,,
2026,TPG,4702018,-23.28511,150.53135,,Y,,,,,,,,,,
2026,TPG,4702020,-23.41864,150.4449,,Y,,Y,,,,,,,,
2026,TPG,4702109,-23.64719,149.3357,,Y,,,,,,,,Y,Federal Mobile Black Spot Program (MBSP),1
2026,TPG,4703001,-23.11771,150.74401,,Y,Y,Y,Y,,,,,,,
2026,TPG,4703010,-23.12885,150.74875,,Y,,,,,,,,,,
2026,TPG,4710002,-23.24342,150.81658,,Y,,,,,,,,,,
2026,TPG,4720014,-23.51693,147.97406,,Y,,,,,,,,Y,Federal Mobile Black Spot Program (MBSP),1
2026,TPG,4737001,-21.42202,149.21621,,Y,Y,Y,Y,,,Y,,,,
2026,TPG,4737002,-21.39386,149.2377,,Y,Y,Y,Y,,,Y,,,,
2026,TPG,4737005,-21.4434,149.2782,,Y,Y,Y,Y,,,Y,,,,
2026,TPG,4740003,-21.05519,149.1739,,Y,Y,Y,Y,,,,,,,
2026,TPG,4740004,-21.11658,149.17009,,Y,Y,Y,Y,,,Y,,,,
2026,TPG,4740005,-21.03232,148.94355,,Y,Y,Y,Y,,,Y,,,,
2026,TPG,4740006,-21.14027,149.18116,,Y,,,,,,,,,,
2026,TPG,4740011,-21.08934,149.17951,,Y,,Y,,,,,,,,
2026,TPG,4740012,-21.16008,149.18714,,Y,,Y,,,,,,,,
2026,TPG,4740024,-21.17618,149.1662,,Y,,Y,,,,,,,,
2026,TPG,4740027,-21.08942,149.2153,,Y,,,,,,,,,,
2026,TPG,4740028,-21.14506,149.15811,,Y,,Y,,,,,,,,
2026,TPG,4740029,-21.14206,149.1849,,Y,,Y,,,,,,,,
2026,TPG,4740043,-21.12185,149.15474,,Y,Y,Y,,,,,,,,
2026,TPG,4740059,-21.139212,149.178534,,Y,Y,Y,Y,,,,,,,
2026,TPG,4740062,-21.15725,149.16966,,Y,Y,Y,Y,,,Y,,,,
2026,TPG,4740076,-21.11707,149.2151,,Y,Y,Y,Y,,,,,,,
2026,TPG,4740080,-21.1051,149.18692,,Y,Y,Y,Y,,,,,,,
2026,TPG,4750004,-21.03495,149.15299,,Y,Y,Y,Y,,,Y,,,,
2026,TPG,4751002,-21.17549,149.06294,,Y,,,,,,,,,,
2026,TPG,4810002,-19.25702,146.82416,,Y,Y,Y,Y,,,Y,,,,
2026,TPG,4810003,-19.25849,146.80239,,Y,Y,Y,Y,,,Y,,,,
2026,TPG,4810004,-19.24972,146.79972,,Y,Y,Y,Y,,,Y,,,,
2026,TPG,4810006,-19.2803,146.82549,,Y,,,,,,,,,,
2026,TPG,4810010,-19.25818,146.81619,,Y,Y,,,,,,,,,
2026,TPG,4810019,-19.27147,146.80929,,Y,Y,,,,,,,,,
2026,TPG,4810023,-19.24781,146.81233,,Y,,,,,,,,,,
2026,TPG,4811004,-19.35538,146.854,,Y,Y,,,,,,,,,
2026,TPG,4811006,-19.33163,146.81571,,Y,Y,Y,Y,,,Y,,,,
2026,TPG,4812002,-19.28367,146.77839,,Y,Y,Y,Y,,,Y,,,,
2026,TPG,4812003,-19.27155,146.79235,,Y,Y,Y,Y,,,,,,,
2026,TPG,4812005,-19.27302,146.80097,,Y,Y,Y,Y,,,Y,,,,
2026,TPG,4812006,-19.29071,146.79528,,Y,Y,,,,,,,,,
2026,TPG,4813002,-19.34215,146.78185,,Y,Y,Y,Y,,,Y,,,,
2026,TPG,4814004,-19.29775,146.76694,,Y,Y,Y,Y,,,Y,,,,
2026,TPG,4814005,-19.27901,146.74283,,Y,Y,Y,Y,,,,,,,
2026,TPG,4814007,-19.299231,146.763171,,Y,Y,Y,Y,,,,,,,
2026,TPG,4814008,-19.39374,146.74192,,Y,Y,,,,,,,,,
2026,TPG,4814009,-19.32551,146.79409,,Y,Y,Y,Y,,,Y,,,,
2026,TPG,4814015,-19.32506,146.74561,,Y,Y,Y,Y,,,Y,,,,
2026,TPG,4814016,-19.26872,146.77842,,Y,Y,,,,,,,,,
2026,TPG,4814017,-19.30811,146.80286,,Y,Y,,,,,,,,,
2026,TPG,4814019,-19.27116,146.75217,,Y,Y,Y,Y,,,Y,,,,
2026,TPG,4815001,-19.32005,146.71795,,Y,Y,,,,,,,,,
2026,TPG,4815002,-19.36359,146.71958,,Y,Y,Y,Y,,,Y,,,,
2026,TPG,4817004,-19.30577,146.73914,,Y,Y,Y,Y,,,Y,,,,
2026,TPG,4817007,-19.32847,146.60414,,Y,Y,,,,,,,,,
2026,TPG,4817011,-19.29274,146.7229,,Y,Y,,,,,,,,,
2026,TPG,4817015,-19.32083,146.69797,,Y,Y,,,,,,,,,
2026,TPG,4818001,-19.19709,146.59754,,Y,Y,Y,Y,,,Y,,,,
2026,TPG,4818002,-19.20524,146.66894,,Y,Y,Y,Y,,,Y,,,,
2026,TPG,4818010,-19.25221,146.65783,,Y,,,,,,,,,,
2026,TPG,4818017,-19.25778,146.73269,,Y,,,,,,,,,,
2026,TPG,4818027,-19.23497,146.70137,,Y,Y,Y,Y,,,Y,,,,
2026,TPG,4819005,-19.1763,146.83425,,Y,,,,,,,,,,
2026,TPG,4865004,-17.0895,145.79696,,Y,Y,Y,Y,,,Y,,,,
2026,TPG,4868001,-16.95366,145.73474,,Y,Y,Y,Y,,,Y,,,,
2026,TPG,4868003,-16.97655,145.75627,,Y,Y,Y,,,,,,,,
2026,TPG,4868006,-16.98835,145.74072,,Y,Y,Y,Y,,,Y,,,,
2026,TPG,4869001,-17.00172,145.72486,,Y,Y,Y,Y,,,Y,,,,
2026,TPG,4869003,-17.01612,145.72824,,Y,Y,Y,Y,,,Y,,,,
2026,TPG,4870001,-16.92407,145.77872,,Y,Y,Y,Y,,,,,,,
2026,TPG,4870001,-16.92417,145.77878,,Y,Y,Y,Y,,,,,,,
2026,TPG,4870002,-16.86909,145.73809,,Y,Y,Y,Y,,,Y,,,,
2026,TPG,4870004,-16.91527,145.68986,,Y,,Y,,,,,,,,
2026,TPG,4870009,-16.944088,145.740267,,Y,Y,Y,Y,,,,,,,
2026,TPG,4870010,-16.89921,145.74303,,Y,Y,Y,Y,,,Y,,,,
2026,TPG,4870015,-16.90693,145.7239,,Y,Y,Y,Y,,,Y,,,,
2026,TPG,4870017,-16.90957,145.76569,,Y,Y,Y,,,,,,,,
2026,TPG,4870019,-16.91422,145.77004,,Y,Y,Y,Y,,,Y,,,,
2026,TPG,4870026,-16.87428,145.69481,,Y,Y,Y,,,,,,,,
2026,TPG,4870027,-16.94389,145.77144,,Y,Y,Y,,,,,,,,
2026,TPG,4870028,-16.92679,145.72155,,Y,,,,,,,,,,
2026,TPG,4870030,-16.92708,145.75089,,Y,Y,Y,Y,,,Y,,,,
2026,TPG,4870033,-16.92992,145.76564,,Y,Y,Y,Y,,,Y,,,,
2026,TPG,4870035,-16.873362,145.755303,,Y,Y,Y,Y,,,,,,,
2026,TPG,4870036,-16.87507,145.72321,,Y,Y,Y,,,,,,,,
2026,TPG,4870037,-16.94114,145.74319,,Y,Y,Y,,,,,,,,
2026,TPG,4870042,-16.925347,145.771816,,Y,Y,Y,Y,,,Y,,,,
2026,TPG,4871005,-16.81813,145.66272,,Y,Y,Y,Y,,,Y,,,,
2026,TPG,4878001,-16.80603,145.71663,,Y,Y,Y,,,,,,,,
2026,TPG,4878002,-16.82769,145.68174,,Y,Y,Y,Y,,,Y,,,,
2026,TPG,4878004,-16.82886,145.70774,,Y,Y,Y,Y,,,Y,,,,
2026,TPG,4878005,-16.838149,145.691911,,Y,Y,Y,Y,,,,,,,
2026,TPG,4879001,-16.73695,145.66175,,Y,Y,Y,Y,,,Y,,,,
2026,TPG,4879002,-16.7832,145.69803,,Y,Y,,,,,,,,,
2026,TPG,4879003,-16.80046,145.68816,,Y,Y,Y,Y,,,Y,,,,
2026,TPG,4881002,-16.82117,145.6242,,Y,Y,Y,,,,,,,,
2026,TPG,5000003,-34.92348,138.59194,,Y,Y,Y,Y,Y,,Y,,,,
2026,TPG,5000005,-34.922391,138.60088,,Y,Y,Y,Y,Y,,,,,,
2026,TPG,5000006,-34.92838,138.59886,,Y,Y,Y,Y,Y,,Y,,,,
2026,TPG,5000008,-34.93501,138.60435,,Y,Y,Y,Y,Y,,Y,,,,
2026,TPG,5000009,-34.92369,138.59697,,Y,Y,Y,Y,Y,,Y,,,,
2026,TPG,5000010,-34.92651,138.60786,,Y,Y,Y,Y,Y,,Y,,,,
2026,TPG,5000011,-34.92298,138.60183,,Y,Y,Y,Y,Y,,,,,,
2026,TPG,5000012,-34.920895,138.596764,,Y,Y,Y,Y,Y,,,,,,
2026,TPG,5000019,-34.92291,138.60619,,Y,Y,Y,Y,Y,,Y,,,,
2026,TPG,5000027,-34.922355,138.600764,,Y,Y,Y,Y,Y,,Y,,,,
2026,TPG,5000027,-34.92162,138.60313,,Y,Y,Y,Y,Y,,Y,,,,
2026,TPG,5000029,-34.92405,138.60001,,Y,Y,Y,Y,Y,,Y,,,,
2026,TPG,5000030,-34.93236,138.5997,,Y,Y,Y,Y,Y,,Y,,,,
2026,TPG,5000031,-34.92724,138.59411,,Y,Y,Y,,,,,,,,
2026,TPG,5000032,-34.92135,138.59618,,Y,Y,Y,Y,Y,,Y,,,,
2026,TPG,5000033,-34.92014,138.60577,,Y,Y,Y,,,,,,,,
2026,TPG,5000034,-34.93566,138.59183,,Y,Y,Y,,,,,,,,
2026,TPG,5000037,-34.92776,138.59888,,Y,Y,Y,Y,Y,,Y,,,,
2026,TPG,5000039,-34.92477,138.60862,,Y,Y,Y,Y,Y,,Y,,,,
2026,TPG,5000042,-34.92509,138.61081,,Y,Y,Y,Y,Y,,Y,,,,
2026,TPG,5000047,-34.92627,138.60603,,Y,Y,Y,Y,Y,,Y,,,,
2026,TPG,5000050,-34.92716,138.60388,,Y,Y,Y,Y,Y,,Y,,,,
2026,TPG,5000053,-34.92979,138.61392,,,Y,Y,,,,,,,,
2026,TPG,5000055,-34.93128,138.5985,,Y,Y,Y,Y,Y,,Y,,,,
2026,TPG,5000057,-34.92328,138.60494,,Y,Y,Y,Y,Y,,Y,,,,
2026,TPG,5000061,-34.92551,138.60221,,Y,Y,Y,Y,Y,,Y,,,,
2026,TPG,5000071,-34.93374,138.61488,,Y,Y,Y,Y,Y,,Y,,,,
2026,TPG,5000073,-34.92575,138.59687,,Y,Y,Y,Y,Y,,Y,,,,
2026,TPG,5000074,-34.93555,138.59763,,Y,Y,Y,Y,Y,,Y,,,,
2026,TPG,5000090,-34.923365,138.6027,,Y,Y,Y,Y,Y,,Y,,,,
2026,TPG,5000090,-34.924,138.60332,,Y,Y,Y,Y,Y,,,,,,
2026,TPG,5000091,-34.92069,138.58602,,Y,Y,Y,Y,Y,,,,,,
2026,TPG,5000092,-34.92888,138.59092,,Y,Y,Y,Y,Y,,Y,,,,
2026,TPG,5000097,-34.921421,138.5953,,Y,Y,Y,,,,,,,,
2026,TPG,5000101,-34.92161,138.61472,,Y,Y,Y,Y,Y,,,,,,
2026,TPG,5000211,-34.92044,138.59809,,Y,Y,Y,Y,Y,,,,,,
2026,TPG,5000212,-34.92286,138.5889,,Y,Y,Y,Y,Y,,Y,,,,
2026,TPG,5006001,-34.91471,138.59555,,Y,Y,Y,Y,Y,,,,,,
2026,TPG,5006003,-34.90582,138.60999,,Y,Y,Y,,,,,,,,
2026,TPG,5006005,-34.90519,138.59716,,Y,Y,Y,,,,,,,,
2026,TPG,5006006,-34.90925,138.59635,,Y,Y,Y,,,,,,,,
2026,TPG,5006009,-34.91113,138.58436,,Y,Y,Y,Y,Y,,Y,,,,
2026,TPG,5006010,-34.911216,138.600514,,Y,Y,Y,Y,Y,,,,,,
2026,TPG,5007005,-34.89459,138.5783,,Y,Y,Y,Y,Y,,Y,,,,
2026,TPG,5007007,-34.90086,138.5676,,Y,Y,Y,Y,Y,,Y,,,,
2026,TPG,5007012,-34.908,138.56986,,Y,Y,Y,Y,Y,,Y,,,,
2026,TPG,5008001,-34.88133,138.58083,,Y,Y,Y,Y,Y,,Y,,,,
2026,TPG,5008002,-34.87841,138.56464,,Y,Y,Y,Y,Y,,Y,,,,
2026,TPG,5008004,-34.88953,138.57059,,Y,Y,Y,Y,Y,,Y,,,,
2026,TPG,5008008,-34.8932,138.55514,,Y,Y,Y,Y,Y,,Y,,,,
2026,TPG,5009001,-34.88888,138.5462,,Y,Y,Y,Y,Y,,Y,,,,
2026,TPG,5009003,-34.89616,138.54552,,Y,Y,Y,Y,Y,,Y,,,,
2026,TPG,5009004,-34.87304,138.55336,,Y,Y,Y,Y,Y,,Y,,,,
2026,TPG,5009006,-34.90209,138.54876,,Y,Y,Y,Y,Y,,Y,,,,
2026,TPG,5009009,-34.874243,138.549815,,Y,Y,Y,Y,Y,,,,,,
2026,TPG,5010001,-34.85376,138.57292,,Y,Y,Y,Y,Y,,Y,,,,
2026,TPG,5010002,-34.8624,138.5718,,Y,Y,Y,Y,Y,,Y,,,,
2026,TPG,5010011,-34.85746,138.56683,,Y,Y,Y,Y,Y,,,,,,
2026,TPG,5011001,-34.87502,138.52507,,Y,Y,Y,Y,Y,,Y,,,,
2026,TPG,5011002,-34.88337,138.533512,,Y,Y,Y,,Y,,,,,,
2026,TPG,5011002,-34.8839,138.53347,,Y,Y,Y,Y,Y,,Y,,,,
2026,TPG,5011004,-34.86461,138.53063,,Y,Y,Y,Y,Y,,Y,Y,,,
2026,TPG,5012001,-34.86908,138.53919,,Y,Y,Y,Y,Y,,Y,,,,
2026,TPG,5013001,-34.84569,138.52167,,Y,Y,Y,Y,Y,,Y,,,,
2026,TPG,5013002,-34.82727,138.51978,,Y,Y,Y,Y,Y,,Y,,,,
2026,TPG,5013003,-34.84799,138.54453,,Y,Y,Y,Y,Y,,Y,,,,
2026,TPG,5013006,-34.84087,138.57343,,Y,Y,Y,,,,,,,,
2026,TPG,5013010,-34.84797,138.55201,,Y,Y,Y,Y,Y,,Y,,,,
2026,TPG,5014001,-34.87934,138.51835,,Y,Y,Y,Y,Y,,Y,,,,
2026,TPG,5014002,-34.85307,138.51381,,Y,Y,Y,Y,Y,,Y,,,,
2026,TPG,5014003,-34.86281,138.51448,,Y,Y,Y,,,,,,,,
2026,TPG,5014006,-34.86636,138.50456,,Y,Y,Y,Y,Y,,Y,,,,
2026,TPG,5015002,-34.84648,138.48754,,Y,Y,Y,Y,Y,,Y,,,,
2026,TPG,5015004,-34.84816,138.51014,,Y,Y,Y,Y,Y,,Y,,,,
2026,TPG,5016003,-34.82434,138.50479,,Y,Y,Y,Y,Y,,Y,,,,
2026,TPG,5016007,-34.83277,138.50101,,Y,Y,Y,Y,Y,,Y,,,,
2026,TPG,5017001,-34.79704,138.49629,,Y,Y,Y,Y,Y,,Y,,,,
2026,TPG,5017003,-34.80939,138.49607,,Y,Y,Y,,,,,,,,
2026,TPG,5018001,-34.77963,138.48509,,Y,Y,Y,Y,Y,,Y,,,,
2026,TPG,5018003,-34.78865,138.50429,,Y,Y,Y,Y,Y,,Y,,,,
2026,TPG,5019001,-34.83881,138.48118,,Y,Y,Y,Y,Y,,Y,,,,
2026,TPG,5021003,-34.880568,138.491515,,Y,Y,Y,Y,Y,,,,,,
2026,TPG,5021003,-34.87861,138.49155,,Y,Y,Y,Y,Y,,Y,,,,
2026,TPG,5022002,-34.9032,138.49064,,Y,Y,Y,Y,Y,,Y,,,,
2026,TPG,5022005,-34.9194,138.49437,,Y,Y,Y,Y,Y,,Y,,,,
2026,TPG,5023003,-34.89195,138.51311,,Y,Y,Y,Y,Y,,Y,,,,
2026,TPG,5023004,-34.89462,138.53078,,Y,Y,Y,Y,Y,,Y,,,,
2026,TPG,5024001,-34.9076,138.50577,,Y,Y,Y,Y,Y,,Y,,,,
2026,TPG,5024004,-34.93806,138.49954,,Y,Y,Y,Y,Y,,Y,,,,
2026,TPG,5024005,-34.91335,138.51451,,Y,Y,Y,Y,Y,,Y,,,,
2026,TPG,5024006,-34.92769,138.5182,,Y,Y,Y,Y,Y,,Y,,,,
2026,TPG,5024007,-34.94839,138.50814,,Y,Y,Y,Y,Y,,Y,,,,
2026,TPG,5024011,-34.94493,138.51684,,Y,Y,Y,Y,Y,,Y,,,,
2026,TPG,5025001,-34.9068,138.53011,,Y,Y,Y,Y,Y,,Y,,,,
2026,TPG,5031001,-34.91053,138.57274,,Y,Y,Y,Y,Y,,Y,,,,
2026,TPG,5031002,-34.92423,138.56774,,Y,Y,Y,Y,Y,,Y,,,,
2026,TPG,5031004,-34.91964,138.57812,,Y,Y,Y,Y,Y,,Y,,,,
2026,TPG,5031009,-34.93578,138.57232,,Y,Y,Y,Y,Y,,Y,,,,
2026,TPG,5031014,-34.93052,138.57826,,Y,Y,Y,Y,Y,,Y,,,,
2026,TPG,5031015,-34.91494,138.57688,,Y,Y,,,,,,,,,
2026,TPG,5031017,-34.91675,138.55505,,Y,Y,Y,Y,Y,,Y,,,,
2026,TPG,5032004,-34.92502,138.55001,,Y,Y,Y,Y,Y,,Y,,,,
2026,TPG,5032005,-34.92719,138.53569,,Y,Y,Y,Y,Y,,Y,,,,
2026,TPG,5033001,-34.94354,138.5641,,Y,Y,Y,Y,Y,,Y,,,,
2026,TPG,5033002,-34.93182,138.56207,,Y,Y,Y,,,,,,,,
2026,TPG,5034005,-34.94757,138.58769,,Y,Y,Y,Y,Y,,Y,,,,
2026,TPG,5034006,-34.95964,138.59045,,Y,Y,Y,Y,Y,,,,,,
2026,TPG,5034013,-34.94192,138.59524,,Y,Y,Y,Y,Y,,Y,,,,
2026,TPG,5035001,-34.94246,138.58198,,Y,Y,Y,Y,Y,,Y,,,,
2026,TPG,5035002,-34.95245,138.57214,,Y,Y,Y,,,,,,,,
2026,TPG,5037002,-34.96024,138.54049,,Y,Y,Y,Y,Y,,Y,,,,
2026,TPG,5037004,-34.94354,138.5525,,Y,Y,Y,Y,Y,,Y,,,,
2026,TPG,5037006,-34.94743,138.55109,,Y,Y,Y,Y,Y,,Y,,,,
2026,TPG,5037009,-34.95903,138.5719,,Y,Y,Y,,,,,,,,
2026,TPG,5038001,-34.97776,138.55542,,Y,Y,Y,Y,Y,,Y,,,,
2026,TPG,5038002,-34.95853,138.5618,,Y,Y,Y,,,,,,,,
2026,TPG,5038004,-34.96812,138.55356,,Y,Y,Y,Y,Y,,Y,,,,
2026,TPG,5039002,-34.98475,138.57144,,Y,Y,Y,Y,Y,,Y,,,,
2026,TPG,5039003,-34.97382,138.57203,,Y,Y,Y,Y,Y,,Y,,,,
2026,TPG,5039004,-34.96771,138.5726,,Y,Y,Y,Y,Y,,Y,,,,
2026,TPG,5040001,-34.9647,138.52504,,Y,Y,Y,Y,Y,,Y,,,,
2026,TPG,5041003,-34.97931,138.59093,,Y,Y,Y,Y,Y,,Y,,,,
2026,TPG,5041008,-34.96659,138.59029,,Y,Y,Y,Y,Y,,Y,,,,
2026,TPG,5042001,-35.02527,138.57242,,Y,Y,Y,Y,Y,,Y,,,,
2026,TPG,5042002,-35.00421,138.57381,,Y,Y,Y,Y,Y,,Y,,,,
2026,TPG,5042003,-35.00064,138.59026,,Y,Y,Y,Y,Y,,Y,,,,
2026,TPG,5042004,-35.01061,138.58069,,Y,Y,Y,Y,Y,,Y,,,,
2026,TPG,5042009,-35.02142,138.569244,,Y,Y,Y,Y,Y,,,,,,
2026,TPG,5042010,-35.01706,138.57619,,Y,Y,Y,Y,Y,,Y,,,,
2026,TPG,5042011,-34.99363,138.57574,,Y,Y,Y,Y,Y,,Y,,,,
2026,TPG,5043001,-34.97555,138.53975,,Y,Y,Y,Y,Y,,Y,,,,
2026,TPG,5043002,-34.99459,138.55626,,Y,Y,Y,Y,Y,,Y,,,,
2026,TPG,5043006,-34.98574,138.53931,,Y,Y,Y,Y,Y,,,,,,
2026,TPG,5044002,-35.00082,138.52313,,,Y,Y,,,,,,,,
2026,TPG,5044004,-34.99835,138.52657,,Y,Y,Y,Y,Y,,Y,,,,
2026,TPG,5045001,-34.98097,138.51153,,Y,Y,Y,Y,Y,,Y,,,,
2026,TPG,5045002,-34.97694,138.51389,,Y,Y,Y,Y,Y,,Y,,,,
2026,TPG,5045011,-34.98298,138.52124,,Y,Y,Y,Y,Y,,Y,,,,
2026,TPG,5046001,-34.99906,138.54062,,Y,Y,Y,Y,Y,,Y,,,,
2026,TPG,5046002,-35.01577,138.54632,,Y,Y,Y,Y,Y,,,,,,
2026,TPG,5046002,-35.01577,138.54639,,Y,Y,Y,Y,Y,,Y,,,,
2026,TPG,5047001,-35.0389,138.55739,,Y,Y,Y,,,,,,,,
2026,TPG,5047003,-35.02697,138.55873,,Y,Y,Y,Y,Y,,Y,,,,
2026,TPG,5048002,-35.02298,138.52371,,Y,Y,Y,Y,Y,,Y,,,,
2026,TPG,5048003,-35.01745,138.51484,,Y,Y,Y,,,,,,,,
2026,TPG,5048008,-35.0089,138.52271,,Y,Y,Y,Y,Y,,Y,,,,
2026,TPG,5049001,-35.05365,138.51177,,Y,Y,,,,,,,,,
2026,TPG,5049002,-35.03014,138.54174,,Y,Y,Y,Y,Y,,Y,,,,
2026,TPG,5049004,-35.04394,138.53068,,Y,Y,Y,Y,Y,,Y,,,,
2026,TPG,5050001,-35.02922,138.59839,,Y,Y,Y,Y,Y,,Y,,,,
2026,TPG,5051001,-35.02029,138.61425,,Y,Y,Y,Y,Y,,Y,,,,
2026,TPG,5051002,-35.03106,138.63797,,Y,Y,Y,Y,Y,,Y,,,,
2026,TPG,5051005,-35.06083,138.62112,,Y,Y,Y,Y,Y,,Y,,,,
2026,TPG,5051006,-35.03011,138.61927,,Y,Y,Y,Y,Y,,Y,,,,
2026,TPG,5052001,-35.01222,138.6227,,Y,Y,Y,Y,Y,,Y,,,,
2026,TPG,5052002,-34.99895,138.62236,,Y,Y,Y,,,,,,,,
2026,TPG,5061001,-34.94761,138.60374,,Y,Y,Y,Y,Y,,Y,,,,
2026,TPG,5061003,-34.95539,138.6003,,Y,Y,Y,Y,Y,,Y,,,,
2026,TPG,5061004,-34.94138,138.60643,,Y,Y,Y,,,,,,,,
2026,TPG,5061005,-34.95347,138.60784,,Y,Y,,,,,,,,,
2026,TPG,5062001,-34.98037,138.60083,,Y,Y,Y,Y,Y,,,,,,
2026,TPG,5062002,-34.96764,138.60905,,Y,Y,,,,,,,,,
2026,TPG,5062004,-34.97517,138.6103,,Y,Y,Y,Y,Y,,Y,,,,
2026,TPG,5062006,-34.98991,138.60908,,Y,Y,,,,,,,,,
2026,TPG,5063001,-34.94071,138.6233,,Y,Y,Y,Y,Y,,Y,,,,
2026,TPG,5063002,-34.95813,138.62053,,Y,Y,Y,,,,,,,,
2026,TPG,5063004,-34.95531,138.63684,,Y,Y,,,,,,,,,
2026,TPG,5063006,-34.94703,138.62559,,Y,Y,Y,Y,Y,,Y,,,,
2026,TPG,5063008,-34.9413,138.61138,,Y,Y,Y,Y,Y,,Y,,,,
2026,TPG,5064001,-34.96531,138.67233,,Y,Y,Y,Y,Y,,Y,,,,
2026,TPG,5064002,-34.96063,138.64228,,Y,Y,Y,Y,Y,,Y,,,,
2026,TPG,5064003,-34.97077,138.63924,,Y,Y,Y,,,,,,,,
2026,TPG,5064004,-34.94944,138.64245,,Y,Y,Y,Y,Y,,Y,,,,
2026,TPG,5065001,-34.94026,138.63349,,Y,Y,Y,Y,Y,,Y,,,,
2026,TPG,5065003,-34.93886,138.64172,,Y,Y,Y,Y,Y,,Y,,,,
2026,TPG,5066002,-34.93972,138.66083,,Y,Y,,,,,,,,,
2026,TPG,5066003,-34.93656,138.66911,,Y,Y,Y,Y,Y,,,,,,
2026,TPG,5066004,-34.94857,138.66021,,Y,Y,Y,Y,Y,,Y,,,,
2026,TPG,5066005,-34.92485,138.67636,,Y,Y,Y,Y,Y,,,,,,
2026,TPG,5067001,-34.92161,138.64035,,Y,Y,Y,Y,Y,,Y,,,,
2026,TPG,5067002,-34.93254,138.62451,,Y,Y,Y,Y,Y,,Y,,,,
2026,TPG,5067003,-34.92604,138.62386,,Y,Y,Y,,,,,,,,
2026,TPG,5067006,-34.91624,138.62346,,Y,Y,Y,Y,Y,,Y,,,,
2026,TPG,5067010,-34.92034,138.63108,,Y,Y,Y,,,,,,,,
2026,TPG,5067011,-34.922093,138.635645,,Y,Y,Y,Y,Y,,,,,,
2026,TPG,5068001,-34.91366,138.65791,,Y,Y,Y,,,,,,,,
2026,TPG,5068002,-34.92658,138.65091,,Y,Y,Y,Y,Y,,Y,,,,
2026,TPG,5069001,-34.91132,138.627,,Y,Y,Y,Y,Y,,Y,,,,
2026,TPG,5069004,-34.9191,138.6156,,Y,Y,Y,Y,Y,,Y,,,,
2026,TPG,5069005,-34.90587,138.63137,,,,Y,,,,,,,,
2026,TPG,5069006,-34.90844,138.63987,,,Y,Y,,,,,,,,
2026,TPG,5070001,-34.89558,138.65399,,Y,Y,Y,Y,Y,,Y,,,,
2026,TPG,5070002,-34.89543,138.63851,,Y,Y,Y,,,,,,,,
2026,TPG,5070004,-34.90461,138.65725,,Y,Y,Y,Y,Y,,Y,,,,
2026,TPG,5072002,-34.91247,138.68109,,Y,Y,Y,Y,Y,,Y,,,,
2026,TPG,5073001,-34.89673,138.67501,,Y,Y,Y,Y,Y,,Y,,,,
2026,TPG,5074001,-34.8801,138.68441,,Y,Y,Y,Y,Y,,Y,,,,
2026,TPG,5074002,-34.88687,138.68985,,Y,Y,Y,Y,Y,,Y,,,,
2026,TPG,5074003,-34.87892,138.66408,,Y,Y,Y,Y,Y,,Y,,,,
2026,TPG,5074005,-34.88085,138.64877,,Y,Y,Y,Y,Y,,Y,,,,
2026,TPG,5075001,-34.86784,138.66346,,Y,Y,Y,Y,Y,,Y,,,,
2026,TPG,5075003,-34.86256,138.68096,,Y,Y,Y,Y,Y,,Y,,,,
2026,TPG,5076001,-34.87141,138.70054,,Y,Y,,,,,,,,,
2026,TPG,5081002,-34.89667,138.61723,,Y,Y,Y,Y,Y,,Y,,,,
2026,TPG,5081003,-34.8886,138.61514,,Y,Y,Y,Y,Y,,Y,,,,
2026,TPG,5082004,-34.87451,138.60111,,Y,Y,Y,Y,Y,,Y,,,,
2026,TPG,5082006,-34.89852,138.58643,,Y,Y,Y,Y,Y,,Y,,,,
2026,TPG,5082007,-34.8917,138.59477,,Y,Y,Y,Y,Y,,,,,,
2026,TPG,5082008,-34.88763,138.59363,,Y,Y,Y,Y,Y,,Y,,,,
2026,TPG,5082011,-34.86626,138.58031,,Y,Y,Y,Y,Y,,Y,,,,
2026,TPG,5083001,-34.87335,138.61833,,Y,Y,Y,Y,Y,,Y,,,,
2026,TPG,5084003,-34.8612,138.60026,,Y,Y,Y,Y,Y,,Y,,,,
2026,TPG,5084007,-34.85449,138.58761,,Y,Y,Y,Y,Y,,Y,,,,
2026,TPG,5085002,-34.84831,138.6337,,Y,Y,Y,Y,Y,,Y,,,,
2026,TPG,5085003,-34.86002,138.62319,,Y,Y,Y,Y,Y,,Y,,,,
2026,TPG,5085005,-34.84747,138.61618,,Y,Y,Y,Y,Y,,,,,,
2026,TPG,5086002,-34.85248,138.66445,,Y,Y,Y,Y,Y,,Y,,,,
2026,TPG,5086003,-34.87021,138.63548,,Y,Y,Y,Y,Y,,Y,,,,
2026,TPG,5087002,-34.88146,138.63499,,Y,Y,Y,Y,Y,,Y,,,,
2026,TPG,5087003,-34.8621,138.64993,,Y,Y,Y,,,,,,,,
2026,TPG,5088003,-34.84784,138.67684,,Y,Y,Y,Y,Y,,Y,,,,
2026,TPG,5089003,-34.85344,138.70016,,Y,Y,Y,Y,Y,,Y,,,,
2026,TPG,5090002,-34.83948,138.71252,,Y,Y,Y,Y,Y,,Y,,,,
2026,TPG,5091001,-34.81,138.72876,,Y,Y,Y,Y,Y,,Y,,,,
2026,TPG,5092001,-34.83434,138.69066,,Y,Y,Y,Y,Y,,,,,,
2026,TPG,5092001,-34.83434,138.69066,,Y,Y,Y,Y,Y,,Y,,,,
2026,TPG,5092002,-34.81934,138.68274,,Y,Y,Y,Y,Y,,Y,,,,
2026,TPG,5092003,-34.82861,138.67254,,Y,Y,Y,Y,Y,,Y,,,,
2026,TPG,5092005,-34.831484,138.691741,,,Y,Y,,Y,,Y,,,,
2026,TPG,5093001,-34.81873,138.66143,,Y,Y,Y,Y,Y,,Y,,,,
2026,TPG,5093002,-34.84631,138.64849,,Y,Y,Y,Y,Y,,,,,,
2026,TPG,5094001,-34.83997,138.59658,,Y,Y,Y,Y,Y,,Y,,,,
2026,TPG,5094003,-34.84506,138.59156,,Y,Y,Y,Y,Y,,Y,,,,
2026,TPG,5094004,-34.84691,138.59894,,Y,Y,Y,Y,Y,,Y,,,,
2026,TPG,5094006,-34.8246,138.60045,,Y,Y,Y,,,,,,,,
2026,TPG,5094009,-34.81812,138.60359,,Y,Y,Y,Y,Y,,Y,,,,
2026,TPG,5094010,-34.83568,138.60815,,Y,Y,Y,,,,,,,,
2026,TPG,5094011,-34.81971,138.59133,,Y,Y,Y,Y,Y,,Y,,,,
2026,TPG,5095002,-34.81932,138.63481,,Y,Y,Y,Y,Y,,Y,,,,
2026,TPG,5095003,-34.81769,138.61956,,Y,Y,Y,,Y,,,,,,
2026,TPG,5095004,-34.83658,138.62421,,Y,Y,Y,Y,Y,,Y,,,,
2026,TPG,5095011,-34.81091,138.61649,,Y,Y,Y,,,,,,,,
2026,TPG,5096001,-34.79491,138.64941,,Y,Y,Y,Y,Y,,Y,,,,
2026,TPG,5096004,-34.8131,138.67502,,Y,Y,Y,Y,Y,,Y,,,,
2026,TPG,5096007,-34.80808,138.6468,,Y,Y,Y,Y,Y,,Y,,,,
2026,TPG,5097001,-34.82074,138.71665,,Y,Y,Y,Y,Y,,Y,,,,
2026,TPG,5097004,-34.81855,138.69737,,Y,Y,Y,Y,Y,,Y,,,,
2026,TPG,5097005,-34.83163,138.70775,,Y,Y,Y,Y,Y,,Y,,,,
2026,TPG,5098002,-34.82897,138.65087,,Y,Y,Y,Y,Y,,Y,,,,
2026,TPG,5106001,-34.77442,138.63848,,Y,Y,Y,Y,Y,,Y,,,,
2026,TPG,5106002,-34.78447,138.6362,,Y,Y,Y,Y,Y,,Y,,,,
2026,TPG,5107003,-34.78205,138.60786,,Y,Y,Y,Y,Y,,,,,,
2026,TPG,5107004,-34.79454,138.60194,,Y,Y,Y,Y,Y,,Y,,,,
2026,TPG,5108001,-34.76016,138.64637,,Y,Y,Y,Y,Y,,Y,,,,
2026,TPG,5108002,-34.76778,138.60531,,Y,Y,Y,Y,Y,,Y,,,,
2026,TPG,5108003,-34.77564,138.61747,,Y,Y,Y,Y,Y,,Y,,,,
2026,TPG,5108004,-34.759,138.63339,,Y,Y,Y,Y,Y,,Y,,,,
2026,TPG,5108005,-34.7687,138.62312,,Y,Y,Y,Y,Y,,Y,,,,
2026,TPG,5108008,-34.75831,138.59594,,Y,Y,Y,Y,Y,,Y,,,,
2026,TPG,5108011,-34.75379,138.63223,,Y,Y,Y,Y,Y,,Y,,,,
2026,TPG,5109001,-34.7837,138.69431,,Y,Y,Y,Y,Y,,Y,,,,
2026,TPG,5109002,-34.76635,138.66568,,Y,Y,Y,Y,Y,,Y,,,,
2026,TPG,5109003,-34.78339,138.65552,,Y,Y,Y,Y,Y,,Y,,,,
2026,TPG,5110001,-34.73493,138.60226,,Y,Y,Y,Y,Y,,Y,,,,
2026,TPG,5110005,-34.74747,138.60734,,Y,Y,Y,Y,Y,,,,,,
2026,TPG,5110006,-34.70734,138.56112,,Y,Y,Y,,,,,,,,
2026,TPG,5111011,-34.73348,138.6375,,Y,Y,Y,Y,Y,,Y,,,,
2026,TPG,5112001,-34.7476,138.664582,,Y,Y,Y,Y,Y,,,,,,
2026,TPG,5112001,-34.74728,138.66602,,Y,Y,Y,,,,,,,,
2026,TPG,5112002,-34.718459,138.668607,,Y,Y,,Y,Y,,,,,,
2026,TPG,5112004,-34.74237,138.64925,,Y,Y,Y,Y,Y,,Y,,,,
2026,TPG,5112006,-34.71704,138.67259,,Y,Y,Y,Y,Y,,Y,,,,
2026,TPG,5112007,-34.74916,138.65871,,Y,Y,Y,Y,Y,,Y,,,,
2026,TPG,5112008,-34.7479,138.68143,,Y,Y,Y,Y,Y,,Y,,,,
2026,TPG,5112011,-34.72284,138.68968,,Y,Y,Y,Y,Y,,Y,,,,
2026,TPG,5112012,-34.72235,138.66157,,Y,Y,Y,Y,Y,,Y,,,,
2026,TPG,5112014,-34.73262,138.66087,,Y,Y,Y,Y,Y,,Y,,,,
2026,TPG,5113002,-34.71064,138.66704,,Y,Y,Y,Y,Y,,Y,,,,
2026,TPG,5113004,-34.70219,138.68392,,Y,Y,Y,Y,Y,,Y,,,,
2026,TPG,5113005,-34.69535,138.70248,,Y,Y,Y,Y,Y,,Y,,,,
2026,TPG,5113009,-34.7065,138.69335,,Y,Y,Y,Y,Y,,Y,,,,
2026,TPG,5113011,-34.69245,138.66951,,Y,Y,Y,Y,Y,,Y,,,,
2026,TPG,5114001,-34.68834,138.69001,,Y,Y,Y,Y,Y,,Y,,,,
2026,TPG,5114002,-34.72626,138.76712,,Y,Y,,,,,,,,,
2026,TPG,5114004,-34.67851,138.67024,,Y,Y,Y,Y,Y,,Y,,,,
2026,TPG,5114005,-34.67701,138.68695,,Y,Y,Y,Y,Y,,Y,,,,
2026,TPG,5114009,-34.68236,138.70283,,Y,Y,Y,Y,Y,,Y,,,,
2026,TPG,5114015,-34.65738,138.70988,,Y,Y,Y,Y,Y,,Y,,,,
2026,TPG,5115001,-34.65212,138.68309,,Y,Y,Y,Y,Y,,Y,,,,
2026,TPG,5116003,-34.62305,138.68902,,Y,Y,Y,Y,Y,,Y,,,,
2026,TPG,5116004,-34.62708,138.73145,,Y,Y,Y,Y,Y,,Y,,,,
2026,TPG,5117001,-34.65024,138.64084,,Y,Y,Y,Y,Y,,Y,,,,
2026,TPG,5118001,-34.57884,138.73732,,Y,Y,Y,Y,Y,,Y,,,,
2026,TPG,5118002,-34.58277,138.7623,,Y,Y,Y,Y,Y,,Y,,,,
2026,TPG,5118003,-34.61636,138.75229,,Y,Y,Y,Y,Y,,Y,,,,
2026,TPG,5118006,-34.6008,138.74974,,Y,Y,,,,,,,,,
2026,TPG,5118009,-34.60739,138.73222,,Y,Y,Y,Y,Y,,Y,,,,
2026,TPG,5118013,-34.59562,138.78975,,Y,Y,Y,Y,Y,,Y,,,,
2026,TPG,5118021,-34.59712,138.73626,,Y,Y,Y,,Y,,Y,,,,
2026,TPG,5120002,-34.67529,138.56919,,Y,Y,Y,Y,Y,,Y,,,,
2026,TPG,5120005,-34.66412,138.51744,,Y,Y,Y,Y,Y,,Y,,,,
2026,TPG,5121003,-34.68064,138.64425,,Y,Y,Y,Y,Y,,Y,,,,
2026,TPG,5121004,-34.67704,138.59834,,Y,Y,Y,Y,Y,,Y,,,,
2026,TPG,5121005,-34.70398,138.64418,,Y,Y,Y,Y,Y,,Y,,,,
2026,TPG,5125001,-34.76101,138.71059,,Y,Y,Y,Y,Y,,Y,,,,
2026,TPG,5125004,-34.79271,138.69176,,Y,Y,Y,Y,Y,,Y,,,,
2026,TPG,5125005,-34.78761,138.71271,,Y,Y,Y,Y,Y,,Y,,,,
2026,TPG,5125008,-34.78936,138.70537,,Y,Y,Y,Y,Y,,,,,,
2026,TPG,5125011,-34.77472,138.72944,,Y,Y,Y,Y,Y,,Y,,,,
2026,TPG,5126001,-34.80394,138.72783,,Y,Y,Y,Y,Y,,Y,,,,
2026,TPG,5126002,-34.80589,138.70305,,Y,Y,Y,Y,Y,,Y,,,,
2026,TPG,5126003,-34.79141,138.73714,,Y,Y,Y,Y,Y,,Y,,,,
2026,TPG,5127001,-34.7971,138.67139,,Y,Y,Y,Y,Y,,,,,,
2026,TPG,5127002,-34.79923,138.68683,,Y,Y,Y,Y,Y,,Y,,,,
2026,TPG,5131002,-34.82932,138.76721,,Y,Y,Y,Y,Y,,Y,,,,
2026,TPG,5131006,-34.81105,138.75052,,Y,Y,Y,Y,Y,,,,,,
2026,TPG,5134003,-34.88471,138.74244,,Y,Y,,,,,,,,,
2026,TPG,5136003,-34.92144,138.72436,,Y,Y,,,,,,,,,
2026,TPG,5137004,-34.94357,138.73518,,Y,Y,Y,,,,,,,,
2026,TPG,5140002,-34.95007,138.68597,,Y,Y,Y,Y,Y,,,,,,
2026,TPG,5150001,-34.9757,138.67853,,Y,Y,,,,,,,,,
2026,TPG,5152001,-34.96653,138.71373,,Y,Y,Y,Y,Y,,Y,,,,
2026,TPG,5152002,-34.97881,138.7085,,Y,Y,Y,Y,Y,,Y,,,,
2026,TPG,5152003,-34.98528,138.69444,,Y,Y,Y,Y,Y,,Y,,,,
2026,TPG,5152004,-34.99318,138.69501,,Y,Y,,,,,,,,,
2026,TPG,5152006,-35.00755,138.69944,,Y,Y,,,,,,,,,
2026,TPG,5152007,-34.99889,138.72472,,Y,Y,,,,,,,,,
2026,TPG,5153001,-35.04268,138.76609,,Y,Y,,,,,,,,,
2026,TPG,5153004,-35.09252,138.80508,,Y,Y,,,,,,,,,
2026,TPG,5153006,-35.10619,138.80501,,Y,Y,Y,Y,Y,,Y,,,,
2026,TPG,5154001,-35.00486,138.74129,,Y,Y,Y,Y,Y,,Y,,,,
2026,TPG,5155001,-35.00866,138.76105,,Y,Y,Y,Y,Y,,Y,,,,
2026,TPG,5157001,-35.1242,138.63874,,Y,Y,Y,Y,Y,,Y,,,,
2026,TPG,5157006,-35.10137,138.63368,,Y,Y,Y,,,,,,,,
2026,TPG,5158001,-35.07618,138.52167,,Y,Y,Y,Y,Y,,Y,,,,
2026,TPG,5158002,-35.05481,138.5456,,Y,Y,Y,,,,,,,,
2026,TPG,5158006,-35.06716,138.55536,,Y,Y,Y,,Y,,Y,,,,
2026,TPG,5159001,-35.05168,138.57468,,Y,Y,Y,Y,Y,,Y,,,,
2026,TPG,5159004,-35.07396,138.58552,,Y,Y,Y,Y,Y,,Y,,,,
2026,TPG,5159005,-35.10536,138.59164,,Y,Y,Y,Y,Y,,Y,,,,
2026,TPG,5159006,-35.05853,138.5881,,Y,Y,Y,Y,Y,,,,,,
2026,TPG,5159007,-35.06808,138.6108,,Y,Y,Y,Y,Y,,,,,,
2026,TPG,5159008,-35.0588,138.61051,,Y,Y,Y,,Y,,,,,,
2026,TPG,5159010,-35.08405,138.60507,,Y,Y,Y,Y,Y,,Y,,,,
2026,TPG,5159013,-35.07913,138.56712,,Y,Y,Y,Y,Y,,Y,,,,
2026,TPG,5160003,-35.11908,138.48504,,Y,Y,Y,Y,Y,,Y,,,,
2026,TPG,5160004,-35.09652,138.49022,,Y,Y,Y,Y,Y,,Y,,,,
2026,TPG,5160012,-35.11377,138.50022,,Y,Y,Y,Y,Y,,Y,,,,
2026,TPG,5161001,-35.08355,138.54525,,Y,Y,Y,Y,Y,,Y,,,,
2026,TPG,5161003,-35.10506,138.52098,,Y,Y,Y,Y,Y,,Y,,,,
2026,TPG,5161004,-35.09457,138.53267,,Y,Y,,,,,,,,,
2026,TPG,5162002,-35.12452,138.52263,,Y,Y,Y,Y,Y,,Y,,,,
2026,TPG,5162003,-35.10984,138.54705,,Y,Y,Y,Y,Y,,Y,,,,
2026,TPG,5162004,-35.13565,138.53746,,Y,Y,Y,Y,Y,,Y,,,,
2026,TPG,5162005,-35.09776,138.57645,,Y,Y,Y,Y,Y,,Y,,,,
2026,TPG,5162009,-35.12308,138.55333,,Y,Y,Y,Y,Y,,Y,,,,
2026,TPG,5162010,-35.0952,138.55264,,Y,Y,Y,Y,Y,,Y,,,,
2026,TPG,5162011,-35.12739,138.50597,,Y,Y,Y,Y,Y,,Y,,,,
2026,TPG,5163001,-35.13828,138.51049,,Y,Y,Y,Y,Y,,Y,,,,
2026,TPG,5163002,-35.16633,138.51414,,Y,Y,Y,,,,,,,,
2026,TPG,5163007,-35.15344,138.52745,,Y,Y,Y,Y,Y,,Y,,,,
2026,TPG,5165002,-35.13993,138.47236,,Y,Y,Y,Y,Y,,Y,,,,
2026,TPG,5168001,-35.14164239,138.4969007,,Y,Y,Y,,Y,,,,,,
2026,TPG,5168004,-35.14525,138.49225,,Y,Y,Y,Y,Y,,Y,,,,
2026,TPG,5169001,-35.21726,138.48226,,Y,Y,Y,Y,Y,,Y,,,,
2026,TPG,5169002,-35.18188,138.48719,,Y,Y,Y,Y,Y,,Y,,,,
2026,TPG,5169003,-35.17046,138.47986,,Y,Y,Y,Y,Y,,Y,,,,
2026,TPG,5169004,-35.19068,138.48399,,Y,Y,Y,Y,Y,,Y,,,,
2026,TPG,5169007,-35.20313,138.49799,,Y,Y,Y,Y,Y,,Y,,,,
2026,TPG,5170001,-35.23323,138.48427,,Y,Y,Y,Y,Y,,Y,,,,
2026,TPG,5171001,-35.18494,138.51908,,Y,Y,Y,Y,Y,,Y,,,,
2026,TPG,5171004,-35.22217,138.54493,,Y,Y,Y,Y,Y,,Y,,,,
2026,TPG,5171005,-35.20442,138.60195,,Y,Y,Y,Y,Y,,Y,,,,
2026,TPG,5172001,-35.29113,138.58092,,Y,Y,Y,Y,Y,,Y,,,,
2026,TPG,5172005,-35.26707,138.54264,,Y,Y,Y,Y,Y,,Y,,,,
2026,TPG,5173002,-35.27591,138.46866,,Y,Y,Y,Y,Y,,Y,,,,
2026,TPG,5173006,-35.25012,138.47234,,Y,Y,Y,Y,Y,,Y,,,,
2026,TPG,5174002,-35.33844,138.46387,,Y,Y,,,,,,,,,
2026,TPG,5203001,-35.46369,138.43934,,Y,,,,,,,,,,
2026,TPG,5243002,-34.97493,138.82811,,Y,Y,Y,Y,Y,,Y,,,,
2026,TPG,5244004,-34.94761,138.8908,,Y,Y,,,,,,,,,
2026,TPG,5245001,-35.00377,138.78506,,Y,Y,,,,,,,,,
2026,TPG,5245003,-35.03273,138.80303,,Y,Y,Y,Y,Y,,Y,,,,
2026,TPG,5250001,-35.05293,138.86817,,Y,Y,Y,Y,Y,,Y,,,,
2026,TPG,5251001,-35.04962,138.83456,,Y,Y,Y,Y,Y,,Y,,,,
2026,TPG,5251007,-35.06408,138.85996,,Y,Y,Y,Y,Y,,,,,,
2026,TPG,5251010,-35.06789,138.86447,,Y,Y,Y,Y,Y,,Y,,,,
2026,TPG,5251011,-35.07726,138.88977,,Y,Y,Y,Y,Y,,Y,,,,
2026,TPG,5251014,-35.09626,138.85059,,Y,Y,Y,Y,Y,,Y,,,,
2026,TPG,5251016,-35.08451,138.8474,,Y,Y,Y,Y,Y,,Y,,,,
2026,TPG,5252002,-35.02238,138.91537,,Y,Y,Y,Y,Y,,Y,,,,
2026,TPG,5501002,-34.62577,138.53333,,Y,Y,Y,Y,Y,,Y,,,,
2026,TPG,5501007,-34.58553,138.60589,,Y,Y,,,,,,,,,
2026,TPG,5501012,-34.59495,138.51483,,Y,Y,Y,Y,Y,,Y,,,,
2026,TPG,5501013,-34.59199,138.55548,,Y,Y,Y,,,,,,,,
2026,TPG,5950008,-34.93859,138.5382,,Y,Y,Y,Y,Y,,,,,,
2026,TPG,5950010,-34.93595,138.53506,,Y,Y,Y,Y,Y,,Y,,,,
2026,TPG,6000005,-31.95151,115.85586,,Y,Y,Y,,,,,,,,
2026,TPG,6000007,-31.954441,115.857082,,Y,Y,Y,,Y,,,,,,
2026,TPG,6000008,-31.95326,115.8666,,Y,Y,Y,Y,Y,,Y,,,,
2026,TPG,6000009,-31.95287,115.84989,,Y,Y,Y,Y,Y,,Y,,,,
2026,TPG,6000015,-31.95562,115.85012,,Y,Y,Y,Y,Y,,Y,,,,
2026,TPG,6000016,-31.94416,115.86295,,Y,Y,Y,,,,,,,,
2026,TPG,6000017,-31.94972,115.85167,,Y,Y,Y,Y,Y,,Y,,,,
2026,TPG,6000021,-31.95263,115.85762,,Y,Y,,,,,,,,,
2026,TPG,6000023,-31.95429,115.85571,,Y,Y,Y,,,,,,,,
2026,TPG,6000024,-31.95101,115.86453,,Y,Y,Y,,,,,,,,
2026,TPG,6000025,-31.95454,115.86203,,Y,Y,Y,,,,,,,,
2026,TPG,6000026,-31.95613,115.85468,,Y,Y,Y,Y,Y,,Y,,,,
2026,TPG,6000027,-31.95211,115.85434,,Y,Y,,,,,,,,,
2026,TPG,6000028,-31.95691,115.86593,,Y,Y,Y,Y,Y,,Y,,,,
2026,TPG,6000032,-31.949399,115.868766,,Y,Y,Y,Y,Y,,,,,,
2026,TPG,6000035,-31.95874,115.86917,,Y,Y,Y,,,,,,,,
2026,TPG,6000036,-31.95359,115.85429,,Y,Y,Y,Y,Y,,Y,,,,
2026,TPG,6000039,-31.951253,115.859955,,Y,Y,,,Y,,,,,,
2026,TPG,6000039,-31.95125,115.85868,,Y,Y,Y,Y,Y,,,,,,
2026,TPG,6000048,-31.94625,115.87049,,Y,Y,Y,,,,,,,,
2026,TPG,6000053,-31.95411,115.86009,,Y,Y,Y,,,,,,,,
2026,TPG,6000056,-31.95495,115.8586,,Y,Y,Y,,,,,,,,
2026,TPG,6000069,-31.949942,115.856781,,Y,Y,Y,Y,Y,,,,,,
2026,TPG,6000074,-31.95843,115.86536,,Y,Y,Y,Y,Y,,Y,,,,
2026,TPG,6000076,-31.95555,115.86035,,Y,Y,Y,Y,Y,,,,,,
2026,TPG,6000083,-31.95523,115.86138,,Y,Y,Y,,Y,,,,,,
2026,TPG,6000086,-31.951762,115.857154,,Y,Y,Y,Y,Y,,,,,,
2026,TPG,6003001,-31.9479,115.85879,,Y,Y,Y,Y,Y,,Y,,,,
2026,TPG,6003002,-31.94289,115.87439,,Y,Y,Y,Y,Y,,Y,,,,
2026,TPG,6003004,-31.94388,115.85431,,Y,Y,Y,Y,Y,,Y,,,,
2026,TPG,6003005,-31.94847,115.85702,,Y,Y,Y,Y,Y,,Y,,,,
2026,TPG,6004001,-31.95695,115.87702,,Y,Y,Y,,,,,,,,
2026,TPG,6004002,-31.96112,115.87099,,Y,Y,Y,Y,Y,,Y,,,,
2026,TPG,6004003,-31.9534,115.87728,,Y,Y,Y,Y,Y,,Y,,,,
2026,TPG,6004006,-31.9524,115.87064,,Y,Y,Y,,,,,,,,
2026,TPG,6004007,-31.96067,115.88017,,Y,Y,Y,Y,Y,,Y,,,,
2026,TPG,6004010,-31.95863,115.87341,,Y,Y,Y,,,,,,,,
2026,TPG,6004011,-31.96137,115.87611,,Y,Y,Y,,,,,,,,
2026,TPG,6004012,-31.94955,115.87711,,Y,Y,Y,Y,Y,,Y,,,,
2026,TPG,6005005,-31.95029,115.8436,,Y,Y,,,,,,,,,
2026,TPG,6005007,-31.95032,115.83427,,Y,Y,Y,Y,Y,,Y,,,,
2026,TPG,6005008,-31.94817,115.84598,,Y,Y,Y,Y,Y,,Y,,,,
2026,TPG,6005010,-31.94791,115.84088,,Y,Y,Y,Y,Y,,Y,,,,
2026,TPG,6005014,-31.94035,115.85176,,Y,Y,Y,,,,,,,,
2026,TPG,6005017,-31.95305,115.84238,,Y,Y,Y,Y,Y,,Y,,,,
2026,TPG,6006001,-31.93663,115.85862,,Y,Y,Y,,,,,,,,
2026,TPG,6006004,-31.92957,115.85232,,Y,Y,Y,,,,,,,,
2026,TPG,6007002,-31.93407,115.84091,,Y,Y,Y,,,,,,,,
2026,TPG,6007004,-31.94115,115.84172,,Y,Y,Y,,,,,,,,
2026,TPG,6007007,-31.92822,115.83346,,Y,Y,Y,Y,Y,,Y,,,,
2026,TPG,6008002,-31.94139,115.82576,,Y,Y,Y,Y,Y,,Y,,,,
2026,TPG,6008003,-31.95611,115.82426,,Y,Y,Y,Y,Y,,Y,,,,
2026,TPG,6008004,-31.94921,115.81898,,Y,Y,Y,Y,Y,,Y,,,,
2026,TPG,6008005,-31.94978,115.82425,,Y,Y,Y,Y,Y,,Y,,,,
2026,TPG,6008007,-31.94677,115.82452,,Y,Y,,,,,,,,,
2026,TPG,6008015,-31.94673,115.83267,,Y,Y,Y,Y,Y,,Y,,,,
2026,TPG,6009001,-31.99008,115.80533,,Y,Y,Y,Y,Y,,Y,,,,
2026,TPG,6009004,-31.97943,115.80217,,Y,Y,Y,Y,Y,,Y,,,,
2026,TPG,6009006,-31.96825,115.81498,,Y,Y,Y,Y,Y,,Y,,,,
2026,TPG,6009006,-31.968221,115.815004,,Y,Y,Y,Y,,,,,,,
2026,TPG,6009009,-31.978,115.81144,,Y,Y,Y,Y,Y,,Y,,,,
2026,TPG,6009010,-31.98129,115.79341,,Y,Y,,,,,,,,,
2026,TPG,6009014,-31.9854,115.81989,,Y,Y,,,,,,,,,
2026,TPG,6009018,-31.9694,115.81724,,Y,Y,Y,Y,Y,,,,,,
2026,TPG,6009019,-31.96928,115.80862,,Y,Y,Y,Y,Y,,,,,,
2026,TPG,6009024,-31.98143,115.8161,,Y,Y,Y,Y,Y,,Y,,,,
2026,TPG,6010002,-31.97593,115.78685,,Y,Y,Y,Y,Y,,Y,,,,
2026,TPG,6010003,-31.98269,115.77578,,Y,Y,Y,Y,Y,,Y,,,,
2026,TPG,6010004,-31.95419,115.77924,,Y,Y,Y,Y,Y,,Y,,,,
2026,TPG,6010005,-31.9507,115.78856,,Y,Y,,,,,,,,,
2026,TPG,6010006,-31.97038,115.76745,,Y,Y,,,,,,,,,
2026,TPG,6010009,-31.98939,115.77229,,Y,Y,Y,Y,Y,,Y,,,,
2026,TPG,6010010,-31.982453,115.779775,,Y,Y,,Y,Y,,,,,,
2026,TPG,6011002,-31.99048,115.75273,,Y,Y,,,,,,,,,
2026,TPG,6011003,-31.99679,115.76194,,Y,Y,Y,,,,,,,,
2026,TPG,6012001,-32.01677,115.7623,,Y,Y,Y,Y,Y,,Y,,,,
2026,TPG,6014001,-31.94054,115.80686,,Y,Y,Y,Y,Y,,Y,,,,
2026,TPG,6014002,-31.94668,115.81293,,Y,Y,Y,Y,Y,,Y,,,,
2026,TPG,6014004,-31.92948,115.80492,,Y,Y,Y,Y,Y,,,,,,
2026,TPG,6014005,-31.91895,115.82215,,Y,Y,Y,Y,Y,,Y,,,,
2026,TPG,6015004,-31.93485,115.76992,,Y,Y,Y,Y,Y,,Y,,,,
2026,TPG,6015012,-31.91146,115.76566,,Y,Y,Y,Y,Y,,Y,,,,
2026,TPG,6016003,-31.92215,115.8395,,,,Y,,,,,,,,
2026,TPG,6017003,-31.9064,115.81153,,Y,Y,Y,Y,Y,,Y,,,,
2026,TPG,6017006,-31.90679,115.82763,,Y,Y,Y,Y,Y,,Y,,,,
2026,TPG,6017007,-31.90153,115.79864,,Y,Y,Y,Y,Y,,Y,,,,
2026,TPG,6017007,-31.90153,115.79864,,Y,Y,Y,,,,,,,,
2026,TPG,6017010,-31.91314,115.81492,,Y,Y,Y,,,,,,,,
2026,TPG,6017017,-31.89771,115.80681,,Y,Y,Y,Y,Y,,Y,,,,
2026,TPG,6018001,-31.87563,115.79865,,Y,Y,Y,,,,,,,,
2026,TPG,6018002,-31.87928,115.77588,,Y,Y,Y,Y,Y,,Y,,,,
2026,TPG,6018003,-31.89446,115.78137,,Y,Y,Y,Y,Y,,,,,,
2026,TPG,6018006,-31.876866,115.778833,,Y,Y,Y,Y,Y,,,,,,
2026,TPG,6018009,-31.88971,115.7921,,Y,Y,Y,Y,Y,,Y,,,,
2026,TPG,6019001,-31.89361,115.75694,,Y,Y,Y,Y,Y,,Y,Y,,,
2026,TPG,6019002,-31.92537,115.78183,,Y,Y,Y,Y,Y,,Y,,,,
2026,TPG,6019003,-31.89367,115.77434,,Y,Y,Y,Y,Y,,Y,,,,
2026,TPG,6020001,-31.85318,115.75534,,Y,Y,Y,Y,Y,,Y,,,,
2026,TPG,6020002,-31.8573,115.77672,,Y,Y,Y,Y,Y,,Y,,,,
2026,TPG,6020003,-31.86394,115.76576,,Y,Y,Y,,,,,,,,
2026,TPG,6021001,-31.86084,115.8023,,Y,Y,Y,Y,Y,,Y,,,,
2026,TPG,6021002,-31.86498,115.82768,,Y,Y,Y,Y,Y,,Y,,,,
2026,TPG,6021003,-31.88856,115.8236,,Y,Y,Y,Y,,,Y,,,,
2026,TPG,6021006,-31.8866,115.80918,,Y,Y,Y,Y,Y,,Y,,,,
2026,TPG,6021009,-31.86353,115.81115,,Y,Y,Y,,,,,,,,
2026,TPG,6023001,-31.83539,115.76911,,Y,Y,Y,Y,Y,,Y,,,,
2026,TPG,6024002,-31.84252,115.79672,,Y,Y,Y,Y,Y,,Y,,,,
2026,TPG,6024003,-31.83898,115.8192,,Y,Y,Y,Y,Y,,Y,,,,
2026,TPG,6024005,-31.82768,115.78674,,,Y,,,,,,,,,
2026,TPG,6024007,-31.83241,115.80263,,,Y,Y,,,,,,,,
2026,TPG,6024010,-31.84496,115.80888,,Y,Y,Y,Y,Y,,Y,,,,
2026,TPG,6024014,-31.82106,115.81627,,Y,Y,Y,Y,Y,,Y,,,,
2026,TPG,6025001,-31.797478,115.749708,,Y,Y,Y,Y,Y,,Y,,,,
2026,TPG,6025001,-31.797,115.74866,,Y,Y,Y,Y,Y,,Y,,,,
2026,TPG,6025002,-31.81465,115.77194,,Y,Y,Y,Y,Y,,Y,,,,
2026,TPG,6025004,-31.81594,115.73556,,Y,Y,Y,Y,Y,,Y,,,,
2026,TPG,6025006,-31.80944,115.74316,,Y,Y,Y,Y,Y,,Y,,,,
2026,TPG,6025008,-31.81323,115.7599,,Y,Y,Y,Y,Y,,Y,,,,
2026,TPG,6026001,-31.7995,115.79441,,Y,Y,Y,Y,Y,,Y,,,,
2026,TPG,6026003,-31.78006,115.78293,,Y,Y,Y,Y,Y,,Y,,,,
2026,TPG,6026004,-31.78215,115.77919,,Y,Y,Y,Y,Y,,Y,,,,
2026,TPG,6026005,-31.80076,115.81663,,Y,Y,Y,Y,Y,,Y,,,,
2026,TPG,6026007,-31.80835,115.79008,,Y,Y,,,,,,,,,
2026,TPG,6027001,-31.74431,115.77232,,Y,Y,Y,Y,Y,,Y,,,,
2026,TPG,6027002,-31.7281,115.76461,,Y,Y,Y,Y,Y,,Y,,,,
2026,TPG,6027003,-31.76355,115.74766,,Y,Y,Y,Y,Y,,Y,,,,
2026,TPG,6027004,-31.7533,115.77455,,Y,Y,Y,Y,Y,,Y,,,,
2026,TPG,6027005,-31.76468,115.77409,,Y,Y,Y,Y,Y,,Y,,,,
2026,TPG,6027011,-31.7452,115.76225,,Y,Y,Y,Y,Y,,Y,,,,
2026,TPG,6027014,-31.77709,115.75521,,Y,Y,Y,Y,Y,,Y,,,,
2026,TPG,6027015,-31.738771,115.771401,,Y,Y,Y,Y,Y,,,,,,
2026,TPG,6027016,-31.73476,115.75735,,Y,Y,Y,Y,Y,,Y,,,,
2026,TPG,6027018,-31.743921,115.767433,,Y,Y,Y,Y,Y,,Y,,,,
2026,TPG,6027024,-31.7625,115.73198,,Y,Y,Y,Y,Y,,Y,,,,
2026,TPG,6028001,-31.74077,115.7395,,Y,Y,,,,,,,,,
2026,TPG,6028004,-31.72472,115.74924,,Y,Y,Y,Y,Y,,Y,,,,
2026,TPG,6030001,-31.70686,115.72537,,Y,Y,Y,Y,Y,,Y,,,,
2026,TPG,6030002,-31.67658,115.70431,,Y,Y,Y,Y,Y,,Y,,,,
2026,TPG,6030003,-31.678,115.71113,,Y,Y,Y,Y,Y,,Y,,,,
2026,TPG,6030004,-31.65949,115.70701,,Y,Y,Y,Y,Y,,Y,,,,
2026,TPG,6030007,-31.69161,115.719,,Y,Y,Y,Y,Y,,Y,,,,
2026,TPG,6031002,-31.68121,115.78504,,Y,Y,Y,Y,Y,,,,,,
2026,TPG,6031003,-31.66302,115.79098,,Y,Y,Y,Y,Y,,Y,,,,
2026,TPG,6031004,-31.71165,115.78831,,Y,Y,Y,Y,Y,,Y,,,,
2026,TPG,6031005,-31.67093,115.74221,,Y,Y,Y,Y,Y,,Y,,,,
2026,TPG,6031006,-31.67979,115.8182,,Y,Y,Y,Y,Y,,Y,,,,
2026,TPG,6031007,-31.68509,115.79741,,Y,Y,Y,Y,Y,,Y,,,,
2026,TPG,6031011,-31.70368,115.80459,,Y,Y,Y,Y,Y,,Y,,,,
2026,TPG,6033001,-31.6022,115.71015,,Y,Y,Y,Y,Y,,Y,,,,
2026,TPG,6034001,-31.58244,115.68055,,Y,Y,Y,Y,Y,,Y,,,,
2026,TPG,6035001,-31.54533,115.64092,,Y,Y,Y,Y,Y,,Y,,,,
2026,TPG,6035002,-31.55576,115.67373,,Y,Y,,,,,,,,,
2026,TPG,6036001,-31.64888,115.69588,,Y,Y,Y,Y,Y,,Y,,,,
2026,TPG,6036002,-31.63635,115.71095,,Y,Y,Y,Y,Y,,Y,,,,
2026,TPG,6037001,-31.47996,115.60283,,Y,,,,,,,,,,
2026,TPG,6037002,-31.49563,115.58455,,Y,Y,Y,Y,Y,,Y,,,,
2026,TPG,6038003,-31.60222,115.68176,,Y,Y,Y,Y,Y,,Y,,,,
2026,TPG,6038004,-31.61597,115.68325,,Y,Y,Y,Y,Y,,Y,,,,
2026,TPG,6050001,-31.92344,115.85838,,Y,Y,Y,Y,Y,,Y,,,,
2026,TPG,6050002,-31.93795,115.87728,,Y,Y,Y,Y,Y,,Y,,,,
2026,TPG,6050005,-31.93166,115.87746,,Y,Y,Y,Y,Y,,Y,Y,,,
2026,TPG,6050007,-31.93379,115.87319,,Y,Y,Y,Y,Y,,Y,,,,
2026,TPG,6051001,-31.92417,115.89139,,Y,Y,Y,Y,Y,,Y,Y,,,
2026,TPG,6051006,-31.93718,115.89852,,Y,Y,Y,Y,Y,,Y,,,,
2026,TPG,6052001,-31.91685,115.8797,,Y,Y,Y,Y,Y,,Y,,,,
2026,TPG,6052003,-31.91327,115.89648,,Y,Y,Y,Y,Y,,Y,,,,
2026,TPG,6052004,-31.90977,115.87005,,Y,Y,Y,Y,Y,,Y,,,,
2026,TPG,6053001,-31.91204,115.91924,,Y,Y,Y,Y,Y,,Y,,,,
2026,TPG,6053002,-31.92549,115.91007,,Y,Y,,,,,,,,,
2026,TPG,6053005,-31.92033,115.92896,,Y,Y,Y,Y,Y,,Y,,,,
2026,TPG,6053006,-31.92796,115.93306,,Y,Y,Y,Y,Y,,,,,,
2026,TPG,6054003,-31.90208,115.93157,,Y,Y,Y,Y,Y,,Y,,,,
2026,TPG,6054004,-31.9026,115.9566,,Y,Y,Y,Y,Y,,Y,,,,
2026,TPG,6054005,-31.88899,115.95018,,Y,Y,Y,,,,,,,,
2026,TPG,6054007,-31.90708,115.94025,,Y,Y,Y,Y,Y,,Y,,,,
2026,TPG,6054009,-31.88037,115.94047,,Y,Y,Y,Y,Y,,Y,,,,
2026,TPG,6055003,-31.90846,115.97887,,Y,Y,Y,Y,Y,,Y,,,,
2026,TPG,6055007,-31.90853,115.99891,,Y,Y,,,,,,,,,
2026,TPG,6055014,-31.91116,116.01516,,Y,Y,Y,Y,Y,,Y,,,,
2026,TPG,6055015,-31.91565,115.96495,,Y,Y,Y,Y,Y,,Y,,,,
2026,TPG,6055016,-31.85465,115.99194,,Y,Y,Y,Y,Y,,Y,,,,
2026,TPG,6055023,-31.81047,115.9905,,Y,Y,Y,Y,Y,,Y,,,,
2026,TPG,6056001,-31.89226,115.99051,,Y,Y,,,,,,,,,
2026,TPG,6056003,-31.8925,116.00773,,Y,Y,Y,Y,Y,,Y,,,,
2026,TPG,6056006,-31.86852,116.01585,,Y,Y,Y,Y,Y,,Y,,,,
2026,TPG,6056008,-31.8341,116.05618,,Y,Y,Y,Y,Y,,Y,,,,
2026,TPG,6056010,-31.88791,116.00525,,Y,Y,Y,,,,,,,,
2026,TPG,6056011,-31.89338,116.01748,,Y,Y,Y,Y,Y,,Y,,,,
2026,TPG,6056012,-31.82952,116.10179,,Y,Y,,,,,,,,,
2026,TPG,6056013,-31.87868,116.02631,,Y,Y,Y,Y,Y,,Y,,,,
2026,TPG,6056014,-31.88561,116.03982,,Y,Y,Y,Y,Y,,Y,,,,
2026,TPG,6056017,-31.88753,116.02874,,Y,Y,Y,Y,Y,,Y,,,,
2026,TPG,6057002,-31.94714,116.01756,,Y,Y,Y,Y,Y,,Y,,,,
2026,TPG,6057006,-31.96825,116.02244,,Y,Y,Y,Y,Y,,Y,,,,
2026,TPG,6058001,-31.98487,115.98912,,Y,Y,Y,Y,Y,,Y,,,,
2026,TPG,6058003,-31.97123,115.99705,,Y,Y,Y,Y,Y,,Y,,,,
2026,TPG,6058004,-31.9870049,116.0097306,,Y,Y,Y,,,,,,,,
2026,TPG,6059001,-31.88068,115.8544,,Y,Y,Y,Y,Y,,Y,,,,
2026,TPG,6059003,-31.88943,115.87551,,Y,Y,Y,Y,Y,,Y,,,,
2026,TPG,6060001,-31.90683,115.83831,,Y,Y,Y,Y,Y,,Y,,,,
2026,TPG,6060002,-31.8973,115.84849,,Y,Y,Y,Y,Y,,Y,,,,
2026,TPG,6061002,-31.86573,115.85875,,Y,Y,Y,Y,Y,,Y,,,,
2026,TPG,6061004,-31.870934,115.861505,,Y,Y,Y,Y,Y,,Y,,,,
2026,TPG,6061006,-31.86388,115.86629,,Y,Y,Y,Y,Y,,Y,,,,
2026,TPG,6061007,-31.88092,115.84167,,Y,Y,Y,Y,Y,,Y,,,,
2026,TPG,6061013,-31.85576,115.83816,,Y,Y,Y,Y,Y,,Y,,,,
2026,TPG,6062003,-31.90008,115.91809,,Y,Y,Y,Y,Y,,Y,,,,
2026,TPG,6062005,-31.87691,115.89608,,Y,Y,Y,Y,Y,,Y,,,,
2026,TPG,6062007,-31.90061,115.89602,,Y,Y,Y,Y,Y,,Y,,,,
2026,TPG,6062008,-31.86135,115.8953,,Y,Y,Y,Y,Y,,Y,,,,
2026,TPG,6062009,-31.897017,115.89953,,Y,Y,Y,Y,Y,,Y,,,,
2026,TPG,6062015,-31.86942,115.91661,,Y,Y,Y,Y,,,Y,,,,
2026,TPG,6063001,-31.85301,115.92296,,Y,Y,Y,Y,Y,,Y,,,,
2026,TPG,6064001,-31.8303,115.85418,,Y,Y,Y,,,,,,,,
2026,TPG,6064003,-31.84019,115.86948,,Y,Y,Y,Y,Y,,Y,,,,
2026,TPG,6064005,-31.83915,115.83966,,Y,Y,Y,Y,Y,,Y,,,,
2026,TPG,6065002,-31.81661,115.8278,,Y,Y,Y,Y,Y,,Y,,,,
2026,TPG,6065003,-31.75528,115.80639,,Y,Y,Y,Y,Y,,Y,,,,
2026,TPG,6065005,-31.79797,115.85279,,Y,Y,Y,Y,Y,,Y,,,,
2026,TPG,6065007,-31.82053,115.85317,,Y,Y,Y,,,,,,,,
2026,TPG,6065008,-31.76539,115.84608,,Y,Y,Y,Y,Y,,Y,,,,
2026,TPG,6065012,-31.75621,115.81582,,Y,Y,Y,Y,Y,,Y,,,,
2026,TPG,6065016,-31.69645,115.85199,,Y,Y,Y,Y,Y,,Y,,,,
2026,TPG,6065017,-31.71757,115.80568,,Y,Y,Y,Y,Y,,Y,,,,
2026,TPG,6065018,-31.73058,115.79106,,Y,Y,Y,Y,Y,,Y,,,,
2026,TPG,6065019,-31.78415,115.81027,,Y,Y,Y,Y,Y,,Y,,,,
2026,TPG,6067001,-31.81859,115.88295,,Y,Y,Y,Y,Y,,Y,,,,
2026,TPG,6068002,-31.79594,115.95539,,Y,Y,Y,Y,Y,,Y,,,,
2026,TPG,6068004,-31.82648,115.96046,,Y,Y,Y,Y,Y,,Y,,,,
2026,TPG,6069001,-31.78845,116.00107,,Y,Y,Y,Y,Y,,Y,,,,
2026,TPG,6069002,-31.77838,116.02421,,Y,Y,Y,Y,Y,,Y,,,,
2026,TPG,6069007,-31.75269,116.02516,,Y,Y,Y,Y,Y,,Y,,,,
2026,TPG,6069012,-31.77466,115.99771,,Y,Y,Y,Y,Y,,Y,,,,
2026,TPG,6069014,-31.7817,115.96994,,Y,Y,Y,Y,Y,,Y,,,,
2026,TPG,6069015,-31.76711,115.98472,,Y,Y,Y,Y,Y,,Y,,,,
2026,TPG,6070001,-31.90567,116.08521,,Y,Y,Y,Y,Y,,Y,,,,
2026,TPG,6073001,-31.90989,116.14841,,Y,Y,Y,Y,Y,,Y,,,,
2026,TPG,6073002,-31.90725,116.18288,,Y,Y,Y,Y,Y,,Y,,,,
2026,TPG,6074001,-31.90213,116.219,,Y,Y,Y,,,,,,,,
2026,TPG,6076001,-31.9782,116.06197,,Y,Y,Y,Y,Y,,Y,,,,
2026,TPG,6076002,-32.01073,116.08452,,Y,Y,Y,,,,,,,,
2026,TPG,6076003,-31.99304,116.07072,,Y,Y,Y,Y,Y,,Y,,,,
2026,TPG,6076004,-32.00013,116.05389,,Y,Y,,,,,,,,,
2026,TPG,6076009,-32.01255,116.06176,,Y,Y,Y,Y,Y,,Y,,,,
2026,TPG,6076010,-31.97293,116.05851,,Y,Y,Y,Y,Y,,Y,,,,
2026,TPG,6084003,-31.65361,116.05199,,Y,Y,Y,Y,Y,,Y,,,,
2026,TPG,6084004,-31.7066,116.03333,,Y,Y,Y,Y,Y,,Y,,,,
2026,TPG,6084011,-31.6604,115.94403,,Y,Y,,,,,,,,,
2026,TPG,6090002,-31.84909,115.88924,,Y,Y,Y,Y,Y,,Y,,,,
2026,TPG,6090005,-31.86229,115.88419,,Y,Y,Y,Y,Y,,Y,,,,
2026,TPG,6090007,-31.86126,115.90748,,Y,Y,Y,Y,Y,,Y,,,,
2026,TPG,6100001,-31.97248,115.90654,,Y,Y,Y,,,,,,,,
2026,TPG,6100002,-31.96094,115.89384,,,Y,Y,,Y,,,,,,
2026,TPG,6100002,-31.96094,115.89384,,Y,Y,Y,Y,Y,,Y,,,,
2026,TPG,6100003,-31.98538,115.90304,,Y,Y,Y,Y,Y,,Y,,,,
2026,TPG,6100006,-31.97185,115.89615,,Y,Y,Y,,,,,,,,
2026,TPG,6100007,-31.94958,115.893,,Y,Y,Y,Y,Y,,Y,,,,
2026,TPG,6100013,-31.9776,115.89225,,Y,Y,Y,Y,Y,,Y,,,,
2026,TPG,6100016,-31.9590722,115.8938534,,Y,Y,Y,Y,Y,,,,,,
2026,TPG,6100018,-31.95118,115.88902,,Y,Y,Y,Y,Y,,,,,,
2026,TPG,6100019,-31.95403,115.88954,,Y,Y,Y,,,,,,,,
2026,TPG,6101001,-31.99121,115.89815,,Y,Y,Y,Y,Y,,Y,,,,
2026,TPG,6101002,-31.99039,115.91645,,Y,Y,Y,Y,Y,,Y,,,,
2026,TPG,6101003,-31.98261,115.93013,,Y,Y,Y,Y,Y,,Y,,,,
2026,TPG,6101006,-31.98059,115.92456,,Y,Y,Y,Y,Y,,Y,,,,
2026,TPG,6102001,-32.01244,115.89028,,Y,Y,Y,Y,Y,,Y,,,,
2026,TPG,6102002,-32.00546,115.92786,,Y,Y,Y,Y,Y,,Y,,,,
2026,TPG,6102003,-31.99921,115.92699,,Y,Y,Y,Y,Y,,Y,,,,
2026,TPG,6102004,-32.00562,115.8944,,Y,Y,Y,Y,Y,,Y,,,,
2026,TPG,6102007,-31.99862,115.9159,,Y,Y,Y,Y,Y,,Y,,,,
2026,TPG,6102010,-32.00725,115.90689,,Y,Y,Y,Y,Y,,Y,,,,
2026,TPG,6104002,-31.95537,115.95602,,Y,Y,Y,Y,Y,,Y,,,,
2026,TPG,6104003,-31.94247,115.92753,,Y,Y,Y,Y,Y,,Y,,,,
2026,TPG,6104006,-31.95803,115.92936,,Y,Y,Y,Y,Y,,Y,,,,
2026,TPG,6104007,-31.95182,115.91811,,Y,Y,Y,Y,Y,,Y,,,,
2026,TPG,6104009,-31.93365,115.91763,,Y,Y,Y,Y,Y,,Y,,,,
2026,TPG,6104011,-31.93378,115.9386,,Y,Y,Y,Y,Y,,Y,,,,
2026,TPG,6104015,-31.93163,115.95669,,Y,Y,Y,Y,Y,,Y,,,,
2026,TPG,6104016,-31.9373,115.92258,,Y,Y,Y,,,,,,,,
2026,TPG,6104021,-31.94626,115.9398,,Y,Y,Y,,,,,,,,
2026,TPG,6105001,-31.97528,115.94957,,Y,Y,Y,Y,Y,,Y,,,,
2026,TPG,6105002,-31.99082,115.98067,,Y,Y,Y,Y,Y,,Y,,,,
2026,TPG,6105003,-31.97929,115.96673,,Y,Y,Y,Y,Y,,Y,,,,
2026,TPG,6105005,-31.941135,115.974236,,Y,Y,Y,Y,Y,,,,,,
2026,TPG,6105005,-31.941,115.97384,,Y,Y,Y,Y,Y,,,,,,
2026,TPG,6105007,-31.96712,115.93347,,Y,Y,Y,Y,Y,,Y,,,,
2026,TPG,6105008,-31.95053,115.98598,,Y,Y,Y,,,,,,,,
2026,TPG,6105010,-31.96472,115.93521,,Y,Y,,Y,Y,,,,,,
2026,TPG,6105011,-31.9772,115.96065,,Y,Y,Y,Y,Y,,Y,,,,
2026,TPG,6105018,-31.93474,115.96029,,Y,Y,Y,Y,Y,,,,,,
2026,TPG,6105028,-31.93378,115.96062,,Y,Y,Y,Y,Y,,,,,,
2026,TPG,6106001,-31.99598,115.96064,,Y,Y,Y,Y,Y,,Y,,,,
2026,TPG,6106002,-31.99371,115.93184,,Y,Y,Y,Y,Y,,Y,,,,
2026,TPG,6106003,-32.00107,115.97145,,Y,Y,Y,Y,Y,,Y,,,,
2026,TPG,6106004,-31.99211,115.95593,,Y,Y,Y,Y,Y,,Y,,,,
2026,TPG,6106009,-31.98679,115.94872,,Y,Y,Y,Y,Y,,Y,,,,
2026,TPG,6107003,-32.01984,115.94298,,Y,Y,Y,Y,Y,,Y,,,,
2026,TPG,6107004,-32.02238,115.971,,Y,Y,Y,Y,Y,,Y,,,,
2026,TPG,6107005,-32.018483,115.937299,,Y,Y,Y,Y,Y,,Y,,,,
2026,TPG,6107010,-32.0155,115.9263,,Y,Y,Y,Y,Y,,Y,,,,
2026,TPG,6107016,-32.00248,115.94309,,Y,Y,Y,Y,Y,,Y,,,,
2026,TPG,6107018,-32.01771,115.99912,,Y,Y,Y,Y,Y,,Y,,,,
2026,TPG,6107020,-32.04103,115.97253,,Y,Y,Y,Y,Y,,Y,,,,
2026,TPG,6108001,-32.05941,115.95505,,Y,Y,Y,Y,Y,,Y,,,,
2026,TPG,6108002,-32.0683,115.95078,,Y,Y,Y,Y,Y,,Y,,,,
2026,TPG,6108003,-32.05706,115.96298,,Y,Y,Y,Y,Y,,Y,,,,
2026,TPG,6108004,-32.04694,115.94319,,Y,Y,Y,Y,Y,,Y,,,,
2026,TPG,6109002,-32.04056,116.0015,,Y,Y,Y,Y,Y,,Y,,,,
2026,TPG,6109008,-32.054306,115.977675,,Y,Y,,Y,Y,,,,,,
2026,TPG,6109009,-32.04792,115.98314,,Y,Y,Y,Y,Y,,Y,,,,
2026,TPG,6110001,-32.09342,115.96337,,Y,Y,Y,Y,Y,,,,,,
2026,TPG,6110005,-32.08296,116.01149,,Y,Y,Y,Y,Y,,Y,,,,
2026,TPG,6110006,-32.09557,116.00657,,Y,Y,Y,Y,Y,,Y,,,,
2026,TPG,6110007,-32.07093,115.99634,,Y,Y,Y,Y,Y,,Y,,,,
2026,TPG,6110011,-32.0891,115.9422,,Y,Y,Y,Y,Y,,Y,,,,
2026,TPG,6110013,-32.08199,115.96766,,Y,Y,Y,Y,Y,,Y,,,,
2026,TPG,6111002,-32.13232,116.00906,,Y,Y,Y,Y,Y,,Y,,,,
2026,TPG,6111003,-32.08579,116.11367,,Y,Y,,,,,,,,,
2026,TPG,6111005,-32.12234,115.98253,,Y,Y,Y,Y,Y,,Y,,,,
2026,TPG,6111008,-32.109,116.07405,,Y,Y,Y,Y,Y,,Y,,,,
2026,TPG,6111009,-32.13016,116.00391,,Y,Y,Y,Y,Y,,Y,,,,
2026,TPG,6111012,-32.11306,116.01366,,Y,Y,Y,Y,Y,,Y,,,,
2026,TPG,6112001,-32.15335,116.01428,,Y,Y,Y,Y,Y,,Y,,,,
2026,TPG,6112005,-32.17012,116.01399,,Y,Y,Y,Y,Y,,Y,,,,
2026,TPG,6112008,-32.16725,116.02528,,Y,Y,Y,,,,,,,,
2026,TPG,6112009,-32.11638,115.94805,,Y,Y,Y,Y,Y,,Y,,,,
2026,TPG,6112012,-32.14484,115.97152,,Y,Y,Y,Y,Y,,Y,,,,
2026,TPG,6112015,-32.15086,115.92148,,Y,Y,Y,Y,Y,,Y,,,,
2026,TPG,6112017,-32.19291,115.97139,,Y,Y,Y,Y,Y,,Y,,,,
2026,TPG,6112019,-32.16932,115.95874,,Y,Y,Y,Y,Y,,Y,,,,
2026,TPG,6112021,-32.12698,115.92687,,Y,Y,Y,Y,Y,,Y,,,,
2026,TPG,6121001,-32.21007,115.92491,,Y,Y,Y,,,,,,,,
2026,TPG,6124001,-32.34566,116.07508,,Y,Y,Y,,,,,,,,
2026,TPG,6125004,-32.36406,115.96961,,Y,Y,Y,Y,Y,,Y,,,,
2026,TPG,6126001,-32.41442,115.99865,,Y,Y,Y,,,,,,,,
2026,TPG,6147005,-32.05408,115.91368,,Y,Y,Y,Y,Y,,Y,,,,
2026,TPG,6148002,-32.03817,115.89921,,Y,Y,Y,Y,Y,,Y,,,,
2026,TPG,6148003,-32.0338,115.92616,,Y,Y,Y,Y,Y,,Y,,,,
2026,TPG,6149001,-32.05705,115.85682,,Y,Y,Y,Y,Y,,Y,,,,
2026,TPG,6149002,-32.07989,115.84446,,Y,Y,Y,Y,Y,,Y,,,,
2026,TPG,6149004,-32.06557,115.85662,,Y,Y,Y,Y,Y,,Y,,,,
2026,TPG,6149005,-32.07255,115.86827,,Y,Y,Y,Y,Y,,Y,,,,
2026,TPG,6150001,-32.04662,115.85327,,Y,Y,Y,Y,Y,,Y,,,,
2026,TPG,6150002,-32.06765,115.84498,,Y,Y,Y,,,,,,,,
2026,TPG,6150004,-32.05834,115.83229,,Y,Y,Y,Y,Y,,Y,,,,
2026,TPG,6150006,-32.070617,115.845501,,Y,Y,Y,Y,Y,,,,,,
2026,TPG,6151001,-31.97217,115.85319,,Y,Y,Y,Y,Y,,Y,,,,
2026,TPG,6151002,-31.97788,115.87934,,Y,Y,Y,Y,Y,,Y,,,,
2026,TPG,6151003,-31.97749,115.84921,,Y,Y,Y,,,,,,,,
2026,TPG,6151004,-31.9858,115.85255,,Y,Y,Y,Y,Y,,,,,,
2026,TPG,6151005,-31.98089,115.86257,,Y,Y,Y,Y,Y,,Y,,,,
2026,TPG,6151006,-31.96711,115.84672,,,Y,Y,,,,,,,,
2026,TPG,6151010,-31.97566,115.87159,,Y,Y,Y,Y,Y,,Y,,,,
2026,TPG,6152001,-32.00935,115.85564,,Y,Y,Y,Y,Y,,Y,,,,
2026,TPG,6152002,-31.98777,115.86673,,Y,Y,Y,Y,Y,,Y,,,,
2026,TPG,6152004,-32.00306,115.88232,,Y,Y,Y,,,,,,,,
2026,TPG,6152008,-31.9967,115.86455,,Y,Y,Y,Y,Y,,Y,,,,
2026,TPG,6152013,-32.01541,115.86806,,Y,Y,Y,Y,Y,,Y,,,,
2026,TPG,6153004,-32.01275,115.84731,,Y,Y,Y,Y,Y,,Y,,,,
2026,TPG,6153005,-32.02153,115.83525,,Y,Y,Y,Y,Y,,Y,,,,
2026,TPG,6154001,-32.034216,115.835238,,Y,Y,,,Y,,,,,,
2026,TPG,6154001,-32.03438,115.83546,,Y,Y,Y,Y,Y,,,,,,
2026,TPG,6154002,-32.04409,115.82309,,Y,Y,Y,Y,Y,,Y,,,,
2026,TPG,6154003,-32.03175,115.81368,,Y,Y,Y,,,,,,,,
2026,TPG,6155001,-32.05682,115.87926,,Y,Y,Y,Y,Y,,Y,,,,
2026,TPG,6155004,-32.10377,115.91763,,Y,Y,Y,Y,Y,,Y,,,,
2026,TPG,6155006,-32.0679,115.91288,,Y,Y,Y,Y,Y,,Y,,,,
2026,TPG,6155008,-32.07582,115.89713,,Y,Y,Y,Y,Y,,Y,,,,
2026,TPG,6155010,-32.05921,115.92606,,Y,Y,Y,Y,Y,,Y,,,,
2026,TPG,6155013,-32.04122,115.88174,,Y,Y,Y,Y,Y,,Y,,,,
2026,TPG,6155015,-32.08697,115.91697,,Y,Y,Y,Y,Y,,Y,,,,
2026,TPG,6155020,-32.06219,115.90127,,Y,Y,Y,,,,,,,,
2026,TPG,6156001,-32.0383,115.79605,,Y,Y,Y,Y,Y,,Y,Y,,,
2026,TPG,6157001,-32.05071,115.7916,,Y,Y,Y,Y,Y,,Y,,,,
2026,TPG,6157004,-32.03395,115.79117,,Y,Y,Y,Y,Y,,Y,,,,
2026,TPG,6158001,-32.04069,115.76272,,Y,Y,Y,,,,,,,,
2026,TPG,6159001,-32.03286,115.75161,,,,Y,,,,,,,,
2026,TPG,6160001,-32.05503,115.75835,,Y,Y,Y,Y,Y,,Y,,,,
2026,TPG,6160002,-32.05432,115.74139,,Y,Y,Y,,,,,,,,
2026,TPG,6160003,-32.05832,115.75134,,Y,Y,Y,Y,Y,,Y,,,,
2026,TPG,6160007,-32.05276,115.76296,,Y,Y,Y,Y,Y,,Y,,,,
2026,TPG,6160009,-32.05452,115.74919,,Y,Y,Y,Y,Y,,Y,,,,
2026,TPG,6161001,-31.99401,115.52834,,Y,,,,,,,,,,
2026,TPG,6161006,-31.9979,115.5392,,Y,Y,Y,Y,Y,,Y,,,,
2026,TPG,6162004,-32.06749,115.77472,,Y,Y,Y,Y,Y,,Y,,,,
2026,TPG,6162005,-32.07167,115.75898,,Y,Y,Y,Y,Y,,Y,,,,
2026,TPG,6162006,-31.84121,115.76336,,Y,Y,Y,Y,Y,,Y,,,,
2026,TPG,6163004,-32.09654,115.79994,,Y,Y,Y,Y,Y,,Y,,,,
2026,TPG,6163005,-32.05952,115.7852,,Y,Y,Y,Y,Y,,Y,,,,
2026,TPG,6163006,-32.08244,115.76322,,Y,Y,Y,Y,Y,,Y,,,,
2026,TPG,6163007,-32.0817,115.79962,,Y,Y,Y,,,,,,,,
2026,TPG,6163008,-32.06723,115.81597,,Y,Y,Y,Y,Y,,Y,,,,
2026,TPG,6163009,-32.09325,115.81877,,Y,Y,Y,,,,,,,,
2026,TPG,6163011,-32.0914,115.76472,,Y,Y,Y,Y,Y,,Y,,,,
2026,TPG,6163012,-32.05933,115.80179,,Y,Y,Y,Y,Y,,Y,,,,
2026,TPG,6163014,-32.09528,115.76133,,Y,Y,Y,Y,Y,,Y,,,,
2026,TPG,6163016,-32.09505,115.84446,,Y,,,,,,,,,,
2026,TPG,6163017,-32.09482,115.7837,,Y,Y,Y,Y,Y,,Y,,,,
2026,TPG,6163023,-32.10421,115.78046,,Y,Y,Y,Y,Y,,Y,,,,
2026,TPG,6163027,-32.07324,115.79083,,Y,Y,Y,Y,Y,,Y,,,,
2026,TPG,6164001,-32.08327,115.87658,,Y,Y,Y,Y,Y,,Y,,,,
2026,TPG,6164004,-32.16856,115.85717,,Y,Y,Y,Y,Y,,Y,,,,
2026,TPG,6164005,-32.14599,115.85054,,Y,Y,Y,Y,Y,,Y,,,,
2026,TPG,6164006,-32.11425,115.80883,,Y,Y,Y,Y,Y,,Y,,,,
2026,TPG,6164008,-32.1173,115.79515,,Y,Y,Y,Y,Y,,Y,,,,
2026,TPG,6164010,-32.12553,115.8594,,Y,Y,Y,Y,Y,,Y,,,,
2026,TPG,6164011,-32.11752,115.85613,,Y,Y,,,,,,,,,
2026,TPG,6164014,-32.12052,115.84177,,Y,Y,Y,Y,Y,,Y,,,,
2026,TPG,6164018,-32.132079,115.857472,,Y,Y,,,Y,,Y,,,,
2026,TPG,6164024,-32.14065,115.87446,,Y,Y,Y,Y,Y,,Y,,,,
2026,TPG,6164027,-32.13775,115.80579,,Y,Y,Y,Y,Y,,Y,,,,
2026,TPG,6165001,-32.1965,115.78314,,Y,Y,Y,Y,Y,,Y,,,,
2026,TPG,6166003,-32.15359,115.81027,,Y,Y,Y,Y,Y,,Y,,,,
2026,TPG,6166004,-32.14439,115.77163,,Y,Y,Y,Y,Y,,Y,,,,
2026,TPG,6166009,-32.17821,115.81131,,Y,Y,Y,Y,Y,,Y,,,,
2026,TPG,6167001,-32.23708,115.85172,,Y,Y,Y,Y,Y,,Y,,,,
2026,TPG,6167002,-32.20855,115.86878,,Y,Y,Y,Y,Y,,Y,,,,
2026,TPG,6167003,-32.24112,115.80088,,Y,Y,Y,Y,Y,,Y,,,,
2026,TPG,6167007,-32.18096,115.84776,,Y,Y,Y,Y,Y,,Y,,,,
2026,TPG,6167009,-32.22161,115.78888,,Y,Y,Y,Y,Y,,Y,,,,
2026,TPG,6167011,-32.22105,115.82664,,Y,Y,Y,Y,Y,,Y,,,,
2026,TPG,6167015,-32.25855,115.86361,,Y,Y,Y,Y,Y,,Y,,,,
2026,TPG,6167016,-32.22765,115.84765,,Y,Y,Y,Y,Y,,Y,,,,
2026,TPG,6167018,-32.24446,115.81575,,Y,Y,Y,,,,,,,,
2026,TPG,6168001,-32.28842,115.74597,,Y,Y,Y,Y,Y,,Y,,,,
2026,TPG,6168002,-32.29818,115.77474,,Y,Y,Y,Y,Y,,Y,,,,
2026,TPG,6168003,-32.22045,115.68506,,Y,Y,Y,,,,,,,,
2026,TPG,6168004,-32.27297,115.69493,,Y,Y,,,,,,,,,
2026,TPG,6168005,-32.25047,115.76887,,Y,Y,Y,Y,,,Y,,,,
2026,TPG,6168006,-32.274,115.76967,,Y,Y,Y,Y,Y,,Y,,,,
2026,TPG,6168007,-32.27535,115.73043,,Y,Y,Y,Y,Y,,Y,Y,,,
2026,TPG,6168008,-32.29097,115.77084,,Y,Y,Y,,Y,,,,,,
2026,TPG,6168009,-32.289627,115.743969,,Y,Y,Y,Y,Y,,Y,,,,
2026,TPG,6169001,-32.34679,115.76198,,Y,Y,Y,Y,Y,,Y,,,,
2026,TPG,6169003,-32.31385,115.75342,,Y,Y,Y,Y,Y,,Y,,,,
2026,TPG,6169004,-32.29314,115.7104,,Y,Y,Y,Y,Y,,Y,,,,
2026,TPG,6169005,-32.33018,115.75215,,Y,Y,Y,Y,Y,,Y,,,,
2026,TPG,6170001,-32.26513,115.81648,,Y,Y,Y,Y,Y,,Y,,,,
2026,TPG,6171001,-32.32046,115.80112,,Y,Y,Y,Y,Y,,Y,,,,
2026,TPG,6171003,-32.37706,115.81478,,Y,Y,Y,Y,Y,,,,,,
2026,TPG,6171005,-32.33285,115.81813,,Y,Y,Y,Y,Y,,Y,,,,
2026,TPG,6171010,-32.332488,115.814589,,Y,Y,,Y,Y,,,,,,
2026,TPG,6171014,-32.29572,115.81965,,Y,Y,Y,Y,Y,,Y,,,,
2026,TPG,6171016,-32.29248,115.86047,,Y,Y,Y,Y,Y,,Y,,,,
2026,TPG,6172001,-32.36681,115.76035,,Y,Y,Y,Y,Y,,Y,,,,
2026,TPG,6172002,-32.38847,115.76878,,Y,Y,Y,,,,,,,,
2026,TPG,6173001,-32.40759,115.75817,,Y,Y,Y,,,,,,,,
2026,TPG,6174001,-32.43182,115.76739,,Y,Y,Y,Y,Y,,Y,,,,
2026,TPG,6176001,-32.42524,115.80838,,Y,Y,Y,,,,,,,,
2026,TPG,6181001,-32.46985,115.78813,,Y,Y,Y,Y,Y,,Y,,,,
2026,TPG,6201001,-32.22858,116.01036,,Y,Y,Y,Y,Y,,Y,,,,
2026,TPG,6204001,-32.3109,115.99872,,Y,Y,,,,,,,,,
2026,TPG,6208001,-32.62037,115.85786,,Y,Y,Y,Y,Y,,Y,,,,
2026,TPG,6208005,-32.57138,115.78638,,Y,Y,Y,Y,Y,,Y,,,,
2026,TPG,6208009,-32.66859,115.77269,,Y,Y,Y,Y,Y,,,,,,
2026,TPG,6208013,-32.5894,115.82152,,Y,Y,Y,Y,Y,,Y,,,,
2026,TPG,6210001,-32.50719,115.76103,,Y,Y,Y,Y,Y,,Y,,,,
2026,TPG,6210003,-32.53805,115.69816,,Y,Y,Y,Y,Y,,Y,,,,
2026,TPG,6210006,-32.53395,115.72453,,Y,Y,Y,Y,Y,,Y,,,,
2026,TPG,6210007,-32.48488,115.74848,,Y,Y,,,,,,,,,
2026,TPG,6210008,-32.6156,115.63922,,Y,Y,Y,Y,Y,,Y,,,,
2026,TPG,6210010,-32.66865,115.6444,,Y,Y,,,,,,,,,
2026,TPG,6210011,-32.51568,115.75256,,Y,Y,Y,Y,Y,,Y,,,,
2026,TPG,6210013,-32.5359,115.79431,,Y,Y,,,,,,,,,
2026,TPG,6210021,-32.52908,115.74111,,Y,Y,Y,Y,Y,,Y,,,,
2026,TPG,6210022,-32.58528,115.65908,,Y,Y,Y,Y,Y,,Y,,,,
2026,TPG,6210024,-32.5502,115.70296,,Y,Y,Y,Y,Y,,Y,,,,
2026,TPG,6210026,-32.53499,115.74111,,Y,Y,Y,Y,Y,,,,,,
2026,TPG,6210027,-32.54833,115.7767,,Y,Y,,,,,,,,,
2026,TPG,6210028,-32.56632,115.68307,,Y,Y,Y,Y,Y,,Y,,,,
2026,TPG,6210030,-32.52495,115.72187,,Y,Y,Y,Y,Y,,Y,,,,
2026,TPG,6210032,-32.53409,115.76107,,Y,Y,Y,Y,Y,,Y,,,,
2026,TPG,6210036,-32.55666,115.74602,,Y,Y,Y,Y,Y,,Y,,,,
2026,TPG,6211002,-32.74412,115.67473,,Y,Y,Y,Y,Y,,Y,,,,
2026,TPG,6214002,-32.74393,115.7546,,Y,Y,Y,Y,Y,,Y,,,,
2026,TPG,6215004,-32.87508,115.70784,,Y,Y,Y,Y,,,Y,,,,
2026,TPG,6215006,-32.81807,115.70387,,Y,Y,Y,,,,,,,,
2026,TPG,6229001,-33.34681,115.69653,,Y,Y,Y,Y,,,Y,,,,
2026,TPG,6230002,-33.44321,115.62482,,Y,Y,Y,Y,,,Y,,,,
2026,TPG,6230004,-33.32011,115.65251,,Y,Y,Y,Y,,,,,,,
2026,TPG,6230005,-33.34839,115.62921,,Y,,Y,,,,,,,,
2026,TPG,6230006,-33.37158,115.65235,,Y,Y,Y,Y,,,Y,,,,
2026,TPG,6230007,-33.39133,115.61105,,Y,Y,Y,Y,,,Y,,,,
2026,TPG,6230011,-33.34046,115.6506,,Y,Y,Y,Y,,,Y,,,,
2026,TPG,6230015,-33.41051,115.65305,,Y,Y,Y,Y,,,Y,,,,
2026,TPG,6232001,-33.32554,115.72074,,Y,Y,Y,Y,,,Y,,,,
2026,TPG,6233001,-33.27995,115.72093,,Y,Y,Y,Y,,,Y,,,,
2026,TPG,6233005,-33.23664,115.74615,,Y,,Y,,,,,,,,
2026,TPG,6255001,-33.96555,116.14219,,Y,,,,,,,,,,
2026,TPG,6258001,-34.46074,116.22496,,Y,,,,,,,,Y,Federal Mobile Black Spot Program (MBSP),1
2026,TPG,6258002,-34.25478,116.14808,,Y,,,,,,,,,,
2026,TPG,6260001,-34.44747,116.04296,,Y,,,,,,,,,,
2026,TPG,6302001,-31.90707,116.05946,,Y,Y,Y,Y,Y,,Y,,,,
2026,TPG,6424005,-31.36444,118.88267,,Y,,,,,,,,Y,Federal Mobile Black Spot Program (MBSP),1
2026,TPG,7000001,-42.88287,147.32845,,Y,Y,Y,Y,,,Y,,,,
2026,TPG,7000004,-42.88088,147.33329,,Y,Y,Y,Y,,,Y,,,,
2026,TPG,7000005,-42.83665,147.50134,,Y,Y,Y,Y,,,Y,,,,
2026,TPG,7000010,-42.88667,147.32724,,Y,Y,Y,Y,,,Y,,,,
2026,TPG,7000011,-42.88016,147.32806,,Y,Y,Y,Y,,,Y,,,,
2026,TPG,7000014,-42.88191,147.32539,,Y,Y,Y,Y,,,Y,,,,
2026,TPG,7000020,-42.87977,147.3043,,Y,Y,Y,Y,,,Y,,,,
2026,TPG,7004003,-42.89619,147.28853,,Y,Y,Y,,,,,,,,
2026,TPG,7005001,-42.91058,147.35453,,Y,Y,Y,,,,,,,,
2026,TPG,7005003,-42.90249,147.33738,,Y,Y,Y,Y,,,Y,,,,
2026,TPG,7007002,-42.91217,147.31502,,Y,Y,Y,,,,,,,,
2026,TPG,7008003,-42.85371,147.31366,,Y,Y,Y,,,,,,,,
2026,TPG,7009001,-42.85325,147.28417,,Y,Y,Y,Y,,,,,,,
2026,TPG,7009002,-42.84311,147.29551,,Y,Y,Y,Y,,,Y,,,,
2026,TPG,7010004,-42.82124,147.24112,,Y,Y,Y,Y,,,Y,,,,
2026,TPG,7010006,-42.83045,147.27781,,Y,Y,Y,Y,,,Y,,,,
2026,TPG,7011001,-42.79484,147.24816,,Y,Y,Y,Y,,,,,,,
2026,TPG,7011002,-42.77879,147.18791,,Y,Y,Y,Y,,,,,,,
2026,TPG,7011007,-42.77817,147.24512,,Y,Y,Y,,,,,,,,
2026,TPG,7015001,-42.84341,147.34872,,Y,Y,Y,Y,,,Y,,,,
2026,TPG,7016001,-42.81868,147.34598,,Y,Y,,,,,,,,,
2026,TPG,7017002,-42.80146,147.29798,,Y,Y,Y,Y,,,Y,,,,
2026,TPG,7018001,-42.85642,147.38193,,Y,Y,Y,Y,,,,,,,
2026,TPG,7018002,-42.88255,147.41481,,Y,Y,Y,Y,,,,,,,
2026,TPG,7018007,-42.86541,147.37061,,Y,Y,Y,Y,,,Y,,,,
2026,TPG,7018011,-42.877457,147.373612,,Y,Y,,,,Y,,,,,
2026,TPG,7018011,-42.87823,147.37423,,Y,Y,Y,,,,,,,,
2026,TPG,7023001,-42.98786,147.41337,,Y,Y,Y,Y,,,,,,,
2026,TPG,7025001,-42.75193,147.43,,Y,Y,Y,Y,,,,,,,
2026,TPG,7030001,-42.61423,147.2218,,Y,Y,Y,Y,,,Y,,,,
2026,TPG,7030003,-42.71268,147.2032,,Y,Y,Y,Y,,,Y,,,,
2026,TPG,7030024,-42.3892,147.00262,,Y,,,,,,,,Y,Federal Mobile Black Spot Program (MBSP),1
2026,TPG,7030044,-42.20956,146.9281,,Y,,,,,,,,Y,Federal Mobile Black Spot Program (MBSP),1
2026,TPG,7050001,-42.98849,147.31369,,Y,Y,Y,Y,,,,,,,
2026,TPG,7050009,-42.97636,147.30954,,Y,Y,Y,Y,,,,,,,
2026,TPG,7050010,-42.97298,147.31802,,Y,Y,Y,Y,,,Y,,,,
2026,TPG,7054002,-42.91886,147.27809,,Y,Y,Y,,,,,,,,
2026,TPG,7054003,-43.05385,147.23929,,Y,Y,Y,,,,,,,,
2026,TPG,7112006,-43.26141,147.15207,,Y,,,,,,,,Y,Federal Mobile Black Spot Program (MBSP),1
2026,TPG,7140001,-42.78605,147.05256,,Y,Y,Y,Y,,,,,,,
2026,TPG,7140033,-42.30065,146.44366,,Y,,,,,,,,Y,Federal Mobile Black Spot Program (MBSP),1
2026,TPG,7140034,-42.3729,146.50844,,Y,,,,,,,,Y,Federal Mobile Black Spot Program (MBSP),1
2026,TPG,7140035,-42.56421,146.84556,,Y,,,,,,,,Y,Federal Mobile Black Spot Program (MBSP),1
2026,TPG,7170003,-42.84287,147.41754,,Y,Y,Y,Y,,,,,,,
2026,TPG,7170004,-42.89536,147.46762,,Y,Y,Y,Y,,,,,,,
2026,TPG,7170006,-42.86635,147.4578,,Y,Y,Y,Y,,,Y,,,,
2026,TPG,7170008,-42.83762,147.50583,,Y,Y,Y,Y,,,,,,,
2026,TPG,7172001,-42.76319,147.55608,,Y,Y,Y,Y,,,,,,,
2026,TPG,7173003,-42.86572,147.65116,,Y,Y,,,,,,,,,
2026,TPG,7190010,-42.35269,147.98167,,Y,,,,,,,,Y,Federal Mobile Black Spot Program (MBSP),1
2026,TPG,7190011,-42.60146,147.71886,,Y,,,,,,,,Y,Federal Mobile Black Spot Program (MBSP),1
2026,TPG,7190012,-42.52241,147.95066,,Y,,,,,,,,Y,Federal Mobile Black Spot Program (MBSP),1
2026,TPG,7190019,-42.15016,148.04392,,Y,,,,,,,,Y,Federal Mobile Black Spot Program (MBSP),1
2026,TPG,7215003,-41.88124,148.29615,,Y,,,,,,,,Y,Federal Mobile Black Spot Program (MBSP),1
2026,TPG,7216010,-41.25114,148.07136,,Y,,,,,,,,Y,Federal Mobile Black Spot Program (MBSP),1
2026,TPG,7216013,-41.28912,148.01639,,Y,,,,,,,,Y,Federal Mobile Black Spot Program (MBSP),1
2026,TPG,7325013,-41.15497,145.65425,,Y,,,,,,,,Y,Federal Mobile Black Spot Program (MBSP),1
2026,TPG,7325017,-41.14066,145.72671,,Y,,,,,,,,Y,Federal Mobile Black Spot Program (MBSP),2
